transcript_name,Chrom,Position,RSID,,Reference,Alternate,amino_acid_change,Ptein Consequence,Transcript Consequence,Annotation,effect,Allele Number,Number of Homozygotes,Allele Frequency,Allele Count African,Allele Number African,Homozygote Count African,Allele Count East Asian,Allele Number East Asian,Homozygote Count East Asian,Allele Count European (Non-Finnish),Allele Number European (Non-Finnish),Homozygote Count European (Non-Finnish),Allele Count Finnish,Allele Number Finnish,Homozygote Count Finnish,Allele Count Latino,Allele Number Latino,Homozygote Count Latino,Allele Count Other,Allele Number Other,Homozygote Count Other,Allele Count South Asian,Allele Number South Asian,Homozygote_Count South Asian
ENST00000237596,4,88928968,rs1805044,ENSP00000237596,G,C,p.R28P,p.R28P,c.83G>C,missense,12,78,1,0.1538,0,0,0,0,0,0,0,0,0,0,0,0,0,0,0,0,2,0,12,76,1
ENST00000237596,4,88929047,.,ENSP00000237596,C,G,p.I54M,p.I54M,c.162C>G,missense,2,2944,0,0.0006793,0,56,0,0,80,0,0,548,0,0,0,0,0,26,0,0,34,0,2,2200,0
ENST00000237596,4,88929081,.,ENSP00000237596,G,C,p.D66H,p.D66H,c.196G>C,missense,1,9610,0,0.0001041,0,192,0,0,124,0,0,2338,0,0,0,0,0,92,0,0,116,0,1,6748,0
ENST00000237596,4,88929115,.,ENSP00000237596,C,G,p.P77R,p.P77R,c.230C>G,missense,1,10922,0,0.00009156,0,248,0,0,140,0,0,2802,0,0,0,0,0,118,0,0,122,0,1,7492,0
ENST00000237596,4,88929124,.,ENSP00000237596,C,G,p.S80W,p.S80W,c.239C>G,missense,1,11136,0,0.0000898,0,280,0,0,152,0,0,2940,0,0,0,0,1,124,0,0,124,0,0,7516,0
ENST00000237596,4,88929171,.,ENSP00000237596,G,A,p.A96T,p.A96T,c.286G>A,missense,1,11924,0,0.00008386,0,462,0,0,172,0,0,3404,0,0,10,0,0,162,0,0,130,0,1,7584,0
ENST00000237596,4,88929241,.,ENSP00000237596,G,T,p.R119L,p.R119L,c.356G>T,missense,1,11920,0,0.00008389,0,460,0,0,178,0,0,3410,0,0,0,0,0,154,0,0,132,0,1,7586,0
ENST00000237596,4,88929246,.,ENSP00000237596,G,T,p.G121C,p.G121C,c.361G>T,missense,2,11846,0,0.0001688,0,440,0,1,180,0,0,3368,0,0,0,0,0,148,0,0,132,0,1,7578,0
ENST00000237596,4,88929268,.,ENSP00000237596,C,T,p.S128F,p.S128F,c.383C>T,missense,1,11586,0,0.00008631,0,386,0,0,170,0,0,3204,0,0,0,0,0,140,0,0,130,0,1,7556,0
ENST00000237596,4,88929304,.,ENSP00000237596,G,A,p.G140E,p.G140E,c.419G>A,missense,2,10580,0,0.000189,0,204,0,0,128,0,0,2690,0,0,0,0,0,94,0,0,120,0,2,7344,0
ENST00000237596,4,88929403,.,ENSP00000237596,C,G,p.P173R,p.P173R,c.518C>G,missense,1,6236,0,0.0001604,0,118,0,0,112,0,0,1270,0,0,0,0,0,62,0,0,56,0,1,4618,0
ENST00000237596,4,88929453,rs117078377,ENSP00000237596,G,A,p.A190T,p.A190T,c.568G>A,missense,645,10198,34,0.06325,4,182,0,58,130,13,72,2494,2,0,0,0,5,90,0,9,116,0,497,7186,19
ENST00000237596,4,88929471,.,ENSP00000237596,G,C,p.G196R,p.G196R,c.586G>C,missense,2,10216,0,0.0001958,0,182,0,0,128,0,0,2492,0,0,0,0,0,90,0,0,116,0,2,7208,0
ENST00000237596,4,88940621,.,ENSP00000237596,A,G,p.T203A,p.T203A,c.607A>G,missense,1,117328,0,0.000008523,0,10054,0,0,8500,0,1,63826,0,0,6540,0,0,11430,0,0,894,0,0,16084,0
ENST00000237596,4,88940622,.,ENSP00000237596,C,T,p.T203I,p.T203I,c.608C>T,missense,1,117536,0,0.000008508,0,10074,0,0,8512,0,0,63970,0,0,6546,0,1,11438,0,0,896,0,0,16100,0
ENST00000237596,4,88940630,.,ENSP00000237596,A,G,p.M206V,p.M206V,c.616A>G,missense,1,119030,0,0.000008401,0,10226,0,1,8596,0,0,64956,0,0,6576,0,0,11492,0,0,904,0,0,16280,0
ENST00000237596,4,88940631,.,ENSP00000237596,T,C,p.M206T,p.M206T,c.617T>C,missense,1,119160,0,0.000008392,1,10240,0,0,8600,0,0,65058,0,0,6576,0,0,11490,0,0,904,0,0,16292,0
ENST00000237596,4,88940645,.,ENSP00000237596,A,G,p.T211A,p.T211A,c.631A>G,missense,1,120196,0,0.00000832,0,10338,0,0,8634,0,1,65798,0,0,6582,0,0,11516,0,0,906,0,0,16422,0
ENST00000237596,4,88940646,.,ENSP00000237596,C,G,p.T211S,p.T211S,c.632C>G,missense,3,120228,0,0.00002495,0,10342,0,0,8636,0,3,65818,0,0,6582,0,0,11516,0,0,906,0,0,16428,0
ENST00000237596,4,88940652,.,ENSP00000237596,G,A,p.R213Q,p.R213Q,c.638G>A,missense,4,120472,0,0.0000332,0,10360,0,0,8640,0,2,66012,0,0,6582,0,0,11526,0,0,906,0,2,16446,0
ENST00000237596,4,88940672,.,ENSP00000237596,G,C,p.V220L,p.V220L,c.658G>C,missense,2,120608,0,0.00001658,2,10378,0,0,8640,0,0,66104,0,0,6590,0,0,11524,0,0,906,0,0,16466,0
ENST00000237596,4,88940678,.,ENSP00000237596,C,T,p.R222W,p.R222W,c.664C>T,missense,1,120550,0,0.000008295,0,10376,0,0,8638,0,0,66058,0,0,6586,0,0,11524,0,0,908,0,1,16460,0
ENST00000237596,4,88940681,.,ENSP00000237596,G,A,p.E223K,p.E223K,c.667G>A,missense,2,120518,0,0.0000166,0,10378,0,0,8638,0,2,66042,0,0,6584,0,0,11520,0,0,908,0,0,16448,0
ENST00000237596,4,88940682,.,ENSP00000237596,A,C,p.E223A,p.E223A,c.668A>C,missense,1,120498,0,0.000008299,0,10378,0,0,8638,0,1,66026,0,0,6584,0,0,11516,0,0,908,0,0,16448,0
ENST00000237596,4,88940699,.,ENSP00000237596,C,T,p.L229F,p.L229F,c.685C>T,missense,2,120060,0,0.00001666,0,10352,0,0,8632,0,2,65718,0,0,6566,0,0,11490,0,0,906,0,0,16396,0
ENST00000237596,4,88940720,.,ENSP00000237596,A,C,p.I236L,p.I236L,c.706A>C,missense,1,118034,0,0.000008472,1,10186,0,0,8526,0,0,64408,0,0,6520,0,0,11420,0,0,898,0,0,16076,0
ENST00000237596,4,88957373,.,ENSP00000237596,G,C,p.L237F,p.L237F,c.711G>C,missense,1,120350,0,0.000008309,0,10160,0,0,8608,0,1,66144,0,0,6612,0,0,11504,0,0,896,0,0,16426,0
ENST00000237596,4,88957374,rs145910596,ENSP00000237596,A,T,p.T238S,p.T238S,c.712A>T,missense,1,120354,0,0.000008309,0,10160,0,1,8610,0,0,66148,0,0,6612,0,0,11502,0,0,896,0,0,16426,0
ENST00000237596,4,88957377,.,ENSP00000237596,T,A,p.Y239N,p.Y239N,c.715T>A,missense,1,120370,0,0.000008308,0,10164,0,0,8610,0,0,66160,0,0,6612,0,1,11504,0,0,896,0,0,16424,0
ENST00000237596,4,88957380,.,ENSP00000237596,G,A,p.G240S,p.G240S,c.718G>A,missense,1,120404,0,0.000008305,0,10174,0,0,8610,0,1,66172,0,0,6612,0,0,11506,0,0,896,0,0,16434,0
ENST00000237596,4,88957383,.,ENSP00000237596,A,C,p.M241L,p.M241L,c.721A>C,missense,1,120446,0,0.000008302,0,10182,0,0,8610,0,1,66204,0,0,6612,0,0,11508,0,0,896,0,0,16434,0
ENST00000237596,4,88957383,.,ENSP00000237596,A,G,p.M241V,p.M241V,c.721A>G,missense,1,120446,0,0.000008302,0,10182,0,0,8610,0,1,66204,0,0,6612,0,0,11508,0,0,896,0,0,16434,0
ENST00000237596,4,88957386,.,ENSP00000237596,A,G,p.M242V,p.M242V,c.724A>G,missense,1,120466,0,0.000008301,0,10182,0,0,8612,0,1,66222,0,0,6612,0,0,11510,0,0,896,0,0,16432,0
ENST00000237596,4,88957391,.,ENSP00000237596,C,A,p.S243R,p.S243R,c.729C>A,missense,1,120518,0,0.000008298,0,10198,0,0,8616,0,0,66244,0,1,6612,0,0,11512,0,0,896,0,0,16440,0
ENST00000237596,4,88957395,.,ENSP00000237596,A,C,p.N245H,p.N245H,c.733A>C,missense,4,120562,0,0.00003318,4,10214,0,0,8616,0,0,66270,0,0,6612,0,0,11512,0,0,896,0,0,16442,0
ENST00000237596,4,88957396,.,ENSP00000237596,A,G,p.N245S,p.N245S,c.734A>G,missense,1,120576,0,0.000008294,0,10220,0,0,8616,0,0,66276,0,0,6612,0,0,11514,0,0,896,0,1,16442,0
ENST00000237596,4,88957398,.,ENSP00000237596,G,A,p.V246M,p.V246M,c.736G>A,missense,1,120584,0,0.000008293,0,10222,0,0,8616,0,1,66278,0,0,6612,0,0,11514,0,0,896,0,0,16446,0
ENST00000237596,4,88957405,.,ENSP00000237596,A,G,p.Y248C,p.Y248C,c.743A>G,missense,11,120686,0,0.00009115,1,10244,0,10,8618,0,0,66338,0,0,6612,0,0,11520,0,0,896,0,0,16458,0
ENST00000237596,4,88957413,.,ENSP00000237596,C,T,p.R251W,p.R251W,c.751C>T,missense,1,120816,0,0.000008277,0,10272,0,0,8622,0,0,66410,0,0,6612,0,1,11532,0,0,898,0,0,16470,0
ENST00000237596,4,88957414,rs147000344,ENSP00000237596,G,A,p.R251Q,p.R251Q,c.752G>A,missense,7,120854,0,0.00005792,4,10284,0,0,8626,0,2,66434,0,1,6612,0,0,11532,0,0,898,0,0,16468,0
ENST00000237596,4,88957426,.,ENSP00000237596,A,C,p.Q255P,p.Q255P,c.764A>C,missense,1,121010,0,0.000008264,0,10322,0,0,8636,0,1,66532,0,0,6612,0,0,11530,0,0,900,0,0,16478,0
ENST00000237596,4,88957438,.,ENSP00000237596,A,C,p.D259A,p.D259A,c.776A>C,missense,2,121124,0,0.00001651,0,10350,0,0,8642,0,2,66588,0,0,6612,0,0,11548,0,0,900,0,0,16484,0
ENST00000237596,4,88957438,.,ENSP00000237596,A,G,p.D259G,p.D259G,c.776A>G,missense,1,121124,0,0.000008256,0,10350,0,0,8642,0,1,66588,0,0,6612,0,0,11548,0,0,900,0,0,16484,0
ENST00000237596,4,88957441,.,ENSP00000237596,C,A,p.T260N,p.T260N,c.779C>A,missense,2,121146,0,0.00001651,0,10356,0,0,8644,0,1,66600,0,0,6612,0,0,11546,0,0,900,0,1,16488,0
ENST00000237596,4,88957446,rs138132026,ENSP00000237596,G,A,p.V262M,p.V262M,c.784G>A,missense,95,121188,3,0.0007839,2,10368,0,0,8646,0,56,66622,0,0,6612,0,6,11548,0,5,902,1,26,16490,2
ENST00000237596,4,88957447,.,ENSP00000237596,T,C,p.V262A,p.V262A,c.785T>C,missense,1,121216,0,0.00000825,0,10374,0,0,8646,0,0,66636,0,0,6612,0,0,11550,0,0,904,0,1,16494,0
ENST00000237596,4,88957456,.,ENSP00000237596,C,T,p.T265M,p.T265M,c.794C>T,missense,1,121256,0,0.000008247,1,10382,0,0,8652,0,0,66658,0,0,6610,0,0,11548,0,0,906,0,0,16500,0
ENST00000237596,4,88957462,.,ENSP00000237596,A,C,p.K267T,p.K267T,c.800A>C,missense,1,121282,0,0.000008245,0,10392,0,1,8650,0,0,66672,0,0,6610,0,0,11548,0,0,908,0,0,16502,0
ENST00000237596,4,88957465,.,ENSP00000237596,C,G,p.T268S,p.T268S,c.803C>G,missense,2,121296,0,0.00001649,0,10390,0,0,8650,0,0,66684,0,0,6610,0,2,11548,0,0,908,0,0,16506,0
ENST00000237596,4,88957488,.,ENSP00000237596,A,G,p.M276V,p.M276V,c.826A>G,missense,2,121278,0,0.00001649,0,10392,0,0,8636,0,2,66690,0,0,6612,0,0,11534,0,0,908,0,0,16506,0
ENST00000237596,4,88957491,.,ENSP00000237596,G,A,p.E277K,p.E277K,c.829G>A,missense,1,121250,0,0.000008247,0,10386,0,0,8630,0,0,66674,0,0,6612,0,0,11534,0,0,908,0,1,16506,0
ENST00000237596,4,88959424,.,ENSP00000237596,G,A,p.D289N,p.D289N,c.865G>A,missense,1,121300,0,0.000008244,0,10394,0,0,8644,0,0,66678,0,0,6614,0,0,11550,0,0,908,0,1,16512,0
ENST00000237596,4,88959439,.,ENSP00000237596,A,C,p.K294Q,p.K294Q,c.880A>C,missense,1,121312,0,0.000008243,0,10398,0,0,8644,0,1,66690,0,0,6614,0,0,11550,0,0,906,0,0,16510,0
ENST00000237596,4,88959451,.,ENSP00000237596,A,G,p.S298G,p.S298G,c.892A>G,missense,2,121314,0,0.00001649,0,10400,0,0,8640,0,2,66698,0,0,6614,0,0,11542,0,0,908,0,0,16512,0
ENST00000237596,4,88959457,rs142118986,ENSP00000237596,C,G,p.Q300E,p.Q300E,c.898C>G,missense,3,121320,0,0.00002473,3,10400,0,0,8642,0,0,66700,0,0,6614,0,0,11544,0,0,908,0,0,16512,0
ENST00000237596,4,88959458,.,ENSP00000237596,A,G,p.Q300R,p.Q300R,c.899A>G,missense,1,121322,0,0.000008243,0,10400,0,0,8642,0,1,66702,0,0,6614,0,0,11544,0,0,908,0,0,16512,0
ENST00000237596,4,88959460,.,ENSP00000237596,A,G,p.T301A,p.T301A,c.901A>G,missense,1,121316,0,0.000008243,0,10400,0,0,8642,0,1,66700,0,0,6614,0,0,11540,0,0,908,0,0,16512,0
ENST00000237596,4,88959467,.,ENSP00000237596,C,G,p.A303G,p.A303G,c.908C>G,missense,2,121318,0,0.00001649,0,10402,0,0,8642,0,2,66704,0,0,6614,0,0,11536,0,0,908,0,0,16512,0
ENST00000237596,4,88959470,.,ENSP00000237596,A,T,p.D304V,p.D304V,c.911A>T,missense,1,121324,0,0.000008242,0,10402,0,0,8642,0,1,66710,0,0,6614,0,0,11536,0,0,908,0,0,16512,0
ENST00000237596,4,88959478,.,ENSP00000237596,A,T,p.S307C,p.S307C,c.919A>T,missense,1,121326,0,0.000008242,0,10404,0,0,8640,0,0,66714,0,0,6614,0,0,11534,0,0,908,0,1,16512,0
ENST00000237596,4,88959490,.,ENSP00000237596,T,C,p.Y311H,p.Y311H,c.931T>C,missense,2,121330,0,0.00001648,0,10404,0,0,8642,0,2,66716,0,0,6614,0,0,11534,0,0,908,0,0,16512,0
ENST00000237596,4,88959520,.,ENSP00000237596,A,G,p.I321V,p.I321V,c.961A>G,missense,2,121328,0,0.00001648,0,10406,0,0,8642,0,2,66720,0,0,6614,0,0,11526,0,0,908,0,0,16512,0
ENST00000237596,4,88959524,rs145877597,ENSP00000237596,G,A,p.R322Q,p.R322Q,c.965G>A,missense,1,121324,0,0.000008242,0,10406,0,0,8640,0,1,66718,0,0,6614,0,0,11526,0,0,908,0,0,16512,0
ENST00000237596,4,88959543,.,ENSP00000237596,T,G,p.N328K,p.N328K,c.984T>G,missense,1,121328,0,0.000008242,0,10406,0,0,8646,0,0,66716,0,0,6614,0,1,11526,0,0,908,0,0,16512,0
ENST00000237596,4,88959553,.,ENSP00000237596,T,G,p.S332A,p.S332A,c.994T>G,missense,28,121332,0,0.0002308,0,10406,0,0,8644,0,28,66720,0,0,6614,0,0,11528,0,0,908,0,0,16512,0
ENST00000237596,4,88959554,.,ENSP00000237596,C,G,p.S332C,p.S332C,c.995C>G,missense,1,121324,0,0.000008242,0,10406,0,0,8642,0,1,66716,0,0,6614,0,0,11526,0,0,908,0,0,16512,0
ENST00000237596,4,88959623,.,ENSP00000237596,G,C,p.R355T,p.R355T,c.1064G>C,missense,1,121322,0,0.000008243,0,10396,0,0,8646,0,0,66720,0,0,6614,0,0,11526,0,0,908,0,1,16512,0
ENST00000237596,4,88959641,.,ENSP00000237596,G,A,p.R361Q,p.R361Q,c.1082G>A,missense,6,121282,0,0.00004947,1,10368,0,2,8646,0,1,66708,0,0,6614,0,2,11526,0,0,908,0,0,16512,0
ENST00000237596,4,88959650,.,ENSP00000237596,C,A,p.T364N,p.T364N,c.1091C>A,missense,1,121252,0,0.000008247,0,10356,0,0,8646,0,1,66694,0,0,6614,0,0,11522,0,0,908,0,0,16512,0
ENST00000237596,4,88959653,.,ENSP00000237596,C,T,p.A365V,p.A365V,c.1094C>T,missense,1,121242,0,0.000008248,0,10348,0,0,8646,0,0,66690,0,0,6614,0,1,11524,0,0,908,0,0,16512,0
ENST00000237596,4,88964399,.,ENSP00000237596,G,A,p.S370N,p.S370N,c.1109G>A,missense,1,119060,0,0.000008399,0,9988,0,0,8498,0,0,65476,0,0,6546,0,0,11322,0,0,890,0,1,16340,0
ENST00000237596,4,88964404,rs188394492,ENSP00000237596,A,G,p.K372E,p.K372E,c.1114A>G,missense,1,119370,0,0.000008377,0,10032,0,0,8516,0,1,65662,0,0,6566,0,0,11336,0,0,896,0,0,16362,0
ENST00000237596,4,88964412,.,ENSP00000237596,G,C,p.L374F,p.L374F,c.1122G>C,missense,1,119686,0,0.000008355,1,10092,0,0,8532,0,0,65844,0,0,6578,0,0,11362,0,0,896,0,0,16382,0
ENST00000237596,4,88964434,.,ENSP00000237596,A,C,p.I382L,p.I382L,c.1144A>C,missense,3,120314,0,0.00002493,0,10224,0,3,8566,0,0,66184,0,0,6602,0,0,11404,0,0,906,0,0,16428,0
ENST00000237596,4,88964438,rs144431856,ENSP00000237596,T,C,p.I383T,p.I383T,c.1148T>C,missense,1,120398,0,0.000008306,1,10232,0,0,8568,0,0,66244,0,0,6602,0,0,11408,0,0,904,0,0,16440,0
ENST00000237596,4,88964444,.,ENSP00000237596,C,G,p.T385S,p.T385S,c.1154C>G,missense,1,120518,0,0.000008298,0,10256,0,0,8576,0,0,66310,0,0,6606,0,0,11416,0,0,906,0,1,16448,0
ENST00000237596,4,88964462,.,ENSP00000237596,A,G,p.Y391C,p.Y391C,c.1172A>G,missense,2,120902,0,0.00001654,0,10340,0,0,8602,0,0,66522,0,0,6610,0,2,11438,0,0,906,0,0,16484,0
ENST00000237596,4,88964477,.,ENSP00000237596,C,T,p.S396L,p.S396L,c.1187C>T,missense,1,121052,0,0.000008261,0,10374,0,0,8610,0,1,66606,0,0,6608,0,0,11452,0,0,906,0,0,16496,0
ENST00000237596,4,88964509,.,ENSP00000237596,G,A,p.A407T,p.A407T,c.1219G>A,missense,1,121176,0,0.000008252,0,10394,0,0,8624,0,1,66682,0,0,6606,0,0,11458,0,0,908,0,0,16504,0
ENST00000237596,4,88964513,rs148386297,ENSP00000237596,G,T,p.S408I,p.S408I,c.1223G>T,missense,5,121176,0,0.00004126,4,10394,0,0,8624,0,0,66678,0,0,6606,0,1,11462,0,0,908,0,0,16504,0
ENST00000237596,4,88964518,.,ENSP00000237596,A,G,p.K410E,p.K410E,c.1228A>G,missense,1,121192,0,0.000008251,0,10396,0,0,8628,0,0,66688,0,0,6606,0,0,11464,0,0,908,0,1,16502,0
ENST00000237596,4,88964519,.,ENSP00000237596,A,G,p.K410R,p.K410R,c.1229A>G,missense,5,121192,0,0.00004126,0,10398,0,5,8628,0,0,66686,0,0,6606,0,0,11464,0,0,908,0,0,16502,0
ENST00000237596,4,88964540,rs142261953,ENSP00000237596,G,A,p.R417Q,p.R417Q,c.1250G>A,missense,3,121180,0,0.00002476,1,10402,0,0,8628,0,1,66676,0,0,6602,0,0,11462,0,0,908,0,1,16502,0
ENST00000237596,4,88964545,.,ENSP00000237596,A,G,p.T419A,p.T419A,c.1255A>G,missense,4,121176,0,0.00003301,0,10402,0,4,8628,0,0,66672,0,0,6600,0,0,11464,0,0,908,0,0,16502,0
ENST00000237596,4,88964551,.,ENSP00000237596,G,T,p.A421S,p.A421S,c.1261G>T,missense,1,121162,0,0.000008253,0,10402,0,0,8628,0,1,66666,0,0,6598,0,0,11460,0,0,908,0,0,16500,0
ENST00000237596,4,88964557,.,ENSP00000237596,T,C,p.F423L,p.F423L,c.1267T>C,missense,2,121150,0,0.00001651,0,10400,0,0,8628,0,0,66666,0,0,6598,0,0,11452,0,0,906,0,2,16500,0
ENST00000237596,4,88964581,.,ENSP00000237596,G,A,p.A431T,p.A431T,c.1291G>A,missense,1,120952,0,0.000008268,0,10384,0,0,8612,0,0,66566,0,0,6578,0,0,11424,0,0,904,0,1,16484,0
ENST00000237596,4,88967800,.,ENSP00000237596,G,T,p.L442F,p.L442F,c.1326G>T,missense,1,121308,0,0.000008243,1,10404,0,0,8634,0,0,66706,0,0,6610,0,0,11540,0,0,908,0,0,16506,0
ENST00000237596,4,88967810,.,ENSP00000237596,C,G,p.P446A,p.P446A,c.1336C>G,missense,1,121346,0,0.000008241,0,10406,0,0,8644,0,1,66720,0,0,6610,0,0,11550,0,0,908,0,0,16508,0
ENST00000237596,4,88967816,.,ENSP00000237596,A,C,p.T448P,p.T448P,c.1342A>C,missense,1,121368,0,0.000008239,0,10406,0,1,8646,0,0,66726,0,0,6612,0,0,11562,0,0,908,0,0,16508,0
ENST00000237596,4,88967828,rs1801612,ENSP00000237596,A,G,p.I452V,p.I452V,c.1354A>G,missense,294,121388,3,0.002422,0,10406,0,275,8650,3,6,66732,0,0,6614,0,1,11568,0,1,908,0,11,16510,0
ENST00000237596,4,88967868,.,ENSP00000237596,A,G,p.Y465C,p.Y465C,c.1394A>G,missense,3,121388,0,0.00002471,0,10406,0,0,8648,0,0,66734,0,0,6614,0,2,11568,0,0,908,0,1,16510,0
ENST00000237596,4,88967873,.,ENSP00000237596,A,G,p.T467A,p.T467A,c.1399A>G,missense,4,121392,0,0.00003295,0,10406,0,4,8648,0,0,66734,0,0,6614,0,0,11572,0,0,908,0,0,16510,0
ENST00000237596,4,88967887,.,ENSP00000237596,C,A,p.F471L,p.F471L,c.1413C>A,missense,1,121394,0,0.000008238,0,10406,0,0,8648,0,1,66736,0,0,6614,0,0,11572,0,0,908,0,0,16510,0
ENST00000237596,4,88967889,.,ENSP00000237596,T,C,p.F472S,p.F472S,c.1415T>C,missense,1,121400,0,0.000008237,0,10406,0,0,8652,0,1,66736,0,0,6612,0,0,11576,0,0,908,0,0,16510,0
ENST00000237596,4,88967907,.,ENSP00000237596,T,G,p.I478S,p.I478S,c.1433T>G,missense,2,121396,0,0.00001648,0,10406,0,0,8652,0,2,66730,0,0,6614,0,0,11576,0,0,908,0,0,16510,0
ENST00000237596,4,88967918,.,ENSP00000237596,T,G,p.F482V,p.F482V,c.1444T>G,missense,4,121396,0,0.00003295,0,10406,0,0,8654,0,3,66730,0,0,6614,0,1,11574,0,0,908,0,0,16510,0
ENST00000237596,4,88967919,rs75762896,ENSP00000237596,T,G,p.F482C,p.F482C,c.1445T>G,missense,257,121396,2,0.002117,2,10406,0,0,8652,0,213,66730,2,3,6614,0,21,11576,0,2,908,0,16,16510,0
ENST00000237596,4,88967933,.,ENSP00000237596,T,C,p.Y487H,p.Y487H,c.1459T>C,missense,6,121396,0,0.00004943,0,10406,0,0,8652,0,6,66732,0,0,6612,0,0,11576,0,0,908,0,0,16510,0
ENST00000237596,4,88967934,.,ENSP00000237596,A,G,p.Y487C,p.Y487C,c.1460A>G,missense,2,121394,0,0.00001648,2,10406,0,0,8652,0,0,66730,0,0,6612,0,0,11576,0,0,908,0,0,16510,0
ENST00000237596,4,88967939,.,ENSP00000237596,G,A,p.V489M,p.V489M,c.1465G>A,missense,1,121392,0,0.000008238,0,10404,0,0,8652,0,0,66730,0,0,6612,0,1,11576,0,0,908,0,0,16510,0
ENST00000237596,4,88967961,.,ENSP00000237596,G,A,p.R496H,p.R496H,c.1487G>A,missense,1,121390,0,0.000008238,1,10404,0,0,8652,0,0,66730,0,0,6610,0,0,11576,0,0,908,0,0,16510,0
ENST00000237596,4,88967964,.,ENSP00000237596,T,C,p.I497T,p.I497T,c.1490T>C,missense,1,121388,0,0.000008238,0,10404,0,0,8652,0,1,66728,0,0,6610,0,0,11576,0,0,908,0,0,16510,0
ENST00000237596,4,88967972,.,ENSP00000237596,C,G,p.L500V,p.L500V,c.1498C>G,missense,1,121390,0,0.000008238,0,10404,0,0,8652,0,1,66728,0,0,6612,0,0,11576,0,0,908,0,0,16510,0
ENST00000237596,4,88967975,.,ENSP00000237596,C,T,p.H501Y,p.H501Y,c.1501C>T,missense,2,121388,0,0.00001648,0,10404,0,0,8652,0,0,66730,0,0,6610,0,0,11574,0,0,908,0,2,16510,0
ENST00000237596,4,88967990,.,ENSP00000237596,T,G,p.F506V,p.F506V,c.1516T>G,missense,7,121368,0,0.00005768,0,10404,0,0,8648,0,7,66720,0,0,6604,0,0,11574,0,0,908,0,0,16510,0
ENST00000237596,4,88967991,rs149780942,ENSP00000237596,T,C,p.F506S,p.F506S,c.1517T>C,missense,2,121360,0,0.00001648,1,10404,0,0,8648,0,0,66716,0,0,6602,0,1,11572,0,0,908,0,0,16510,0
ENST00000237596,4,88967997,.,ENSP00000237596,A,G,p.N508S,p.N508S,c.1523A>G,missense,1,121358,0,0.00000824,1,10404,0,0,8648,0,0,66716,0,0,6600,0,0,11572,0,0,908,0,0,16510,0
ENST00000237596,4,88967999,.,ENSP00000237596,T,G,p.C509G,p.C509G,c.1525T>G,missense,1,121356,0,0.00000824,0,10404,0,1,8648,0,0,66714,0,0,6600,0,0,11572,0,0,908,0,0,16510,0
ENST00000237596,4,88968008,.,ENSP00000237596,G,A,p.V512I,p.V512I,c.1534G>A,missense,6,121322,0,0.00004946,0,10402,0,6,8644,0,0,66694,0,0,6596,0,0,11568,0,0,908,0,0,16510,0
ENST00000237596,4,88968008,.,ENSP00000237596,G,T,p.V512F,p.V512F,c.1534G>T,missense,10,121322,0,0.00008243,0,10402,0,0,8644,0,5,66694,0,5,6596,0,0,11568,0,0,908,0,0,16510,0
ENST00000237596,4,88968017,.,ENSP00000237596,G,A,p.V515I,p.V515I,c.1543G>A,missense,7,121284,0,0.00005772,1,10398,0,0,8638,0,0,66678,0,0,6594,0,1,11558,0,0,908,0,5,16510,0
ENST00000237596,4,88968020,rs143581690,ENSP00000237596,G,T,p.V516L,p.V516L,c.1546G>T,missense,106,121288,1,0.000874,0,10398,0,93,8636,1,0,66684,0,0,6596,0,4,11558,0,2,908,0,7,16508,0
ENST00000237596,4,88973149,rs148920907,ENSP00000237596,G,A,p.V519M,p.V519M,c.1555G>A,missense,8,119406,0,0.000067,0,9868,0,0,8518,0,7,65682,0,0,6568,0,0,11468,0,0,906,0,1,16396,0
ENST00000237596,4,88973158,.,ENSP00000237596,A,G,p.I522V,p.I522V,c.1564A>G,missense,1,120266,0,0.000008315,0,10092,0,0,8558,0,1,66156,0,0,6578,0,0,11506,0,0,906,0,0,16470,0
ENST00000237596,4,88973158,.,ENSP00000237596,A,C,p.I522L,p.I522L,c.1564A>C,missense,4,120266,0,0.00003326,0,10092,0,0,8558,0,4,66156,0,0,6578,0,0,11506,0,0,906,0,0,16470,0
ENST00000237596,4,88973174,.,ENSP00000237596,A,G,p.Y527C,p.Y527C,c.1580A>G,missense,1,120940,0,0.000008269,0,10284,0,0,8582,0,1,66518,0,0,6594,0,0,11556,0,0,906,0,0,16500,0
ENST00000237596,4,88973180,.,ENSP00000237596,C,T,p.T529I,p.T529I,c.1586C>T,missense,1,121054,0,0.000008261,0,10318,0,0,8588,0,1,66578,0,0,6600,0,0,11564,0,0,906,0,0,16500,0
ENST00000237596,4,88973188,.,ENSP00000237596,G,T,p.V532L,p.V532L,c.1594G>T,missense,1,121152,0,0.000008254,0,10348,0,0,8594,0,1,66632,0,0,6604,0,0,11566,0,0,906,0,0,16502,0
ENST00000237596,4,88973192,.,ENSP00000237596,A,T,p.E533V,p.E533V,c.1598A>T,missense,1,121196,0,0.000008251,1,10362,0,0,8596,0,0,66656,0,0,6604,0,0,11566,0,0,906,0,0,16506,0
ENST00000237596,4,88973192,.,ENSP00000237596,A,G,p.E533G,p.E533G,c.1598A>G,missense,1,121196,0,0.000008251,0,10362,0,0,8596,0,0,66656,0,0,6604,0,1,11566,0,0,906,0,0,16506,0
ENST00000237596,4,88973194,.,ENSP00000237596,G,A,p.V534M,p.V534M,c.1600G>A,missense,1,121214,0,0.00000825,0,10370,0,0,8598,0,1,66664,0,0,6604,0,0,11566,0,0,906,0,0,16506,0
ENST00000237596,4,88973194,.,ENSP00000237596,G,C,p.V534L,p.V534L,c.1600G>C,missense,1,121214,0,0.00000825,0,10370,0,1,8598,0,0,66664,0,0,6604,0,0,11566,0,0,906,0,0,16506,0
ENST00000237596,4,88973198,.,ENSP00000237596,T,C,p.L535P,p.L535P,c.1604T>C,missense,1,121238,0,0.000008248,0,10372,0,0,8612,0,0,66670,0,0,6606,0,1,11566,0,0,906,0,0,16506,0
ENST00000237596,4,88973227,.,ENSP00000237596,T,G,p.F545V,p.F545V,c.1633T>G,missense,1,121316,0,0.000008243,0,10386,0,1,8626,0,0,66702,0,0,6612,0,0,11576,0,0,906,0,0,16508,0
ENST00000237596,4,88973228,rs147630070,ENSP00000237596,T,C,p.F545S,p.F545S,c.1634T>C,missense,2,121314,0,0.00001649,0,10386,0,0,8626,0,2,66700,0,0,6612,0,0,11576,0,0,906,0,0,16508,0
ENST00000237596,4,88973234,.,ENSP00000237596,A,G,p.N547S,p.N547S,c.1640A>G,missense,1,121320,0,0.000008243,0,10386,0,0,8628,0,0,66704,0,0,6612,0,0,11576,0,0,906,0,1,16508,0
ENST00000237596,4,88973235,.,ENSP00000237596,C,A,p.N547K,p.N547K,c.1641C>A,missense,2,121320,0,0.00001649,0,10386,0,0,8626,0,0,66706,0,0,6612,0,2,11576,0,0,906,0,0,16508,0
ENST00000237596,4,88973239,.,ENSP00000237596,G,C,p.E549Q,p.E549Q,c.1645G>C,missense,1,121324,0,0.000008242,1,10386,0,0,8628,0,0,66708,0,0,6612,0,0,11576,0,0,906,0,0,16508,0
ENST00000237596,4,88973243,.,ENSP00000237596,A,G,p.H550R,p.H550R,c.1649A>G,missense,7,121328,0,0.00005769,0,10390,0,7,8626,0,0,66710,0,0,6612,0,0,11576,0,0,906,0,0,16508,0
ENST00000237596,4,88973248,.,ENSP00000237596,G,C,p.A552P,p.A552P,c.1654G>C,missense,7,121328,0,0.00005769,0,10390,0,0,8628,0,6,66708,0,0,6612,0,1,11576,0,0,906,0,0,16508,0
ENST00000237596,4,88973252,.,ENSP00000237596,A,G,p.Y553C,p.Y553C,c.1658A>G,missense,7,121330,0,0.00005769,0,10390,0,0,8628,0,7,66710,0,0,6612,0,0,11576,0,0,906,0,0,16508,0
ENST00000237596,4,88973268,.,ENSP00000237596,C,A,p.F558L,p.F558L,c.1674C>A,missense,1,121340,0,0.000008241,0,10394,0,0,8628,0,1,66712,0,0,6612,0,0,11578,0,0,906,0,0,16510,0
ENST00000237596,4,88973288,.,ENSP00000237596,C,T,p.T565I,p.T565I,c.1694C>T,missense,1,121302,0,0.000008244,0,10380,0,0,8626,0,1,66692,0,0,6612,0,0,11576,0,0,906,0,0,16510,0
ENST00000237596,4,88973288,.,ENSP00000237596,C,G,p.T565R,p.T565R,c.1694C>G,missense,1,121302,0,0.000008244,0,10380,0,1,8626,0,0,66692,0,0,6612,0,0,11576,0,0,906,0,0,16510,0
ENST00000237596,4,88977245,rs181037821,ENSP00000237596,A,G,p.K575R,p.K575R,c.1724A>G,missense,2,121382,0,0.00001648,0,10404,0,2,8644,0,0,66726,0,0,6614,0,0,11576,0,0,908,0,0,16510,0
ENST00000237596,4,88977254,.,ENSP00000237596,A,G,p.N578S,p.N578S,c.1733A>G,missense,1,121390,0,0.000008238,0,10404,0,0,8646,0,1,66730,0,0,6614,0,0,11578,0,0,908,0,0,16510,0
ENST00000237596,4,88977263,.,ENSP00000237596,G,C,p.R581T,p.R581T,c.1742G>C,missense,1,121394,0,0.000008238,0,10404,0,0,8648,0,1,66732,0,0,6614,0,0,11578,0,0,908,0,0,16510,0
ENST00000237596,4,88977274,.,ENSP00000237596,C,A,p.Q585K,p.Q585K,c.1753C>A,missense,1,121398,0,0.000008237,0,10404,0,0,8648,0,1,66736,0,0,6614,0,0,11578,0,0,908,0,0,16510,0
ENST00000237596,4,88977281,.,ENSP00000237596,C,T,p.S587L,p.S587L,c.1760C>T,missense,8,121398,0,0.0000659,0,10404,0,0,8648,0,2,66736,0,4,6614,0,2,11578,0,0,908,0,0,16510,0
ENST00000237596,4,88977286,.,ENSP00000237596,A,G,p.T589A,p.T589A,c.1765A>G,missense,1,121400,0,0.000008237,0,10406,0,0,8648,0,1,66736,0,0,6614,0,0,11578,0,0,908,0,0,16510,0
ENST00000237596,4,88977289,.,ENSP00000237596,A,G,p.M590V,p.M590V,c.1768A>G,missense,1,121402,0,0.000008237,0,10406,0,0,8648,0,0,66738,0,0,6614,0,0,11578,0,0,908,0,1,16510,0
ENST00000237596,4,88977302,.,ENSP00000237596,C,T,p.A594V,p.A594V,c.1781C>T,missense,1,121394,0,0.000008238,0,10406,0,0,8644,0,1,66736,0,0,6614,0,0,11578,0,0,908,0,0,16508,0
ENST00000237596,4,88977314,.,ENSP00000237596,T,G,p.F598C,p.F598C,c.1793T>G,missense,1,121384,0,0.000008238,0,10406,0,0,8636,0,0,66738,0,0,6612,0,1,11576,0,0,908,0,0,16508,0
ENST00000237596,4,88977325,.,ENSP00000237596,A,G,p.I602V,p.I602V,c.1804A>G,missense,1,121368,0,0.000008239,0,10406,0,0,8626,0,0,66734,0,0,6612,0,0,11574,0,0,908,0,1,16508,0
ENST00000237596,4,88977325,.,ENSP00000237596,A,C,p.I602L,p.I602L,c.1804A>C,missense,3,121368,0,0.00002472,0,10406,0,0,8626,0,0,66734,0,0,6612,0,3,11574,0,0,908,0,0,16508,0
ENST00000237596,4,88977328,.,ENSP00000237596,A,G,p.M603V,p.M603V,c.1807A>G,missense,1,121352,0,0.00000824,0,10406,0,0,8618,0,0,66730,0,0,6612,0,0,11574,0,0,908,0,1,16504,0
ENST00000237596,4,88977329,.,ENSP00000237596,T,C,p.M603T,p.M603T,c.1808T>C,missense,1,121354,0,0.00000824,0,10406,0,0,8618,0,1,66730,0,0,6612,0,0,11574,0,0,908,0,0,16506,0
ENST00000237596,4,88977337,.,ENSP00000237596,A,G,p.I606V,p.I606V,c.1816A>G,missense,1,121330,0,0.000008242,0,10404,0,0,8618,0,1,66716,0,0,6612,0,0,11570,0,0,908,0,0,16502,0
ENST00000237596,4,88977391,.,ENSP00000237596,G,A,p.D624N,p.D624N,c.1870G>A,missense,1,117396,0,0.000008518,0,10186,0,0,8336,0,0,64258,0,0,6526,0,1,11212,0,0,886,0,0,15992,0
ENST00000237596,4,88977394,.,ENSP00000237596,G,A,p.D625N,p.D625N,c.1873G>A,missense,2,116588,0,0.00001715,0,10126,0,0,8282,0,2,63768,0,0,6490,0,0,11114,0,0,882,0,0,15926,0
ENST00000237596,4,88979136,.,ENSP00000237596,T,G,p.F634V,p.F634V,c.1900T>G,missense,1,121184,0,0.000008252,0,10388,0,0,8604,0,1,66634,0,0,6606,0,0,11550,0,0,904,0,0,16498,0
ENST00000237596,4,88979140,rs150314615,ENSP00000237596,C,G,p.T635S,p.T635S,c.1904C>G,missense,3,121184,0,0.00002476,1,10388,0,0,8604,0,2,66634,0,0,6606,0,0,11550,0,0,904,0,0,16498,0
ENST00000237596,4,88979163,.,ENSP00000237596,G,A,p.D643N,p.D643N,c.1927G>A,missense,7,121162,0,0.00005777,0,10386,0,0,8602,0,7,66622,0,0,6606,0,0,11546,0,0,904,0,0,16496,0
ENST00000237596,4,88979167,rs137929700,ENSP00000237596,T,C,p.I644T,p.I644T,c.1931T>C,missense,2,121162,0,0.00001651,0,10388,0,0,8602,0,1,66618,0,0,6606,0,0,11548,0,0,904,0,1,16496,0
ENST00000237596,4,88979181,.,ENSP00000237596,A,G,p.I649V,p.I649V,c.1945A>G,missense,2,121060,0,0.00001652,0,10384,0,0,8594,0,0,66536,0,0,6606,0,2,11546,0,0,904,0,0,16490,0
ENST00000237596,4,88979203,rs138476749,ENSP00000237596,T,G,p.L656W,p.L656W,c.1967T>G,missense,1,119662,0,0.000008357,0,10348,0,0,8480,0,1,65530,0,0,6578,0,0,11426,0,0,896,0,0,16404,0
ENST00000237596,4,88979230,.,ENSP00000237596,T,C,p.V665A,p.V665A,c.1994T>C,missense,1,114188,0,0.000008757,0,10224,0,0,8056,0,1,61740,0,0,6490,0,0,10766,0,0,868,0,0,16044,0
ENST00000237596,4,88979240,.,ENSP00000237596,G,C,p.M668I,p.M668I,c.2004G>C,missense,2,113312,0,0.00001765,0,10192,0,0,7982,0,0,61104,0,0,6478,0,0,10682,0,0,864,0,2,16010,0
ENST00000237596,4,88979241,.,ENSP00000237596,T,C,p.F669L,p.F669L,c.2005T>C,missense,1,112692,0,0.000008874,0,10186,0,0,7928,0,1,60678,0,0,6464,0,0,10606,0,0,862,0,0,15968,0
ENST00000237596,4,88983061,.,ENSP00000237596,A,G,p.M675V,p.M675V,c.2023A>G,missense,1,121124,0,0.000008256,0,10264,0,0,8628,0,1,66656,0,0,6610,0,0,11556,0,0,906,0,0,16504,0
ENST00000237596,4,88983063,.,ENSP00000237596,G,A,p.M675I,p.M675I,c.2025G>A,missense,2,121130,0,0.00001651,0,10268,0,0,8628,0,0,66652,0,0,6610,0,0,11558,0,0,906,0,2,16508,0
ENST00000237596,4,88983068,.,ENSP00000237596,T,C,p.L677S,p.L677S,c.2030T>C,missense,1,121170,0,0.000008253,0,10284,0,0,8638,0,1,66662,0,0,6610,0,0,11560,0,0,906,0,0,16510,0
ENST00000237596,4,88983071,.,ENSP00000237596,C,T,p.A678V,p.A678V,c.2033C>T,missense,2,121186,0,0.0000165,0,10300,0,0,8636,0,2,66666,0,0,6610,0,0,11558,0,0,906,0,0,16510,0
ENST00000237596,4,88983073,.,ENSP00000237596,A,G,p.I679V,p.I679V,c.2035A>G,missense,2,121200,0,0.0000165,0,10306,0,2,8638,0,0,66670,0,0,6610,0,0,11560,0,0,906,0,0,16510,0
ENST00000237596,4,88983085,.,ENSP00000237596,A,G,p.T683A,p.T683A,c.2047A>G,missense,2,121244,0,0.0000165,0,10324,0,0,8638,0,0,66690,0,0,6614,0,0,11562,0,0,906,0,2,16510,0
ENST00000237596,4,88983124,.,ENSP00000237596,G,A,p.A696T,p.A696T,c.2086G>A,missense,2,121270,0,0.00001649,0,10338,0,0,8642,0,0,66694,0,0,6614,0,0,11566,0,0,908,0,2,16508,0
ENST00000237596,4,88983149,.,ENSP00000237596,T,C,p.I704T,p.I704T,c.2111T>C,missense,2,121184,0,0.0000165,0,10296,0,0,8636,0,2,66664,0,0,6612,0,0,11564,0,0,908,0,0,16504,0
ENST00000237596,4,88983155,.,ENSP00000237596,A,T,p.K706M,p.K706M,c.2117A>T,missense,2,121136,0,0.00001651,0,10276,0,0,8634,0,0,66642,0,0,6612,0,0,11564,0,0,908,0,2,16500,0
ENST00000237596,4,88986533,.,ENSP00000237596,A,G,p.H709R,p.H709R,c.2126A>G,missense,1,121280,0,0.000008245,0,10296,0,0,8650,0,1,66730,0,0,6614,0,0,11572,0,0,908,0,0,16510,0
ENST00000237596,4,88986538,.,ENSP00000237596,G,A,p.A711T,p.A711T,c.2131G>A,missense,1,121306,0,0.000008244,0,10324,0,0,8652,0,0,66730,0,0,6614,0,0,11568,0,0,908,0,1,16510,0
ENST00000237596,4,88986547,.,ENSP00000237596,A,G,p.K714E,p.K714E,c.2140A>G,missense,1,121344,0,0.000008241,0,10354,0,0,8652,0,1,66734,0,0,6614,0,0,11570,0,0,908,0,0,16512,0
ENST00000237596,4,88986561,.,ENSP00000237596,A,C,p.K718N,p.K718N,c.2154A>C,missense,3,121370,0,0.00002472,0,10382,0,0,8650,0,0,66736,0,0,6612,0,0,11570,0,0,908,0,3,16512,0
ENST00000237596,4,88986565,.,ENSP00000237596,A,T,p.N720Y,p.N720Y,c.2158A>T,missense,4,121374,0,0.00003296,0,10384,0,0,8652,0,3,66736,0,1,6612,0,0,11570,0,0,908,0,0,16512,0
ENST00000237596,4,88986569,.,ENSP00000237596,C,G,p.T721S,p.T721S,c.2162C>G,missense,6,121372,0,0.00004943,0,10388,0,0,8650,0,0,66734,0,0,6612,0,6,11568,0,0,908,0,0,16512,0
ENST00000237596,4,88986571,.,ENSP00000237596,G,T,p.V722L,p.V722L,c.2164G>T,missense,58,121380,1,0.0004778,0,10394,0,0,8652,0,0,66734,0,0,6612,0,0,11568,0,1,908,0,57,16512,1
ENST00000237596,4,88986571,.,ENSP00000237596,G,A,p.V722M,p.V722M,c.2164G>A,missense,1,121380,0,0.000008239,0,10394,0,0,8652,0,1,66734,0,0,6612,0,0,11568,0,0,908,0,0,16512,0
ENST00000237596,4,88986593,.,ENSP00000237596,T,A,p.L729Q,p.L729Q,c.2186T>A,missense,3,121382,0,0.00002472,0,10404,0,0,8646,0,1,66734,0,0,6612,0,1,11566,0,0,908,0,1,16512,0
ENST00000237596,4,88986595,.,ENSP00000237596,C,T,p.R730W,p.R730W,c.2188C>T,missense,3,121378,0,0.00002472,0,10404,0,0,8646,0,0,66730,0,0,6612,0,3,11566,0,0,908,0,0,16512,0
ENST00000237596,4,88986596,.,ENSP00000237596,G,A,p.R730Q,p.R730Q,c.2189G>A,missense,2,121382,0,0.00001648,0,10404,0,0,8642,0,0,66736,0,0,6612,0,1,11568,0,0,908,0,1,16512,0
ENST00000237596,4,88986604,.,ENSP00000237596,G,A,p.G733R,p.G733R,c.2197G>A,missense,3,121372,0,0.00002472,0,10404,0,0,8634,0,0,66736,0,0,6612,0,0,11566,0,0,908,0,3,16512,0
ENST00000237596,4,88986607,.,ENSP00000237596,G,A,p.G734S,p.G734S,c.2200G>A,missense,2,121372,0,0.00001648,0,10404,0,0,8636,0,0,66734,0,0,6612,0,2,11566,0,0,908,0,0,16512,0
ENST00000237596,4,88986625,.,ENSP00000237596,G,A,p.E740K,p.E740K,c.2218G>A,missense,1,121354,0,0.00000824,0,10404,0,0,8628,0,1,66726,0,0,6612,0,0,11566,0,0,906,0,0,16512,0
ENST00000237596,4,88986629,.,ENSP00000237596,T,C,p.L741P,p.L741P,c.2222T>C,missense,1,121364,0,0.00000824,0,10402,0,0,8640,0,1,66724,0,0,6612,0,0,11568,0,0,906,0,0,16512,0
ENST00000237596,4,88986638,.,ENSP00000237596,A,G,p.D744G,p.D744G,c.2231A>G,missense,1,121334,0,0.000008242,0,10396,0,0,8632,0,1,66712,0,0,6612,0,0,11564,0,0,906,0,0,16512,0
ENST00000237596,4,88986924,.,ENSP00000237596,A,G,p.T751A,p.T751A,c.2251A>G,missense,1,121394,0,0.000008238,0,10406,0,1,8640,0,0,66738,0,0,6614,0,0,11576,0,0,908,0,0,16512,0
ENST00000237596,4,88986925,.,ENSP00000237596,C,G,p.T751S,p.T751S,c.2252C>G,missense,3,121398,0,0.00002471,0,10406,0,0,8644,0,0,66738,0,0,6614,0,3,11576,0,0,908,0,0,16512,0
ENST00000237596,4,88986945,.,ENSP00000237596,A,G,p.I758V,p.I758V,c.2272A>G,missense,9,121392,0,0.00007414,0,10406,0,5,8640,0,3,66738,0,0,6614,0,0,11574,0,0,908,0,1,16512,0
ENST00000237596,4,88986960,.,ENSP00000237596,G,A,p.D763N,p.D763N,c.2287G>A,missense,1,121388,0,0.000008238,0,10406,0,0,8642,0,0,66738,0,0,6614,0,0,11570,0,0,908,0,1,16510,0
ENST00000237596,4,88986967,.,ENSP00000237596,A,G,p.D765G,p.D765G,c.2294A>G,missense,2,121378,0,0.00001648,0,10406,0,0,8634,0,0,66734,0,2,6614,0,0,11572,0,0,908,0,0,16510,0
ENST00000237596,4,88986973,.,ENSP00000237596,A,T,p.D767V,p.D767V,c.2300A>T,missense,1,121382,0,0.000008238,0,10406,0,0,8636,0,1,66734,0,0,6614,0,0,11572,0,0,908,0,0,16512,0
ENST00000237596,4,88986973,.,ENSP00000237596,A,G,p.D767G,p.D767G,c.2300A>G,missense,1,121382,0,0.000008238,0,10406,0,0,8636,0,0,66734,0,0,6614,0,0,11572,0,0,908,0,1,16512,0
ENST00000237596,4,88986975,.,ENSP00000237596,C,G,p.Q768E,p.Q768E,c.2302C>G,missense,1,121380,0,0.000008239,0,10406,0,0,8634,0,1,66734,0,0,6614,0,0,11572,0,0,908,0,0,16512,0
ENST00000237596,4,88986987,.,ENSP00000237596,G,A,p.E772K,p.E772K,c.2314G>A,missense,2,121368,0,0.00001648,0,10406,0,0,8632,0,2,66724,0,0,6614,0,0,11574,0,0,908,0,0,16510,0
ENST00000237596,4,88986991,.,ENSP00000237596,A,G,p.H773R,p.H773R,c.2318A>G,missense,1,121362,0,0.00000824,0,10406,0,0,8632,0,1,66722,0,0,6614,0,0,11570,0,0,906,0,0,16512,0
ENST00000237596,4,88987011,.,ENSP00000237596,G,A,p.D780N,p.D780N,c.2338G>A,missense,1,121348,0,0.000008241,1,10406,0,0,8626,0,0,66720,0,0,6612,0,0,11564,0,0,908,0,0,16512,0
ENST00000237596,4,88987014,rs142360839,ENSP00000237596,G,A,p.D781N,p.D781N,c.2341G>A,missense,3,121344,0,0.00002472,1,10406,0,0,8626,0,0,66722,0,0,6610,0,0,11560,0,0,908,0,2,16512,0
ENST00000237596,4,88987016,.,ENSP00000237596,C,A,p.D781E,p.D781E,c.2343C>A,missense,1,121348,0,0.000008241,0,10406,0,0,8628,0,1,66720,0,0,6610,0,0,11564,0,0,908,0,0,16512,0
ENST00000237596,4,88989054,.,ENSP00000237596,A,G,p.D788G,p.D788G,c.2363A>G,missense,1,119968,0,0.000008336,0,10340,0,0,8460,0,0,65932,0,0,6526,0,1,11428,0,0,894,0,0,16388,0
ENST00000237596,4,88989065,.,ENSP00000237596,G,T,p.D792Y,p.D792Y,c.2374G>T,missense,1,120582,0,0.000008293,1,10372,0,0,8520,0,0,66288,0,0,6586,0,0,11474,0,0,896,0,0,16446,0
ENST00000237596,4,88989067,.,ENSP00000237596,T,A,p.D792E,p.D792E,c.2376T>A,missense,2,120662,0,0.00001658,0,10380,0,0,8524,0,2,66332,0,0,6588,0,0,11484,0,0,896,0,0,16458,0
ENST00000237596,4,88989075,.,ENSP00000237596,C,T,p.S795F,p.S795F,c.2384C>T,missense,1,120886,0,0.000008272,0,10396,0,0,8550,0,0,66456,0,0,6600,0,0,11502,0,0,902,0,1,16480,0
ENST00000237596,4,88989081,.,ENSP00000237596,C,T,p.P797L,p.P797L,c.2390C>T,missense,1,120978,0,0.000008266,0,10398,0,0,8556,0,0,66520,0,0,6600,0,1,11514,0,0,902,0,0,16488,0
ENST00000237596,4,88989083,rs150838063,ENSP00000237596,C,T,p.R798C,p.R798C,c.2392C>T,missense,10,121022,0,0.00008263,0,10404,0,0,8566,0,10,66548,0,0,6602,0,0,11514,0,0,902,0,0,16486,0
ENST00000237596,4,88989089,rs2234917,ENSP00000237596,A,C,p.M800L,p.M800L,c.2398A>C,missense,583,121146,4,0.004812,86,10404,0,0,8578,0,264,66630,2,6,6602,0,29,11528,0,5,902,0,193,16502,2
ENST00000237596,4,88989090,.,ENSP00000237596,T,C,p.M800T,p.M800T,c.2399T>C,missense,6,121148,0,0.00004953,3,10404,0,0,8574,0,3,66632,0,0,6604,0,0,11528,0,0,902,0,0,16504,0
ENST00000237596,4,88989091,.,ENSP00000237596,G,A,p.M800I,p.M800I,c.2400G>A,missense,1,121172,0,0.000008253,0,10404,0,0,8584,0,1,66636,0,0,6610,0,0,11528,0,0,902,0,0,16508,0
ENST00000237596,4,88989098,.,ENSP00000237596,C,G,p.R803G,p.R803G,c.2407C>G,missense,1,121234,0,0.000008249,0,10406,0,0,8590,0,0,66674,0,0,6612,0,0,11536,0,1,906,0,0,16510,0
ENST00000237596,4,88989099,.,ENSP00000237596,G,A,p.R803Q,p.R803Q,c.2408G>A,missense,2,121254,0,0.00001649,2,10406,0,0,8588,0,0,66688,0,0,6612,0,0,11542,0,0,906,0,0,16512,0
ENST00000237596,4,88989102,rs145343957,ENSP00000237596,G,A,p.S804N,p.S804N,c.2411G>A,missense,101,121270,0,0.0008329,83,10406,0,0,8594,0,9,66696,0,0,6612,0,9,11544,0,0,906,0,0,16512,0
ENST00000237596,4,88989104,.,ENSP00000237596,T,C,p.F805L,p.F805L,c.2413T>C,missense,3,121276,0,0.00002474,0,10406,0,0,8596,0,0,66702,0,0,6612,0,0,11542,0,0,906,0,3,16512,0
ENST00000237596,4,88989111,rs147654263,ENSP00000237596,G,A,p.R807Q,p.R807Q,c.2420G>A,missense,336,121308,2,0.00277,2,10406,0,0,8606,0,189,66716,1,125,6612,1,16,11548,0,3,908,0,1,16512,0
ENST00000237596,4,88989119,.,ENSP00000237596,G,A,p.D810N,p.D810N,c.2428G>A,missense,4,121346,0,0.00003296,0,10406,0,0,8616,0,4,66734,0,0,6614,0,0,11556,0,0,908,0,0,16512,0
ENST00000237596,4,88989129,.,ENSP00000237596,A,T,p.E813V,p.E813V,c.2438A>T,missense,1,121366,0,0.00000824,0,10406,0,0,8628,0,1,66734,0,0,6614,0,0,11564,0,0,908,0,0,16512,0
ENST00000237596,4,88989140,.,ENSP00000237596,G,A,p.D817N,p.D817N,c.2449G>A,missense,3,121366,0,0.00002472,0,10406,0,0,8624,0,1,66738,0,0,6614,0,2,11564,0,0,908,0,0,16512,0
ENST00000237596,4,88989153,.,ENSP00000237596,G,A,p.G821E,p.G821E,c.2462G>A,missense,1,121370,0,0.000008239,0,10406,0,1,8624,0,0,66740,0,0,6614,0,0,11566,0,0,908,0,0,16512,0
ENST00000237596,4,88989171,.,ENSP00000237596,G,A,p.R827K,p.R827K,c.2480G>A,missense,43,121376,1,0.0003543,0,10406,0,0,8630,0,0,66738,0,0,6614,0,0,11568,0,0,908,0,43,16512,1
ENST00000237596,4,88989182,rs149728995,ENSP00000237596,T,C,p.S831P,p.S831P,c.2491T>C,missense,1,121376,0,0.000008239,1,10404,0,0,8632,0,0,66738,0,0,6614,0,0,11568,0,0,908,0,0,16512,0
ENST00000237596,4,88989185,rs145574534,ENSP00000237596,A,G,p.S832G,p.S832G,c.2494A>G,missense,2,121374,0,0.00001648,2,10404,0,0,8630,0,0,66738,0,0,6614,0,0,11568,0,0,908,0,0,16512,0
ENST00000237596,4,88989186,.,ENSP00000237596,G,A,p.S832N,p.S832N,c.2495G>A,missense,1,121372,0,0.000008239,0,10404,0,0,8630,0,1,66738,0,0,6614,0,0,11566,0,0,908,0,0,16512,0
ENST00000237596,4,88989191,rs148869484,ENSP00000237596,G,A,p.V834I,p.V834I,c.2500G>A,missense,5,121372,0,0.0000412,1,10404,0,1,8628,0,2,66738,0,0,6614,0,0,11568,0,0,908,0,1,16512,0
ENST00000237596,4,88989200,.,ENSP00000237596,G,A,p.E837K,p.E837K,c.2509G>A,missense,3,121370,0,0.00002472,1,10404,0,0,8628,0,2,66736,0,0,6614,0,0,11568,0,0,908,0,0,16512,0
ENST00000237596,4,88989201,.,ENSP00000237596,A,T,p.E837V,p.E837V,c.2510A>T,missense,1,121368,0,0.000008239,0,10404,0,0,8624,0,1,66738,0,0,6614,0,0,11568,0,0,908,0,0,16512,0
ENST00000237596,4,88989202,.,ENSP00000237596,A,T,p.E837D,p.E837D,c.2511A>T,missense,1,121368,0,0.000008239,0,10404,0,0,8624,0,1,66738,0,0,6614,0,0,11568,0,0,908,0,0,16512,0
ENST00000237596,4,88989213,.,ENSP00000237596,T,A,p.V841D,p.V841D,c.2522T>A,missense,1,121362,0,0.00000824,0,10402,0,0,8622,0,1,66736,0,0,6614,0,0,11568,0,0,908,0,0,16512,0
ENST00000237596,4,88995975,.,ENSP00000237596,G,A,p.R845Q,p.R845Q,c.2534G>A,missense,2,121386,0,0.00001648,1,10400,0,0,8648,0,1,66730,0,0,6614,0,0,11574,0,0,908,0,0,16512,0
ENST00000237596,4,88995981,.,ENSP00000237596,A,G,p.D847G,p.D847G,c.2540A>G,missense,1,121380,0,0.000008239,0,10400,0,1,8648,0,0,66728,0,0,6614,0,0,11572,0,0,908,0,0,16510,0
ENST00000237596,4,88995984,.,ENSP00000237596,G,A,p.R848Q,p.R848Q,c.2543G>A,missense,9,121378,0,0.00007415,0,10398,0,7,8646,0,2,66726,0,0,6614,0,0,11576,0,0,908,0,0,16510,0
ENST00000237596,4,88995992,.,ENSP00000237596,C,T,p.H851Y,p.H851Y,c.2551C>T,missense,1,121374,0,0.000008239,0,10396,0,0,8642,0,1,66728,0,0,6614,0,0,11576,0,0,908,0,0,16510,0
ENST00000237596,4,88995996,.,ENSP00000237596,C,G,p.S852C,p.S852C,c.2555C>G,missense,1,121366,0,0.00000824,0,10394,0,0,8642,0,1,66724,0,0,6614,0,0,11574,0,0,908,0,0,16510,0
ENST00000237596,4,88996004,.,ENSP00000237596,A,G,p.S855G,p.S855G,c.2563A>G,missense,18,121366,0,0.0001483,0,10390,0,0,8650,0,18,66722,0,0,6610,0,0,11576,0,0,908,0,0,16510,0
ENST00000237596,4,88996007,.,ENSP00000237596,A,G,p.I856V,p.I856V,c.2566A>G,missense,1,121370,0,0.000008239,0,10392,0,0,8648,0,1,66722,0,0,6614,0,0,11576,0,0,908,0,0,16510,0
ENST00000237596,4,88996011,.,ENSP00000237596,T,C,p.V857A,p.V857A,c.2570T>C,missense,2,121362,0,0.00001648,0,10392,0,0,8648,0,2,66714,0,0,6614,0,0,11576,0,0,908,0,0,16510,0
ENST00000237596,4,88996026,.,ENSP00000237596,C,T,p.A862V,p.A862V,c.2585C>T,missense,1,121362,0,0.00000824,0,10392,0,0,8648,0,0,66712,0,0,6614,0,1,11578,0,0,908,0,0,16510,0
ENST00000237596,4,88996028,.,ENSP00000237596,G,A,p.V863M,p.V863M,c.2587G>A,missense,2,121360,0,0.00001648,0,10392,0,0,8648,0,0,66712,0,0,6614,0,0,11576,0,0,908,0,2,16510,0
ENST00000237596,4,88996043,.,ENSP00000237596,G,A,p.E868K,p.E868K,c.2602G>A,missense,1,121346,0,0.000008241,0,10388,0,0,8652,0,0,66698,0,0,6614,0,1,11576,0,0,908,0,0,16510,0
ENST00000237596,4,88996055,.,ENSP00000237596,C,G,p.R872G,p.R872G,c.2614C>G,missense,5,121330,0,0.00004121,0,10380,0,0,8650,0,5,66692,0,0,6614,0,0,11576,0,0,908,0,0,16510,0
ENST00000237596,4,88996056,.,ENSP00000237596,G,A,p.R872Q,p.R872Q,c.2615G>A,missense,3,121328,0,0.00002473,0,10378,0,0,8650,0,1,66694,0,0,6614,0,0,11576,0,0,908,0,2,16508,0
ENST00000237596,4,88996101,.,ENSP00000237596,G,C,p.G887A,p.G887A,c.2660G>C,missense,1,121180,0,0.000008252,0,10342,0,0,8646,0,1,66620,0,0,6608,0,0,11564,0,0,906,0,0,16494,0
ENST00000237596,4,88996109,.,ENSP00000237596,G,A,p.E890K,p.E890K,c.2668G>A,missense,6,121112,0,0.00004954,0,10336,0,4,8630,0,0,66582,0,0,6600,0,0,11562,0,0,906,0,2,16496,0
ENST00000237596,4,88996625,.,ENSP00000237596,C,T,p.R896C,p.R896C,c.2686C>T,missense,2,121410,0,0.00001647,0,10406,0,0,8654,0,2,66738,0,0,6614,0,0,11578,0,0,908,0,0,16512,0
ENST00000237596,4,88996626,rs143500495,ENSP00000237596,G,A,p.R896H,p.R896H,c.2687G>A,missense,1,121408,0,0.000008237,1,10406,0,0,8654,0,0,66738,0,0,6614,0,0,11576,0,0,908,0,0,16512,0
ENST00000237596,4,88996630,.,ENSP00000237596,C,G,p.D897E,p.D897E,c.2691C>G,missense,5,121410,0,0.00004118,0,10406,0,0,8654,0,0,66738,0,0,6614,0,0,11578,0,0,908,0,5,16512,0
ENST00000237596,4,88996631,.,ENSP00000237596,A,C,p.S898R,p.S898R,c.2692A>C,missense,1,121410,0,0.000008237,0,10406,0,0,8654,0,1,66738,0,0,6614,0,0,11578,0,0,908,0,0,16512,0
ENST00000237596,4,88996651,.,ENSP00000237596,G,T,p.Q904H,p.Q904H,c.2712G>T,missense,1,121408,0,0.000008237,0,10406,0,0,8654,0,0,66738,0,0,6614,0,0,11576,0,0,908,0,1,16512,0
ENST00000237596,4,88996652,.,ENSP00000237596,A,C,p.M905L,p.M905L,c.2713A>C,missense,45,121408,0,0.0003707,0,10406,0,0,8654,0,0,66738,0,0,6614,0,1,11576,0,0,908,0,44,16512,0
ENST00000237596,4,88996653,.,ENSP00000237596,T,C,p.M905T,p.M905T,c.2714T>C,missense,2,121408,0,0.00001647,1,10406,0,0,8654,0,1,66738,0,0,6614,0,0,11576,0,0,908,0,0,16512,0
ENST00000237596,4,88996654,.,ENSP00000237596,G,A,p.M905I,p.M905I,c.2715G>A,missense,1,121410,0,0.000008237,0,10406,0,0,8654,0,0,66738,0,0,6614,0,1,11578,0,0,908,0,0,16512,0
ENST00000237596,4,88996654,.,ENSP00000237596,G,T,p.M905I,p.M905I,c.2715G>T,missense,1,121410,0,0.000008237,1,10406,0,0,8654,0,0,66738,0,0,6614,0,0,11578,0,0,908,0,0,16512,0
ENST00000237596,4,88996658,.,ENSP00000237596,C,T,p.R907W,p.R907W,c.2719C>T,missense,4,121410,0,0.00003295,0,10406,0,0,8654,0,2,66738,0,0,6614,0,0,11578,0,0,908,0,2,16512,0
ENST00000237596,4,88996659,rs150947109,ENSP00000237596,G,A,p.R907Q,p.R907Q,c.2720G>A,missense,31,121404,0,0.0002553,30,10406,0,0,8652,0,0,66738,0,0,6610,0,1,11578,0,0,908,0,0,16512,0
ENST00000237596,4,88996664,rs140848008,ENSP00000237596,G,A,p.V909I,p.V909I,c.2725G>A,missense,7,121232,0,0.00005774,0,10340,0,0,8652,0,6,66630,0,0,6614,0,1,11578,0,0,906,0,0,16512,0
ENST00000237596,4,88996667,.,ENSP00000237596,C,G,p.R910G,p.R910G,c.2728C>G,missense,1,121404,0,0.000008237,0,10406,0,0,8652,0,1,66736,0,0,6614,0,0,11576,0,0,908,0,0,16512,0
ENST00000237596,4,88996668,rs144590958,ENSP00000237596,G,C,p.R910P,p.R910P,c.2729G>C,missense,9,121408,0,0.00007413,9,10406,0,0,8652,0,0,66738,0,0,6614,0,0,11578,0,0,908,0,0,16512,0
ENST00000237596,4,88996668,rs144590958,ENSP00000237596,G,A,p.R910H,p.R910H,c.2729G>A,missense,2,121408,0,0.00001647,0,10406,0,0,8652,0,2,66738,0,0,6614,0,0,11578,0,0,908,0,0,16512,0
ENST00000237596,4,88996680,.,ENSP00000237596,A,G,p.E914G,p.E914G,c.2741A>G,missense,1,121404,0,0.000008237,1,10406,0,0,8650,0,0,66736,0,0,6614,0,0,11578,0,0,908,0,0,16512,0
ENST00000237596,4,88996683,.,ENSP00000237596,G,T,p.R915L,p.R915L,c.2744G>T,missense,1,121402,0,0.000008237,0,10406,0,0,8650,0,1,66736,0,0,6614,0,0,11576,0,0,908,0,0,16512,0
ENST00000237596,4,88996683,.,ENSP00000237596,G,A,p.R915H,p.R915H,c.2744G>A,missense,1,121402,0,0.000008237,0,10406,0,1,8650,0,0,66736,0,0,6614,0,0,11576,0,0,908,0,0,16512,0
ENST00000237596,4,88996694,.,ENSP00000237596,G,A,p.D919N,p.D919N,c.2755G>A,missense,6,121402,0,0.00004942,1,10406,0,1,8648,0,2,66736,0,0,6614,0,0,11578,0,0,908,0,2,16512,0
ENST00000237596,4,88996699,.,ENSP00000237596,T,G,p.D920E,p.D920E,c.2760T>G,missense,1,121406,0,0.000008237,1,10406,0,0,8650,0,0,66738,0,0,6614,0,0,11578,0,0,908,0,0,16512,0
ENST00000237596,4,88996701,.,ENSP00000237596,C,T,p.A921V,p.A921V,c.2762C>T,missense,2,121408,0,0.00001647,0,10406,0,0,8652,0,0,66738,0,0,6614,0,2,11578,0,0,908,0,0,16512,0
ENST00000237596,4,88996710,.,ENSP00000237596,A,G,p.Q924R,p.Q924R,c.2771A>G,missense,1,121404,0,0.000008237,0,10406,0,0,8648,0,0,66738,0,0,6614,0,0,11578,0,0,908,0,1,16512,0
ENST00000237596,4,88996719,.,ENSP00000237596,A,C,p.H927P,p.H927P,c.2780A>C,missense,4,121408,0,0.00003295,0,10406,0,0,8652,0,4,66738,0,0,6614,0,0,11578,0,0,908,0,0,16512,0
ENST00000237596,4,88996722,.,ENSP00000237596,G,C,p.G928A,p.G928A,c.2783G>C,missense,2,121406,0,0.00001647,0,10406,0,2,8650,0,0,66738,0,0,6614,0,0,11578,0,0,908,0,0,16512,0
ENST00000237596,4,88996731,.,ENSP00000237596,C,T,p.T931M,p.T931M,c.2792C>T,missense,9,121406,0,0.00007413,0,10406,0,6,8650,0,1,66738,0,0,6614,0,1,11578,0,0,908,0,1,16512,0
ENST00000237596,4,88996740,.,ENSP00000237596,G,A,p.G934E,p.G934E,c.2801G>A,missense,1,121402,0,0.000008237,0,10406,0,0,8646,0,0,66738,0,0,6614,0,0,11578,0,0,908,0,1,16512,0
ENST00000237596,4,88996755,.,ENSP00000237596,C,T,p.P939L,p.P939L,c.2816C>T,missense,1,121406,0,0.000008237,0,10406,0,0,8652,0,0,66738,0,0,6614,0,1,11576,0,0,908,0,0,16512,0
ENST00000237596,4,88996758,.,ENSP00000237596,G,T,p.R940L,p.R940L,c.2819G>T,missense,1,121404,0,0.000008237,0,10406,0,0,8648,0,0,66738,0,0,6614,0,0,11578,0,0,908,0,1,16512,0
ENST00000237596,4,88996761,.,ENSP00000237596,C,T,p.P941L,p.P941L,c.2822C>T,missense,2,121400,0,0.00001647,0,10406,0,0,8648,0,0,66736,0,0,6614,0,2,11576,0,0,908,0,0,16512,0
ENST00000237596,4,88996772,.,ENSP00000237596,C,T,p.R945C,p.R945C,c.2833C>T,missense,4,121390,0,0.00003295,1,10406,0,0,8646,0,1,66730,0,0,6614,0,1,11574,0,0,908,0,1,16512,0
ENST00000237596,4,88996773,.,ENSP00000237596,G,A,p.R945H,p.R945H,c.2834G>A,missense,2,121390,0,0.00001648,0,10406,0,2,8648,0,0,66730,0,0,6614,0,0,11572,0,0,908,0,0,16512,0
ENST00000237596,4,88996773,.,ENSP00000237596,G,T,p.R945L,p.R945L,c.2834G>T,missense,1,121390,0,0.000008238,0,10406,0,0,8648,0,0,66730,0,0,6614,0,0,11572,0,0,908,0,1,16512,0
ENST00000237596,4,88996776,.,ENSP00000237596,C,T,p.P946L,p.P946L,c.2837C>T,missense,4,121392,0,0.00003295,1,10406,0,0,8646,0,3,66732,0,0,6614,0,0,11574,0,0,908,0,0,16512,0
ENST00000237596,4,88996776,.,ENSP00000237596,C,G,p.P946R,p.P946R,c.2837C>G,missense,2,121392,0,0.00001648,0,10406,0,0,8646,0,2,66732,0,0,6614,0,0,11574,0,0,908,0,0,16512,0
ENST00000237596,4,88996785,.,ENSP00000237596,C,T,p.S949F,p.S949F,c.2846C>T,missense,11,121384,0,0.00009062,0,10406,0,0,8648,0,10,66726,0,0,6614,0,0,11570,0,0,908,0,1,16512,0
ENST00000237596,4,88996785,.,ENSP00000237596,C,G,p.S949C,p.S949C,c.2846C>G,missense,6,121384,0,0.00004943,0,10406,0,6,8648,0,0,66726,0,0,6614,0,0,11570,0,0,908,0,0,16512,0
ENST00000237596,4,88996793,.,ENSP00000237596,A,G,p.T952A,p.T952A,c.2854A>G,missense,1,121372,0,0.000008239,0,10404,0,1,8644,0,0,66722,0,0,6614,0,0,11570,0,0,908,0,0,16510,0
ENST00000237596,4,88996805,rs142701912,ENSP00000237596,G,A,p.E956K,p.E956K,c.2866G>A,missense,15,121344,0,0.0001236,13,10394,0,0,8646,0,0,66702,0,0,6614,0,2,11572,0,0,908,0,0,16508,0
ENST00000237596,4,88996830,.,ENSP00000237596,C,G,p.S964C,p.S964C,c.2891C>G,missense,1,121128,0,0.000008256,0,10376,0,0,8618,0,1,66560,0,0,6610,0,0,11552,0,0,908,0,0,16504,0
ENST00000237596,4,88996832,.,ENSP00000237596,A,G,p.N965D,p.N965D,c.2893A>G,missense,1,121118,0,0.000008256,0,10374,0,0,8618,0,0,66554,0,0,6608,0,0,11552,0,1,908,0,0,16504,0
ENST00000237596,4,88996836,.,ENSP00000237596,T,G,p.V966G,p.V966G,c.2897T>G,missense,1,121066,0,0.00000826,0,10358,0,0,8608,0,1,66530,0,0,6608,0,0,11550,0,0,908,0,0,16504,0
ENST00000237596,4,88996841,.,ENSP00000237596,G,C,p.V968L,p.V968L,c.2902G>C,missense,2,120982,0,0.00001653,0,10352,0,0,8592,0,2,66484,0,0,6608,0,0,11544,0,0,908,0,0,16494,0
