,AA_pos,Low_Freq_sub,Freq,ProtID,Km CO2/Km O2
1,1.0,R,8.571428571428571,P19162,13.7 376.0
2,1.0,R,8.571428571428571,P19161,20.4 420.0
3,1.0,R,8.571428571428571,E9N7B0,14.4 374.0
4,2.0,-,2.857142857142857,Q5K3D9,10.7 453.0
5,3.0,-,2.857142857142857,Q5K3D9,10.7 453.0
6,3.0,V,2.857142857142857,P00877,31.0 527.0
7,4.0,-,2.857142857142857,Q5K3D9,10.7 453.0
8,5.0,K,5.714285714285714,A0A0G4AJP0,15.5 561.0
9,5.0,-,2.857142857142857,Q5K3D9,10.7 453.0
10,5.0,K,5.714285714285714,Q6EW71,11.2 438.0
11,5.0,P,2.857142857142857,S4TAB7,11.2 415.0
12,6.0,-,2.857142857142857,Q5K3D9,10.7 453.0
13,7.0,-,2.857142857142857,Q5K3D9,10.7 453.0
14,8.0,-,2.857142857142857,Q5K3D9,10.7 453.0
15,9.0,-,2.857142857142857,Q5K3D9,10.7 453.0
16,10.0,S,2.857142857142857,A0A068EM41,8.5 381.0
17,10.0,T,2.857142857142857,P00878,25.0 410.0
18,10.0,-,2.857142857142857,Q5K3D9,10.7 453.0
19,11.0,F,2.857142857142857,A0A068EM41,8.5 381.0
20,11.0,G,17.142857142857142,P00878,25.0 410.0
21,11.0,G,17.142857142857142,P28405,10.3 327.0
22,11.0,G,17.142857142857142,P06292,12.7 565.0
23,11.0,G,17.142857142857142,P11383,10.3 414.0
24,11.0,G,17.142857142857142,A0A0D2X737,8.7 183.0
25,11.0,N,2.857142857142857,Q05798,13.6 317.0
26,11.0,-,2.857142857142857,Q5K3D9,10.7 453.0
27,11.0,G,17.142857142857142,P00877,31.0 527.0
28,12.0,A,5.714285714285714,P00878,25.0 410.0
29,12.0,-,2.857142857142857,Q5K3D9,10.7 453.0
30,12.0,A,5.714285714285714,P00877,31.0 527.0
31,13.0,E,2.857142857142857,P00875,12.1 574.0
32,13.0,-,2.857142857142857,Q5K3D9,10.7 453.0
33,14.0,-,2.857142857142857,Q5K3D9,10.7 453.0
34,15.0,-,2.857142857142857,Q5K3D9,10.7 453.0
35,20.0,E,14.285714285714285,X5HXR0,10.5 236.0
36,20.0,E,14.285714285714285,P00876,12.6 274.0
37,20.0,E,14.285714285714285,O03042,9.8 192.0
38,20.0,E,14.285714285714285,X5IB66,7.8 328.0
39,20.0,E,14.285714285714285,X5I0G8,6.7 356.0
40,22.0,R,31.428571428571427,X5ICS9,13.9 391.0
41,22.0,R,31.428571428571427,X5I0H3,9.7 400.0
42,22.0,R,31.428571428571427,P00878,25.0 410.0
43,22.0,R,31.428571428571427,A0A0G4AJP0,15.5 561.0
44,22.0,R,31.428571428571427,P06292,12.7 565.0
45,22.0,R,31.428571428571427,Q6EW71,11.2 438.0
46,22.0,R,31.428571428571427,X5IB65,8.8 525.0
47,22.0,R,31.428571428571427,X5IB77,19.2 806.0
48,22.0,R,31.428571428571427,X5I0Y3,12.4 459.0
49,22.0,R,31.428571428571427,X5ICR4,9.7 413.0
50,22.0,R,31.428571428571427,P00877,31.0 527.0
51,29.0,D,34.285714285714285,P28451,12.6 426.0
52,29.0,D,34.285714285714285,X5I0H3,9.7 400.0
53,29.0,D,34.285714285714285,X5HXR0,10.5 236.0
54,29.0,D,34.285714285714285,P00878,25.0 410.0
55,29.0,D,34.285714285714285,A2VA54,9.5 313.0
56,29.0,D,34.285714285714285,P06292,12.7 565.0
57,29.0,D,34.285714285714285,A0A0D2X737,8.7 183.0
58,29.0,D,34.285714285714285,Q05798,13.6 317.0
59,29.0,D,34.285714285714285,X5IB77,19.2 806.0
60,29.0,D,34.285714285714285,X5ICR4,9.7 413.0
61,29.0,D,34.285714285714285,Q9BA63,9.0 364.0
62,29.0,D,34.285714285714285,P00877,31.0 527.0
63,31.0,K,5.714285714285714,X5ICS9,13.9 391.0
64,31.0,Q,17.142857142857142,P00878,25.0 410.0
65,31.0,Q,17.142857142857142,A2VA54,9.5 313.0
66,31.0,Q,17.142857142857142,P28405,10.3 327.0
67,31.0,Q,17.142857142857142,P00876,12.6 274.0
68,31.0,A,2.857142857142857,A0A0G4AJP0,15.5 561.0
69,31.0,Q,17.142857142857142,X5ICR6,11.8 348.0
70,31.0,Q,17.142857142857142,X5IB65,8.8 525.0
71,31.0,K,5.714285714285714,X5I0Y3,12.4 459.0
72,31.0,V,2.857142857142857,P00877,31.0 527.0
73,32.0,V,5.714285714285714,P00878,25.0 410.0
74,32.0,P,2.857142857142857,A2VA54,9.5 313.0
75,32.0,V,5.714285714285714,P00877,31.0 527.0
76,33.0,L,20.0,P00875,12.1 574.0
77,33.0,L,20.0,X5ICS6,8.8 344.0
78,33.0,L,20.0,A0A068EM41,8.5 381.0
79,33.0,S,2.857142857142857,P00878,25.0 410.0
80,33.0,Q,5.714285714285714,A2VA54,9.5 313.0
81,33.0,L,20.0,P28405,10.3 327.0
82,33.0,L,20.0,X5IB74,8.4 457.0
83,33.0,L,20.0,X5ICR6,11.8 348.0
84,33.0,L,20.0,Q6EW71,11.2 438.0
85,33.0,Q,5.714285714285714,S4TAB7,11.2 415.0
86,33.0,R,2.857142857142857,P00877,31.0 527.0
87,34.0,A,5.714285714285714,P28451,12.6 426.0
88,34.0,E,5.714285714285714,P00878,25.0 410.0
89,34.0,A,5.714285714285714,Q6EW71,11.2 438.0
90,34.0,E,5.714285714285714,X5IB77,19.2 806.0
91,43.0,M,17.142857142857142,X5ICS9,13.9 391.0
92,43.0,M,17.142857142857142,P00878,25.0 410.0
93,43.0,M,17.142857142857142,P06292,12.7 565.0
94,43.0,M,17.142857142857142,X5IB77,19.2 806.0
95,43.0,M,17.142857142857142,X5I0Y3,12.4 459.0
96,43.0,M,17.142857142857142,P00877,31.0 527.0
97,44.0,S,14.285714285714285,P00875,12.1 574.0
98,44.0,S,14.285714285714285,A2VA54,9.5 313.0
99,44.0,S,14.285714285714285,P11383,10.3 414.0
100,44.0,S,14.285714285714285,Q05798,13.6 317.0
101,44.0,S,14.285714285714285,S4TAB7,11.2 415.0
102,47.0,L,5.714285714285714,P00874,34.0 810.0
103,47.0,L,5.714285714285714,P00877,31.0 527.0
104,51.0,A,14.285714285714285,X5ICS9,13.9 391.0
105,51.0,A,14.285714285714285,P00878,25.0 410.0
106,51.0,S,2.857142857142857,A2VA54,9.5 313.0
107,51.0,A,14.285714285714285,P06292,12.7 565.0
108,51.0,A,14.285714285714285,X5I0Y3,12.4 459.0
109,51.0,A,14.285714285714285,X5ICR4,9.7 413.0
110,54.0,C,5.714285714285714,P00878,25.0 410.0
111,54.0,C,5.714285714285714,P00877,31.0 527.0
112,56.0,T,2.857142857142857,P28405,10.3 327.0
113,56.0,N,2.857142857142857,P06292,12.7 565.0
114,77.0,N,17.142857142857142,P00875,12.1 574.0
115,77.0,N,17.142857142857142,X5ICS6,8.8 344.0
116,77.0,N,17.142857142857142,A0A068EM41,8.5 381.0
117,77.0,Q,2.857142857142857,P00878,25.0 410.0
118,77.0,N,17.142857142857142,P06292,12.7 565.0
119,77.0,N,17.142857142857142,X5IB74,8.4 457.0
120,77.0,N,17.142857142857142,X5IB77,19.2 806.0
121,87.0,G,11.428571428571429,P19162,13.7 376.0
122,87.0,D,25.71428571428571,X5ICS9,13.9 391.0
123,87.0,D,25.71428571428571,P00878,25.0 410.0
124,87.0,R,2.857142857142857,P00876,12.6 274.0
125,87.0,D,25.71428571428571,A0A0G4AJP0,15.5 561.0
126,87.0,G,11.428571428571429,X5I0X2,6.4 321.0
127,87.0,D,25.71428571428571,P06292,12.7 565.0
128,87.0,E,2.857142857142857,A0A0D2X737,8.7 183.0
129,87.0,D,25.71428571428571,Q05798,13.6 317.0
130,87.0,D,25.71428571428571,X5IB65,8.8 525.0
131,87.0,D,25.71428571428571,X5IB77,19.2 806.0
132,87.0,D,25.71428571428571,X5I0Y3,12.4 459.0
133,87.0,G,11.428571428571429,P19161,20.4 420.0
134,87.0,G,11.428571428571429,E9N7B0,14.4 374.0
135,87.0,D,25.71428571428571,P00877,31.0 527.0
136,88.0,L,2.857142857142857,P00878,25.0 410.0
137,89.0,D,5.714285714285714,A2VA54,9.5 313.0
138,89.0,D,5.714285714285714,P06292,12.7 565.0
139,90.0,A,5.714285714285714,X5I0H3,9.7 400.0
140,90.0,R,2.857142857142857,P00876,12.6 274.0
141,90.0,A,5.714285714285714,X5ICR4,9.7 413.0
142,90.0,T,2.857142857142857,Q9BA63,9.0 364.0
143,92.0,P,34.285714285714285,P19162,13.7 376.0
144,92.0,A,42.857142857142854,P00875,12.1 574.0
145,92.0,A,42.857142857142854,P28451,12.6 426.0
146,92.0,A,42.857142857142854,X5ICS9,13.9 391.0
147,92.0,V,11.428571428571429,X5I0H3,9.7 400.0
148,92.0,A,42.857142857142854,X5ICS6,8.8 344.0
149,92.0,A,42.857142857142854,X5HXR0,10.5 236.0
150,92.0,A,42.857142857142854,A0A068EM41,8.5 381.0
151,92.0,P,34.285714285714285,P00878,25.0 410.0
152,92.0,P,34.285714285714285,A2VA54,9.5 313.0
153,92.0,S,5.714285714285714,P28405,10.3 327.0
154,92.0,V,11.428571428571429,P00876,12.6 274.0
155,92.0,P,34.285714285714285,A0A0G4AJP0,15.5 561.0
156,92.0,P,34.285714285714285,O03042,9.8 192.0
157,92.0,L,5.714285714285714,X5IB66,7.8 328.0
158,92.0,P,34.285714285714285,X5I0X2,6.4 321.0
159,92.0,P,34.285714285714285,P06292,12.7 565.0
160,92.0,A,42.857142857142854,P11383,10.3 414.0
161,92.0,A,42.857142857142854,X5IB74,8.4 457.0
162,92.0,P,34.285714285714285,P00874,34.0 810.0
163,92.0,A,42.857142857142854,A0A0D2X737,8.7 183.0
164,92.0,A,42.857142857142854,Q05798,13.6 317.0
165,92.0,A,42.857142857142854,Q5K3D9,10.7 453.0
166,92.0,S,5.714285714285714,X5ICR6,11.8 348.0
167,92.0,A,42.857142857142854,Q6EW71,11.2 438.0
168,92.0,P,34.285714285714285,X5IB65,8.8 525.0
169,92.0,A,42.857142857142854,X5IB77,19.2 806.0
170,92.0,A,42.857142857142854,X5I0Y3,12.4 459.0
171,92.0,V,11.428571428571429,X5ICR4,9.7 413.0
172,92.0,V,11.428571428571429,Q9BA63,9.0 364.0
173,92.0,A,42.857142857142854,S4TAB7,11.2 415.0
174,92.0,P,34.285714285714285,P19161,20.4 420.0
175,92.0,L,5.714285714285714,X5I0G8,6.7 356.0
176,92.0,P,34.285714285714285,E9N7B0,14.4 374.0
177,92.0,P,34.285714285714285,P00877,31.0 527.0
178,94.0,D,2.857142857142857,P00874,34.0 810.0
179,95.0,D,20.0,P19162,13.7 376.0
180,95.0,S,2.857142857142857,P00878,25.0 410.0
181,95.0,D,20.0,A2VA54,9.5 313.0
182,95.0,K,8.571428571428571,P00876,12.6 274.0
183,95.0,K,8.571428571428571,X5IB66,7.8 328.0
184,95.0,D,20.0,P11383,10.3 414.0
185,95.0,P,2.857142857142857,P00874,34.0 810.0
186,95.0,D,20.0,Q5K3D9,10.7 453.0
187,95.0,D,20.0,P19161,20.4 420.0
188,95.0,K,8.571428571428571,X5I0G8,6.7 356.0
189,95.0,D,20.0,E9N7B0,14.4 374.0
190,95.0,D,20.0,P00877,31.0 527.0
191,96.0,S,11.428571428571429,A0A068EM41,8.5 381.0
192,96.0,D,11.428571428571429,P00876,12.6 274.0
193,96.0,T,2.857142857142857,O03042,9.8 192.0
194,96.0,D,11.428571428571429,X5IB66,7.8 328.0
195,96.0,S,11.428571428571429,X5I0X2,6.4 321.0
196,96.0,S,11.428571428571429,P11383,10.3 414.0
197,96.0,S,11.428571428571429,X5IB74,8.4 457.0
198,96.0,D,11.428571428571429,P00874,34.0 810.0
199,96.0,D,11.428571428571429,X5I0G8,6.7 356.0
200,98.0,F,31.428571428571427,X5ICS6,8.8 344.0
201,98.0,F,31.428571428571427,X5HXR0,10.5 236.0
202,98.0,F,31.428571428571427,A0A068EM41,8.5 381.0
203,98.0,F,31.428571428571427,P28405,10.3 327.0
204,98.0,F,31.428571428571427,A0A0G4AJP0,15.5 561.0
205,98.0,F,31.428571428571427,O03042,9.8 192.0
206,98.0,F,31.428571428571427,X5I0X2,6.4 321.0
207,98.0,W,5.714285714285714,P11383,10.3 414.0
208,98.0,F,31.428571428571427,X5IB74,8.4 457.0
209,98.0,W,5.714285714285714,Q5K3D9,10.7 453.0
210,98.0,F,31.428571428571427,X5ICR6,11.8 348.0
211,98.0,F,31.428571428571427,X5IB65,8.8 525.0
212,98.0,F,31.428571428571427,X5IB77,19.2 806.0
213,100.0,C,22.857142857142858,P00875,12.1 574.0
214,100.0,C,22.857142857142858,A2VA54,9.5 313.0
215,100.0,V,5.714285714285714,P28405,10.3 327.0
216,100.0,C,22.857142857142858,X5IB66,7.8 328.0
217,100.0,C,22.857142857142858,P11383,10.3 414.0
218,100.0,C,22.857142857142858,P00874,34.0 810.0
219,100.0,C,22.857142857142858,Q5K3D9,10.7 453.0
220,100.0,V,5.714285714285714,X5ICR6,11.8 348.0
221,100.0,C,22.857142857142858,S4TAB7,11.2 415.0
222,100.0,C,22.857142857142858,X5I0G8,6.7 356.0
223,106.0,I,5.714285714285714,P00878,25.0 410.0
224,106.0,I,5.714285714285714,P00877,31.0 527.0
225,117.0,L,14.285714285714285,X5ICS9,13.9 391.0
226,117.0,L,14.285714285714285,P00878,25.0 410.0
227,117.0,L,14.285714285714285,A0A0G4AJP0,15.5 561.0
228,117.0,L,14.285714285714285,X5IB77,19.2 806.0
229,117.0,L,14.285714285714285,X5I0Y3,12.4 459.0
230,118.0,L,2.857142857142857,P00878,25.0 410.0
231,132.0,A,2.857142857142857,O03042,9.8 192.0
232,141.0,V,5.714285714285714,X5IB66,7.8 328.0
233,141.0,V,5.714285714285714,X5IB65,8.8 525.0
234,143.0,T,14.285714285714285,P19162,13.7 376.0
235,143.0,V,14.285714285714285,P00875,12.1 574.0
236,143.0,V,14.285714285714285,X5HXR0,10.5 236.0
237,143.0,I,2.857142857142857,A2VA54,9.5 313.0
238,143.0,T,14.285714285714285,X5I0X2,6.4 321.0
239,143.0,V,14.285714285714285,A0A0D2X737,8.7 183.0
240,143.0,V,14.285714285714285,Q05798,13.6 317.0
241,143.0,T,14.285714285714285,Q9BA63,9.0 364.0
242,143.0,V,14.285714285714285,S4TAB7,11.2 415.0
243,143.0,T,14.285714285714285,P19161,20.4 420.0
244,143.0,T,14.285714285714285,E9N7B0,14.4 374.0
245,144.0,T,2.857142857142857,P11383,10.3 414.0
246,144.0,S,5.714285714285714,A0A0D2X737,8.7 183.0
247,144.0,S,5.714285714285714,Q9BA63,9.0 364.0
248,146.0,V,31.428571428571427,P19162,13.7 376.0
249,146.0,V,31.428571428571427,P00875,12.1 574.0
250,146.0,V,31.428571428571427,X5HXR0,10.5 236.0
251,146.0,V,31.428571428571427,A2VA54,9.5 313.0
252,146.0,V,31.428571428571427,P00876,12.6 274.0
253,146.0,T,8.571428571428571,O03042,9.8 192.0
254,146.0,I,8.571428571428571,X5IB66,7.8 328.0
255,146.0,V,31.428571428571427,X5I0X2,6.4 321.0
256,146.0,T,8.571428571428571,P06292,12.7 565.0
257,146.0,V,31.428571428571427,A0A0D2X737,8.7 183.0
258,146.0,V,31.428571428571427,Q05798,13.6 317.0
259,146.0,T,8.571428571428571,Q5K3D9,10.7 453.0
260,146.0,I,8.571428571428571,S4TAB7,11.2 415.0
261,146.0,V,31.428571428571427,P19161,20.4 420.0
262,146.0,I,8.571428571428571,X5I0G8,6.7 356.0
263,146.0,V,31.428571428571427,E9N7B0,14.4 374.0
264,146.0,V,31.428571428571427,P00877,31.0 527.0
265,150.0,E,2.857142857142857,P19162,13.7 376.0
266,150.0,I,5.714285714285714,X5ICS9,13.9 391.0
267,150.0,W,2.857142857142857,P00878,25.0 410.0
268,150.0,I,5.714285714285714,X5I0Y3,12.4 459.0
269,150.0,A,2.857142857142857,P19161,20.4 420.0
270,150.0,D,2.857142857142857,E9N7B0,14.4 374.0
271,150.0,V,2.857142857142857,P00877,31.0 527.0
272,162.0,R,2.857142857142857,P00878,25.0 410.0
273,169.0,G,2.857142857142857,P00877,31.0 527.0
274,190.0,C,20.0,P19162,13.7 376.0
275,190.0,C,20.0,P11383,10.3 414.0
276,190.0,C,20.0,P00874,34.0 810.0
277,190.0,C,20.0,Q5K3D9,10.7 453.0
278,190.0,C,20.0,S4TAB7,11.2 415.0
279,190.0,C,20.0,P19161,20.4 420.0
280,190.0,C,20.0,E9N7B0,14.4 374.0
281,211.0,S,2.857142857142857,P00878,25.0 410.0
282,220.0,C,5.714285714285714,A0A0G4AJP0,15.5 561.0
283,220.0,V,11.428571428571429,P11383,10.3 414.0
284,220.0,V,11.428571428571429,P00874,34.0 810.0
285,220.0,V,11.428571428571429,Q05798,13.6 317.0
286,220.0,V,11.428571428571429,Q5K3D9,10.7 453.0
287,220.0,C,5.714285714285714,X5IB65,8.8 525.0
288,222.0,V,14.285714285714285,X5ICS9,13.9 391.0
289,222.0,V,14.285714285714285,P06292,12.7 565.0
290,222.0,V,14.285714285714285,X5IB77,19.2 806.0
291,222.0,V,14.285714285714285,X5I0Y3,12.4 459.0
292,222.0,V,14.285714285714285,P00877,31.0 527.0
293,223.0,S,2.857142857142857,X5ICS9,13.9 391.0
294,223.0,T,11.428571428571429,X5ICS6,8.8 344.0
295,223.0,T,11.428571428571429,A0A068EM41,8.5 381.0
296,223.0,T,11.428571428571429,X5IB74,8.4 457.0
297,223.0,T,11.428571428571429,Q9BA63,9.0 364.0
298,226.0,L,25.71428571428571,P00875,12.1 574.0
299,226.0,L,25.71428571428571,X5ICS9,13.9 391.0
300,226.0,L,25.71428571428571,P28405,10.3 327.0
301,226.0,L,25.71428571428571,P00876,12.6 274.0
302,226.0,L,25.71428571428571,A0A0G4AJP0,15.5 561.0
303,226.0,L,25.71428571428571,X5ICR6,11.8 348.0
304,226.0,L,25.71428571428571,X5I0Y3,12.4 459.0
305,226.0,L,25.71428571428571,Q9BA63,9.0 364.0
306,226.0,L,25.71428571428571,X5I0G8,6.7 356.0
307,227.0,F,5.714285714285714,X5ICS9,13.9 391.0
308,227.0,F,5.714285714285714,X5I0Y3,12.4 459.0
309,229.0,S,20.0,X5HXR0,10.5 236.0
310,229.0,S,20.0,O03042,9.8 192.0
311,229.0,S,20.0,X5I0X2,6.4 321.0
312,229.0,S,20.0,P06292,12.7 565.0
313,229.0,S,20.0,P11383,10.3 414.0
314,229.0,S,20.0,X5IB77,19.2 806.0
315,229.0,S,20.0,X5I0Y3,12.4 459.0
316,231.0,T,2.857142857142857,P00878,25.0 410.0
317,234.0,N,2.857142857142857,X5IB77,19.2 806.0
318,236.0,V,14.285714285714285,X5ICS6,8.8 344.0
319,236.0,V,14.285714285714285,A0A068EM41,8.5 381.0
320,236.0,V,14.285714285714285,P00878,25.0 410.0
321,236.0,V,14.285714285714285,X5IB74,8.4 457.0
322,236.0,V,14.285714285714285,P00877,31.0 527.0
323,246.0,A,5.714285714285714,A0A068EM41,8.5 381.0
324,246.0,A,5.714285714285714,S4TAB7,11.2 415.0
325,248.0,W,2.857142857142857,P28451,12.6 426.0
326,248.0,S,11.428571428571429,X5ICS6,8.8 344.0
327,248.0,S,11.428571428571429,A0A068EM41,8.5 381.0
328,248.0,S,11.428571428571429,X5IB74,8.4 457.0
329,248.0,S,11.428571428571429,Q6EW71,11.2 438.0
330,250.0,D,2.857142857142857,P00875,12.1 574.0
331,252.0,L,14.285714285714285,P19162,13.7 376.0
332,252.0,M,28.57142857142857,P00875,12.1 574.0
333,252.0,M,28.57142857142857,X5ICS9,13.9 391.0
334,252.0,M,28.57142857142857,X5HXR0,10.5 236.0
335,252.0,Y,2.857142857142857,P00878,25.0 410.0
336,252.0,M,28.57142857142857,A0A0G4AJP0,15.5 561.0
337,252.0,M,28.57142857142857,X5IB66,7.8 328.0
338,252.0,L,14.285714285714285,P06292,12.7 565.0
339,252.0,M,28.57142857142857,A0A0D2X737,8.7 183.0
340,252.0,M,28.57142857142857,Q05798,13.6 317.0
341,252.0,M,28.57142857142857,Q6EW71,11.2 438.0
342,252.0,L,14.285714285714285,X5IB77,19.2 806.0
343,252.0,V,2.857142857142857,X5I0Y3,12.4 459.0
344,252.0,M,28.57142857142857,Q9BA63,9.0 364.0
345,252.0,L,14.285714285714285,P19161,20.4 420.0
346,252.0,L,14.285714285714285,E9N7B0,14.4 374.0
347,252.0,M,28.57142857142857,P00877,31.0 527.0
348,256.0,A,17.142857142857142,X5ICS9,13.9 391.0
349,256.0,A,17.142857142857142,X5ICS6,8.8 344.0
350,256.0,A,17.142857142857142,A0A068EM41,8.5 381.0
351,256.0,S,2.857142857142857,P00878,25.0 410.0
352,256.0,A,17.142857142857142,P06292,12.7 565.0
353,256.0,A,17.142857142857142,X5IB74,8.4 457.0
354,256.0,I,5.714285714285714,A0A0D2X737,8.7 183.0
355,256.0,E,2.857142857142857,Q05798,13.6 317.0
356,256.0,A,17.142857142857142,X5IB77,19.2 806.0
357,256.0,I,5.714285714285714,Q9BA63,9.0 364.0
358,257.0,C,17.142857142857142,X5ICS6,8.8 344.0
359,257.0,C,17.142857142857142,A0A068EM41,8.5 381.0
360,257.0,C,17.142857142857142,P06292,12.7 565.0
361,257.0,C,17.142857142857142,X5IB74,8.4 457.0
362,257.0,C,17.142857142857142,Q6EW71,11.2 438.0
363,257.0,C,17.142857142857142,P00877,31.0 527.0
364,259.0,Y,2.857142857142857,X5ICS9,13.9 391.0
365,259.0,A,2.857142857142857,P00878,25.0 410.0
366,259.0,K,2.857142857142857,P00877,31.0 527.0
367,260.0,Q,2.857142857142857,P00878,25.0 410.0
368,261.0,I,2.857142857142857,P00878,25.0 410.0
369,263.0,A,8.571428571428571,X5IB77,19.2 806.0
370,263.0,A,8.571428571428571,X5I0Y3,12.4 459.0
371,263.0,A,8.571428571428571,S4TAB7,11.2 415.0
372,266.0,I,11.428571428571429,P00878,25.0 410.0
373,266.0,I,11.428571428571429,P19161,20.4 420.0
374,266.0,I,11.428571428571429,E9N7B0,14.4 374.0
375,266.0,I,11.428571428571429,P00877,31.0 527.0
376,271.0,I,2.857142857142857,Q5K3D9,10.7 453.0
377,277.0,S,8.571428571428571,X5ICS6,8.8 344.0
378,277.0,S,8.571428571428571,A0A068EM41,8.5 381.0
379,277.0,S,8.571428571428571,X5IB74,8.4 457.0
380,280.0,T,17.142857142857142,P00875,12.1 574.0
381,280.0,T,17.142857142857142,P11383,10.3 414.0
382,280.0,T,17.142857142857142,P00874,34.0 810.0
383,280.0,T,17.142857142857142,Q05798,13.6 317.0
384,280.0,T,17.142857142857142,Q5K3D9,10.7 453.0
385,280.0,T,17.142857142857142,X5IB77,19.2 806.0
386,282.0,S,25.71428571428571,P19162,13.7 376.0
387,282.0,S,25.71428571428571,P00875,12.1 574.0
388,282.0,S,25.71428571428571,A2VA54,9.5 313.0
389,282.0,S,25.71428571428571,O03042,9.8 192.0
390,282.0,S,25.71428571428571,X5IB66,7.8 328.0
391,282.0,S,25.71428571428571,X5I0X2,6.4 321.0
392,282.0,S,25.71428571428571,P00874,34.0 810.0
393,282.0,S,25.71428571428571,P19161,20.4 420.0
394,282.0,S,25.71428571428571,E9N7B0,14.4 374.0
395,283.0,F,8.571428571428571,X5ICS9,13.9 391.0
396,283.0,M,2.857142857142857,P00878,25.0 410.0
397,283.0,F,8.571428571428571,P06292,12.7 565.0
398,283.0,F,8.571428571428571,X5I0Y3,12.4 459.0
399,283.0,I,2.857142857142857,P00877,31.0 527.0
400,288.0,H,2.857142857142857,X5ICS9,13.9 391.0
401,306.0,R,20.0,X5ICS9,13.9 391.0
402,306.0,R,20.0,P00878,25.0 410.0
403,306.0,R,20.0,A0A0G4AJP0,15.5 561.0
404,306.0,R,20.0,Q6EW71,11.2 438.0
405,306.0,R,20.0,X5IB65,8.8 525.0
406,306.0,R,20.0,X5I0Y3,12.4 459.0
407,306.0,R,20.0,P00877,31.0 527.0
408,310.0,I,37.142857142857146,P28451,12.6 426.0
409,310.0,I,37.142857142857146,X5ICS9,13.9 391.0
410,310.0,I,37.142857142857146,X5HXR0,10.5 236.0
411,310.0,I,37.142857142857146,P00878,25.0 410.0
412,310.0,I,37.142857142857146,P28405,10.3 327.0
413,310.0,I,37.142857142857146,P00876,12.6 274.0
414,310.0,I,37.142857142857146,P06292,12.7 565.0
415,310.0,I,37.142857142857146,A0A0D2X737,8.7 183.0
416,310.0,I,37.142857142857146,Q05798,13.6 317.0
417,310.0,I,37.142857142857146,X5ICR6,11.8 348.0
418,310.0,I,37.142857142857146,Q6EW71,11.2 438.0
419,310.0,I,37.142857142857146,P19161,20.4 420.0
420,310.0,I,37.142857142857146,P00877,31.0 527.0
421,311.0,D,2.857142857142857,P28405,10.3 327.0
422,318.0,T,2.857142857142857,P00878,25.0 410.0
423,321.0,L,20.0,P00875,12.1 574.0
424,321.0,L,20.0,A2VA54,9.5 313.0
425,321.0,L,20.0,O03042,9.8 192.0
426,321.0,L,20.0,X5IB66,7.8 328.0
427,321.0,L,20.0,X5IB77,19.2 806.0
428,321.0,L,20.0,S4TAB7,11.2 415.0
429,321.0,L,20.0,X5I0G8,6.7 356.0
430,327.0,L,5.714285714285714,P00878,25.0 410.0
431,327.0,L,5.714285714285714,P00877,31.0 527.0
432,329.0,S,48.57142857142857,P19162,13.7 376.0
433,329.0,S,48.57142857142857,P00875,12.1 574.0
434,329.0,S,48.57142857142857,X5HXR0,10.5 236.0
435,329.0,S,48.57142857142857,P00878,25.0 410.0
436,329.0,S,48.57142857142857,P28405,10.3 327.0
437,329.0,S,48.57142857142857,P00876,12.6 274.0
438,329.0,S,48.57142857142857,X5I0X2,6.4 321.0
439,329.0,S,48.57142857142857,P11383,10.3 414.0
440,329.0,S,48.57142857142857,P00874,34.0 810.0
441,329.0,S,48.57142857142857,A0A0D2X737,8.7 183.0
442,329.0,S,48.57142857142857,Q05798,13.6 317.0
443,329.0,S,48.57142857142857,X5ICR6,11.8 348.0
444,329.0,S,48.57142857142857,S4TAB7,11.2 415.0
445,329.0,S,48.57142857142857,P19161,20.4 420.0
446,329.0,S,48.57142857142857,X5I0G8,6.7 356.0
447,329.0,S,48.57142857142857,E9N7B0,14.4 374.0
448,329.0,S,48.57142857142857,P00877,31.0 527.0
449,339.0,D,5.714285714285714,O03042,9.8 192.0
450,339.0,D,5.714285714285714,P06292,12.7 565.0
451,341.0,D,34.285714285714285,P00875,12.1 574.0
452,341.0,D,34.285714285714285,P28451,12.6 426.0
453,341.0,D,34.285714285714285,X5HXR0,10.5 236.0
454,341.0,D,34.285714285714285,A2VA54,9.5 313.0
455,341.0,D,34.285714285714285,P28405,10.3 327.0
456,341.0,D,34.285714285714285,P00876,12.6 274.0
457,341.0,Q,5.714285714285714,P06292,12.7 565.0
458,341.0,D,34.285714285714285,A0A0D2X737,8.7 183.0
459,341.0,D,34.285714285714285,Q05798,13.6 317.0
460,341.0,D,34.285714285714285,X5ICR6,11.8 348.0
461,341.0,D,34.285714285714285,Q6EW71,11.2 438.0
462,341.0,D,34.285714285714285,X5IB65,8.8 525.0
463,341.0,Q,5.714285714285714,X5IB77,19.2 806.0
464,341.0,D,34.285714285714285,S4TAB7,11.2 415.0
465,342.0,V,25.71428571428571,X5ICS9,13.9 391.0
466,342.0,M,14.285714285714285,X5I0H3,9.7 400.0
467,342.0,V,25.71428571428571,P00878,25.0 410.0
468,342.0,V,25.71428571428571,A0A0G4AJP0,15.5 561.0
469,342.0,S,2.857142857142857,O03042,9.8 192.0
470,342.0,V,25.71428571428571,P06292,12.7 565.0
471,342.0,M,14.285714285714285,P11383,10.3 414.0
472,342.0,M,14.285714285714285,Q5K3D9,10.7 453.0
473,342.0,V,25.71428571428571,Q6EW71,11.2 438.0
474,342.0,V,25.71428571428571,X5IB65,8.8 525.0
475,342.0,V,25.71428571428571,X5IB77,19.2 806.0
476,342.0,V,25.71428571428571,X5I0Y3,12.4 459.0
477,342.0,M,14.285714285714285,X5ICR4,9.7 413.0
478,342.0,M,14.285714285714285,Q9BA63,9.0 364.0
479,342.0,V,25.71428571428571,P00877,31.0 527.0
480,348.0,V,2.857142857142857,P28405,10.3 327.0
481,350.0,M,5.714285714285714,P00878,25.0 410.0
482,350.0,M,5.714285714285714,P00877,31.0 527.0
483,352.0,E,2.857142857142857,P28451,12.6 426.0
484,353.0,A,2.857142857142857,P00878,25.0 410.0
485,354.0,Y,40.0,P00875,12.1 574.0
486,354.0,Y,40.0,P28451,12.6 426.0
487,354.0,Y,40.0,X5ICS9,13.9 391.0
488,354.0,Y,40.0,X5ICS6,8.8 344.0
489,354.0,Y,40.0,A0A068EM41,8.5 381.0
490,354.0,Y,40.0,P00878,25.0 410.0
491,354.0,H,2.857142857142857,A2VA54,9.5 313.0
492,354.0,Y,40.0,O03042,9.8 192.0
493,354.0,Y,40.0,P06292,12.7 565.0
494,354.0,Y,40.0,X5IB74,8.4 457.0
495,354.0,Y,40.0,X5IB77,19.2 806.0
496,354.0,Y,40.0,X5I0Y3,12.4 459.0
497,354.0,Y,40.0,X5ICR4,9.7 413.0
498,354.0,Y,40.0,S4TAB7,11.2 415.0
499,354.0,Y,40.0,P00877,31.0 527.0
500,355.0,T,8.571428571428571,P00875,12.1 574.0
501,355.0,V,11.428571428571429,P00878,25.0 410.0
502,355.0,T,8.571428571428571,A2VA54,9.5 313.0
503,355.0,V,11.428571428571429,P00876,12.6 274.0
504,355.0,V,11.428571428571429,O03042,9.8 192.0
505,355.0,T,8.571428571428571,S4TAB7,11.2 415.0
506,355.0,V,11.428571428571429,P00877,31.0 527.0
507,357.0,Q,5.714285714285714,P28451,12.6 426.0
508,357.0,I,2.857142857142857,A2VA54,9.5 313.0
509,357.0,Q,5.714285714285714,P00876,12.6 274.0
510,357.0,R,2.857142857142857,X5IB65,8.8 525.0
511,359.0,A,2.857142857142857,A2VA54,9.5 313.0
512,360.0,T,5.714285714285714,P28451,12.6 426.0
513,360.0,T,5.714285714285714,A2VA54,9.5 313.0
514,360.0,A,5.714285714285714,P11383,10.3 414.0
515,360.0,A,5.714285714285714,Q5K3D9,10.7 453.0
516,364.0,F,22.857142857142858,X5I0H3,9.7 400.0
517,364.0,F,22.857142857142858,O03042,9.8 192.0
518,364.0,F,22.857142857142858,X5I0X2,6.4 321.0
519,364.0,F,22.857142857142858,P11383,10.3 414.0
520,364.0,F,22.857142857142858,P00874,34.0 810.0
521,364.0,F,22.857142857142858,Q5K3D9,10.7 453.0
522,364.0,F,22.857142857142858,X5ICR4,9.7 413.0
523,364.0,F,22.857142857142858,Q9BA63,9.0 364.0
524,366.0,S,2.857142857142857,P28451,12.6 426.0
525,368.0,S,8.571428571428571,P00875,12.1 574.0
526,368.0,S,8.571428571428571,A2VA54,9.5 313.0
527,368.0,P,5.714285714285714,P28405,10.3 327.0
528,368.0,P,5.714285714285714,X5ICR6,11.8 348.0
529,368.0,S,8.571428571428571,S4TAB7,11.2 415.0
530,370.0,C,5.714285714285714,P00878,25.0 410.0
531,370.0,C,5.714285714285714,P00877,31.0 527.0
532,371.0,G,2.857142857142857,P00878,25.0 410.0
533,372.0,L,45.714285714285715,P19162,13.7 376.0
534,372.0,T,8.571428571428571,P00875,12.1 574.0
535,372.0,L,45.714285714285715,P28451,12.6 426.0
536,372.0,M,45.714285714285715,X5ICS9,13.9 391.0
537,372.0,M,45.714285714285715,X5I0H3,9.7 400.0
538,372.0,M,45.714285714285715,X5ICS6,8.8 344.0
539,372.0,L,45.714285714285715,X5HXR0,10.5 236.0
540,372.0,M,45.714285714285715,A0A068EM41,8.5 381.0
541,372.0,M,45.714285714285715,P00878,25.0 410.0
542,372.0,T,8.571428571428571,A2VA54,9.5 313.0
543,372.0,L,45.714285714285715,P28405,10.3 327.0
544,372.0,L,45.714285714285715,P00876,12.6 274.0
545,372.0,M,45.714285714285715,A0A0G4AJP0,15.5 561.0
546,372.0,L,45.714285714285715,O03042,9.8 192.0
547,372.0,L,45.714285714285715,X5IB66,7.8 328.0
548,372.0,L,45.714285714285715,X5I0X2,6.4 321.0
549,372.0,L,45.714285714285715,P06292,12.7 565.0
550,372.0,M,45.714285714285715,P11383,10.3 414.0
551,372.0,M,45.714285714285715,X5IB74,8.4 457.0
552,372.0,M,45.714285714285715,P00874,34.0 810.0
553,372.0,L,45.714285714285715,A0A0D2X737,8.7 183.0
554,372.0,M,45.714285714285715,Q05798,13.6 317.0
555,372.0,L,45.714285714285715,Q5K3D9,10.7 453.0
556,372.0,L,45.714285714285715,X5ICR6,11.8 348.0
557,372.0,M,45.714285714285715,Q6EW71,11.2 438.0
558,372.0,M,45.714285714285715,X5IB65,8.8 525.0
559,372.0,L,45.714285714285715,X5IB77,19.2 806.0
560,372.0,M,45.714285714285715,X5I0Y3,12.4 459.0
561,372.0,M,45.714285714285715,X5ICR4,9.7 413.0
562,372.0,M,45.714285714285715,Q9BA63,9.0 364.0
563,372.0,T,8.571428571428571,S4TAB7,11.2 415.0
564,372.0,L,45.714285714285715,P19161,20.4 420.0
565,372.0,L,45.714285714285715,X5I0G8,6.7 356.0
566,372.0,L,45.714285714285715,E9N7B0,14.4 374.0
567,372.0,M,45.714285714285715,P00877,31.0 527.0
568,373.0,G,2.857142857142857,P00878,25.0 410.0
569,375.0,T,2.857142857142857,P00878,25.0 410.0
570,376.0,I,28.57142857142857,X5I0H3,9.7 400.0
571,376.0,I,28.57142857142857,X5ICS6,8.8 344.0
572,376.0,I,28.57142857142857,A0A068EM41,8.5 381.0
573,376.0,M,5.714285714285714,P00878,25.0 410.0
574,376.0,I,28.57142857142857,X5IB66,7.8 328.0
575,376.0,F,2.857142857142857,P06292,12.7 565.0
576,376.0,I,28.57142857142857,P11383,10.3 414.0
577,376.0,I,28.57142857142857,X5IB74,8.4 457.0
578,376.0,I,28.57142857142857,P00874,34.0 810.0
579,376.0,I,28.57142857142857,Q5K3D9,10.7 453.0
580,376.0,I,28.57142857142857,Q9BA63,9.0 364.0
581,376.0,I,28.57142857142857,X5I0G8,6.7 356.0
582,376.0,M,5.714285714285714,P00877,31.0 527.0
583,392.0,V,2.857142857142857,P00877,31.0 527.0
584,399.0,A,5.714285714285714,P00878,25.0 410.0
585,399.0,A,5.714285714285714,P00877,31.0 527.0
586,400.0,C,5.714285714285714,P00878,25.0 410.0
587,400.0,C,5.714285714285714,P00877,31.0 527.0
588,415.0,P,2.857142857142857,P28405,10.3 327.0
589,419.0,A,20.0,P00878,25.0 410.0
590,419.0,A,20.0,P28405,10.3 327.0
591,419.0,A,20.0,P11383,10.3 414.0
592,419.0,A,20.0,P00874,34.0 810.0
593,419.0,A,20.0,Q5K3D9,10.7 453.0
594,419.0,A,20.0,X5ICR6,11.8 348.0
595,419.0,A,20.0,P00877,31.0 527.0
596,424.0,S,2.857142857142857,P06292,12.7 565.0
597,425.0,S,2.857142857142857,P00878,25.0 410.0
598,429.0,T,2.857142857142857,P00877,31.0 527.0
599,430.0,K,8.571428571428571,P00876,12.6 274.0
600,430.0,K,8.571428571428571,X5I0X2,6.4 321.0
601,430.0,K,8.571428571428571,Q05798,13.6 317.0
602,434.0,H,5.714285714285714,P28405,10.3 327.0
603,434.0,H,5.714285714285714,X5ICR6,11.8 348.0
604,436.0,Q,5.714285714285714,P28405,10.3 327.0
605,436.0,Q,5.714285714285714,X5ICR6,11.8 348.0
606,439.0,S,2.857142857142857,P00878,25.0 410.0
607,440.0,T,14.285714285714285,P19162,13.7 376.0
608,440.0,T,14.285714285714285,A2VA54,9.5 313.0
609,440.0,Q,2.857142857142857,P00876,12.6 274.0
610,440.0,V,2.857142857142857,O03042,9.8 192.0
611,440.0,T,14.285714285714285,X5IB66,7.8 328.0
612,440.0,S,2.857142857142857,A0A0D2X737,8.7 183.0
613,440.0,T,14.285714285714285,P19161,20.4 420.0
614,440.0,A,2.857142857142857,X5I0G8,6.7 356.0
615,440.0,T,14.285714285714285,E9N7B0,14.4 374.0
616,443.0,G,5.714285714285714,P00878,25.0 410.0
617,443.0,A,2.857142857142857,A2VA54,9.5 313.0
618,443.0,G,5.714285714285714,P00877,31.0 527.0
619,444.0,T,8.571428571428571,P00875,12.1 574.0
620,444.0,D,8.571428571428571,P00878,25.0 410.0
621,444.0,T,8.571428571428571,A2VA54,9.5 313.0
622,444.0,D,8.571428571428571,P28405,10.3 327.0
623,444.0,A,5.714285714285714,X5IB66,7.8 328.0
624,444.0,T,8.571428571428571,S4TAB7,11.2 415.0
625,444.0,A,5.714285714285714,X5I0G8,6.7 356.0
626,444.0,D,8.571428571428571,P00877,31.0 527.0
627,445.0,V,20.0,P00878,25.0 410.0
628,445.0,V,20.0,P28405,10.3 327.0
629,445.0,V,20.0,A0A0G4AJP0,15.5 561.0
630,445.0,V,20.0,Q05798,13.6 317.0
631,445.0,V,20.0,Q6EW71,11.2 438.0
632,445.0,V,20.0,X5IB65,8.8 525.0
633,445.0,V,20.0,P00877,31.0 527.0
634,447.0,K,2.857142857142857,P00874,34.0 810.0
635,448.0,Q,8.571428571428571,X5ICS6,8.8 344.0
636,448.0,Q,8.571428571428571,A0A068EM41,8.5 381.0
637,448.0,R,5.714285714285714,P28405,10.3 327.0
638,448.0,A,11.428571428571429,P11383,10.3 414.0
639,448.0,Q,8.571428571428571,X5IB74,8.4 457.0
640,448.0,A,11.428571428571429,P00874,34.0 810.0
641,448.0,A,11.428571428571429,Q5K3D9,10.7 453.0
642,448.0,R,5.714285714285714,X5ICR6,11.8 348.0
643,448.0,A,11.428571428571429,X5IB77,19.2 806.0
644,448.0,S,2.857142857142857,P00877,31.0 527.0
645,450.0,T,22.857142857142858,P19162,13.7 376.0
646,450.0,T,22.857142857142858,P00875,12.1 574.0
647,450.0,S,28.57142857142857,P28451,12.6 426.0
648,450.0,C,40.0,X5ICS9,13.9 391.0
649,450.0,C,40.0,X5I0H3,9.7 400.0
650,450.0,A,8.571428571428571,X5ICS6,8.8 344.0
651,450.0,C,40.0,X5HXR0,10.5 236.0
652,450.0,A,8.571428571428571,A0A068EM41,8.5 381.0
653,450.0,C,40.0,P00878,25.0 410.0
654,450.0,C,40.0,A2VA54,9.5 313.0
655,450.0,S,28.57142857142857,P28405,10.3 327.0
656,450.0,C,40.0,P00876,12.6 274.0
657,450.0,T,22.857142857142858,A0A0G4AJP0,15.5 561.0
658,450.0,C,40.0,O03042,9.8 192.0
659,450.0,C,40.0,X5IB66,7.8 328.0
660,450.0,T,22.857142857142858,X5I0X2,6.4 321.0
661,450.0,C,40.0,P06292,12.7 565.0
662,450.0,C,40.0,P11383,10.3 414.0
663,450.0,A,8.571428571428571,X5IB74,8.4 457.0
664,450.0,C,40.0,P00874,34.0 810.0
665,450.0,T,22.857142857142858,A0A0D2X737,8.7 183.0
666,450.0,S,28.57142857142857,Q05798,13.6 317.0
667,450.0,C,40.0,Q5K3D9,10.7 453.0
668,450.0,S,28.57142857142857,X5ICR6,11.8 348.0
669,450.0,S,28.57142857142857,Q6EW71,11.2 438.0
670,450.0,S,28.57142857142857,X5IB65,8.8 525.0
671,450.0,T,22.857142857142858,X5IB77,19.2 806.0
672,450.0,S,28.57142857142857,X5I0Y3,12.4 459.0
673,450.0,C,40.0,X5ICR4,9.7 413.0
674,450.0,S,28.57142857142857,Q9BA63,9.0 364.0
675,450.0,S,28.57142857142857,S4TAB7,11.2 415.0
676,450.0,T,22.857142857142858,P19161,20.4 420.0
677,450.0,S,28.57142857142857,X5I0G8,6.7 356.0
678,450.0,T,22.857142857142858,E9N7B0,14.4 374.0
679,450.0,C,40.0,P00877,31.0 527.0
680,451.0,T,8.571428571428571,X5ICS6,8.8 344.0
681,451.0,T,8.571428571428571,A0A068EM41,8.5 381.0
682,451.0,T,8.571428571428571,X5IB74,8.4 457.0
683,451.0,S,2.857142857142857,X5ICR4,9.7 413.0
684,454.0,A,2.857142857142857,P00874,34.0 810.0
685,454.0,-,2.857142857142857,X5ICR4,9.7 413.0
686,455.0,-,2.857142857142857,X5ICR4,9.7 413.0
687,456.0,-,2.857142857142857,X5ICR4,9.7 413.0
688,457.0,S,5.714285714285714,P28405,10.3 327.0
689,457.0,S,5.714285714285714,P06292,12.7 565.0
690,457.0,-,2.857142857142857,X5ICR4,9.7 413.0
691,458.0,S,2.857142857142857,P28405,10.3 327.0
692,458.0,-,2.857142857142857,X5ICR4,9.7 413.0
693,459.0,-,2.857142857142857,X5ICR4,9.7 413.0
694,459.0,T,2.857142857142857,S4TAB7,11.2 415.0
695,460.0,-,11.428571428571429,X5ICS6,8.8 344.0
696,460.0,-,11.428571428571429,A0A068EM41,8.5 381.0
697,460.0,-,11.428571428571429,X5IB74,8.4 457.0
698,460.0,-,11.428571428571429,X5ICR4,9.7 413.0
699,461.0,-,11.428571428571429,X5ICS6,8.8 344.0
700,461.0,-,11.428571428571429,A0A068EM41,8.5 381.0
701,461.0,-,11.428571428571429,X5IB74,8.4 457.0
702,461.0,-,11.428571428571429,X5ICR4,9.7 413.0
703,462.0,I,14.285714285714285,X5ICS9,13.9 391.0
704,462.0,-,11.428571428571429,X5ICS6,8.8 344.0
705,462.0,-,11.428571428571429,A0A068EM41,8.5 381.0
706,462.0,I,14.285714285714285,P06292,12.7 565.0
707,462.0,-,11.428571428571429,X5IB74,8.4 457.0
708,462.0,I,14.285714285714285,P00874,34.0 810.0
709,462.0,I,14.285714285714285,X5IB77,19.2 806.0
710,462.0,I,14.285714285714285,X5I0Y3,12.4 459.0
711,462.0,-,11.428571428571429,X5ICR4,9.7 413.0
712,463.0,-,11.428571428571429,X5ICS6,8.8 344.0
713,463.0,-,11.428571428571429,A0A068EM41,8.5 381.0
714,463.0,-,11.428571428571429,X5IB74,8.4 457.0
715,463.0,-,11.428571428571429,X5ICR4,9.7 413.0
716,464.0,-,11.428571428571429,X5ICS6,8.8 344.0
717,464.0,-,11.428571428571429,A0A068EM41,8.5 381.0
718,464.0,-,11.428571428571429,X5IB74,8.4 457.0
719,464.0,-,11.428571428571429,X5ICR4,9.7 413.0
720,465.0,A,11.428571428571429,X5ICS9,13.9 391.0
721,465.0,-,11.428571428571429,X5ICS6,8.8 344.0
722,465.0,-,11.428571428571429,A0A068EM41,8.5 381.0
723,465.0,A,11.428571428571429,P11383,10.3 414.0
724,465.0,-,11.428571428571429,X5IB74,8.4 457.0
725,465.0,A,11.428571428571429,Q5K3D9,10.7 453.0
726,465.0,A,11.428571428571429,X5I0Y3,12.4 459.0
727,465.0,-,11.428571428571429,X5ICR4,9.7 413.0
728,466.0,-,11.428571428571429,X5ICS6,8.8 344.0
729,466.0,-,11.428571428571429,A0A068EM41,8.5 381.0
730,466.0,-,11.428571428571429,X5IB74,8.4 457.0
731,466.0,-,11.428571428571429,X5ICR4,9.7 413.0
732,467.0,-,11.428571428571429,X5ICS6,8.8 344.0
733,467.0,-,11.428571428571429,A0A068EM41,8.5 381.0
734,467.0,V,2.857142857142857,P00876,12.6 274.0
735,467.0,T,2.857142857142857,O03042,9.8 192.0
736,467.0,-,11.428571428571429,X5IB74,8.4 457.0
737,467.0,-,11.428571428571429,X5ICR4,9.7 413.0
738,468.0,-,11.428571428571429,X5ICS6,8.8 344.0
739,468.0,-,11.428571428571429,A0A068EM41,8.5 381.0
740,468.0,L,2.857142857142857,P28405,10.3 327.0
741,468.0,-,11.428571428571429,X5IB74,8.4 457.0
742,468.0,-,11.428571428571429,X5ICR4,9.7 413.0
743,469.0,-,11.428571428571429,X5ICS6,8.8 344.0
744,469.0,-,11.428571428571429,A0A068EM41,8.5 381.0
745,469.0,Y,2.857142857142857,P28405,10.3 327.0
746,469.0,N,5.714285714285714,P00876,12.6 274.0
747,469.0,N,5.714285714285714,O03042,9.8 192.0
748,469.0,-,11.428571428571429,X5IB74,8.4 457.0
749,469.0,D,2.857142857142857,P00874,34.0 810.0
750,469.0,-,11.428571428571429,X5ICR4,9.7 413.0
751,470.0,-,11.428571428571429,X5ICS6,8.8 344.0
752,470.0,-,11.428571428571429,A0A068EM41,8.5 381.0
753,470.0,-,11.428571428571429,X5IB74,8.4 457.0
754,470.0,G,2.857142857142857,P00874,34.0 810.0
755,470.0,-,11.428571428571429,X5ICR4,9.7 413.0
756,471.0,E,14.285714285714285,X5ICS9,13.9 391.0
757,471.0,E,14.285714285714285,P00878,25.0 410.0
758,471.0,D,11.428571428571429,A0A0G4AJP0,15.5 561.0
759,471.0,D,11.428571428571429,P06292,12.7 565.0
760,471.0,F,2.857142857142857,P00874,34.0 810.0
761,471.0,E,14.285714285714285,Q6EW71,11.2 438.0
762,471.0,E,14.285714285714285,X5IB65,8.8 525.0
763,471.0,E,14.285714285714285,X5IB77,19.2 806.0
764,471.0,D,11.428571428571429,X5I0Y3,12.4 459.0
765,471.0,D,11.428571428571429,P00877,31.0 527.0
766,472.0,Q,11.428571428571429,P19162,13.7 376.0
767,472.0,P,17.142857142857142,P00875,12.1 574.0
768,472.0,P,17.142857142857142,P28451,12.6 426.0
769,472.0,-,31.428571428571427,X5ICS9,13.9 391.0
770,472.0,E,22.857142857142858,X5I0H3,9.7 400.0
771,472.0,-,31.428571428571427,X5ICS6,8.8 344.0
772,472.0,E,22.857142857142858,X5HXR0,10.5 236.0
773,472.0,-,31.428571428571427,A0A068EM41,8.5 381.0
774,472.0,T,5.714285714285714,P00878,25.0 410.0
775,472.0,P,17.142857142857142,A2VA54,9.5 313.0
776,472.0,E,22.857142857142858,P28405,10.3 327.0
777,472.0,A,5.714285714285714,P00876,12.6 274.0
778,472.0,-,31.428571428571427,A0A0G4AJP0,15.5 561.0
779,472.0,P,17.142857142857142,O03042,9.8 192.0
780,472.0,K,5.714285714285714,X5IB66,7.8 328.0
781,472.0,E,22.857142857142858,X5I0X2,6.4 321.0
782,472.0,-,31.428571428571427,P06292,12.7 565.0
783,472.0,E,22.857142857142858,P11383,10.3 414.0
784,472.0,-,31.428571428571427,X5IB74,8.4 457.0
785,472.0,K,5.714285714285714,P00874,34.0 810.0
786,472.0,Q,11.428571428571429,A0A0D2X737,8.7 183.0
787,472.0,P,17.142857142857142,Q05798,13.6 317.0
788,472.0,E,22.857142857142858,Q5K3D9,10.7 453.0
789,472.0,E,22.857142857142858,X5ICR6,11.8 348.0
790,472.0,-,31.428571428571427,Q6EW71,11.2 438.0
791,472.0,-,31.428571428571427,X5IB65,8.8 525.0
792,472.0,-,31.428571428571427,X5IB77,19.2 806.0
793,472.0,-,31.428571428571427,X5I0Y3,12.4 459.0
794,472.0,-,31.428571428571427,X5ICR4,9.7 413.0
795,472.0,E,22.857142857142858,Q9BA63,9.0 364.0
796,472.0,P,17.142857142857142,S4TAB7,11.2 415.0
797,472.0,Q,11.428571428571429,P19161,20.4 420.0
798,472.0,A,5.714285714285714,X5I0G8,6.7 356.0
799,472.0,Q,11.428571428571429,E9N7B0,14.4 374.0
800,472.0,T,5.714285714285714,P00877,31.0 527.0
801,473.0,T,14.285714285714285,X5ICS9,13.9 391.0
802,473.0,P,14.285714285714285,X5I0H3,9.7 400.0
803,473.0,-,11.428571428571429,X5ICS6,8.8 344.0
804,473.0,-,11.428571428571429,A0A068EM41,8.5 381.0
805,473.0,I,8.571428571428571,P00878,25.0 410.0
806,473.0,T,14.285714285714285,A0A0G4AJP0,15.5 561.0
807,473.0,T,14.285714285714285,O03042,9.8 192.0
808,473.0,P,14.285714285714285,X5IB66,7.8 328.0
809,473.0,I,8.571428571428571,P06292,12.7 565.0
810,473.0,P,14.285714285714285,P11383,10.3 414.0
811,473.0,-,11.428571428571429,X5IB74,8.4 457.0
812,473.0,P,14.285714285714285,Q5K3D9,10.7 453.0
813,473.0,T,14.285714285714285,X5IB77,19.2 806.0
814,473.0,T,14.285714285714285,X5I0Y3,12.4 459.0
815,473.0,-,11.428571428571429,X5ICR4,9.7 413.0
816,473.0,P,14.285714285714285,Q9BA63,9.0 364.0
817,473.0,I,8.571428571428571,P00877,31.0 527.0
818,474.0,M,45.714285714285715,P19162,13.7 376.0
819,474.0,M,45.714285714285715,P00875,12.1 574.0
820,474.0,M,45.714285714285715,P28451,12.6 426.0
821,474.0,I,17.142857142857142,X5ICS9,13.9 391.0
822,474.0,V,20.0,X5I0H3,9.7 400.0
823,474.0,-,11.428571428571429,X5ICS6,8.8 344.0
824,474.0,M,45.714285714285715,X5HXR0,10.5 236.0
825,474.0,-,11.428571428571429,A0A068EM41,8.5 381.0
826,474.0,D,5.714285714285714,P00878,25.0 410.0
827,474.0,V,20.0,A2VA54,9.5 313.0
828,474.0,M,45.714285714285715,P28405,10.3 327.0
829,474.0,V,20.0,P00876,12.6 274.0
830,474.0,I,17.142857142857142,A0A0G4AJP0,15.5 561.0
831,474.0,I,17.142857142857142,O03042,9.8 192.0
832,474.0,V,20.0,X5IB66,7.8 328.0
833,474.0,M,45.714285714285715,X5I0X2,6.4 321.0
834,474.0,I,17.142857142857142,P06292,12.7 565.0
835,474.0,V,20.0,P11383,10.3 414.0
836,474.0,-,11.428571428571429,X5IB74,8.4 457.0
837,474.0,M,45.714285714285715,P00874,34.0 810.0
838,474.0,M,45.714285714285715,A0A0D2X737,8.7 183.0
839,474.0,M,45.714285714285715,Q05798,13.6 317.0
840,474.0,V,20.0,Q5K3D9,10.7 453.0
841,474.0,M,45.714285714285715,X5ICR6,11.8 348.0
842,474.0,M,45.714285714285715,Q6EW71,11.2 438.0
843,474.0,M,45.714285714285715,X5IB65,8.8 525.0
844,474.0,I,17.142857142857142,X5IB77,19.2 806.0
845,474.0,I,17.142857142857142,X5I0Y3,12.4 459.0
846,474.0,-,11.428571428571429,X5ICR4,9.7 413.0
847,474.0,V,20.0,Q9BA63,9.0 364.0
848,474.0,M,45.714285714285715,S4TAB7,11.2 415.0
849,474.0,M,45.714285714285715,P19161,20.4 420.0
850,474.0,M,45.714285714285715,X5I0G8,6.7 356.0
851,474.0,M,45.714285714285715,E9N7B0,14.4 374.0
852,474.0,D,5.714285714285714,P00877,31.0 527.0
853,475.0,-,11.428571428571429,X5ICS6,8.8 344.0
854,475.0,-,11.428571428571429,A0A068EM41,8.5 381.0
855,475.0,K,5.714285714285714,P00878,25.0 410.0
856,475.0,-,11.428571428571429,X5IB74,8.4 457.0
857,475.0,-,11.428571428571429,X5ICR4,9.7 413.0
858,475.0,K,5.714285714285714,P00877,31.0 527.0
859,476.0,K,8.571428571428571,X5I0H3,9.7 400.0
860,476.0,-,11.428571428571429,X5ICS6,8.8 344.0
861,476.0,-,11.428571428571429,A0A068EM41,8.5 381.0
862,476.0,L,5.714285714285714,P00878,25.0 410.0
863,476.0,V,11.428571428571429,A2VA54,9.5 313.0
864,476.0,V,11.428571428571429,P00876,12.6 274.0
865,476.0,R,2.857142857142857,A0A0G4AJP0,15.5 561.0
866,476.0,K,8.571428571428571,O03042,9.8 192.0
867,476.0,-,11.428571428571429,X5IB74,8.4 457.0
868,476.0,V,11.428571428571429,Q6EW71,11.2 438.0
869,476.0,V,11.428571428571429,X5IB65,8.8 525.0
870,476.0,-,11.428571428571429,X5ICR4,9.7 413.0
871,476.0,K,8.571428571428571,Q9BA63,9.0 364.0
872,476.0,L,5.714285714285714,P00877,31.0 527.0
873,477.0,V,11.428571428571429,P00875,12.1 574.0
874,477.0,I,11.428571428571429,X5I0H3,9.7 400.0
875,477.0,-,17.142857142857142,X5ICS6,8.8 344.0
876,477.0,-,17.142857142857142,A0A068EM41,8.5 381.0
877,477.0,-,17.142857142857142,P00878,25.0 410.0
878,477.0,I,11.428571428571429,P11383,10.3 414.0
879,477.0,-,17.142857142857142,X5IB74,8.4 457.0
880,477.0,I,11.428571428571429,P00874,34.0 810.0
881,477.0,V,11.428571428571429,Q05798,13.6 317.0
882,477.0,I,11.428571428571429,Q5K3D9,10.7 453.0
883,477.0,V,11.428571428571429,X5IB77,19.2 806.0
884,477.0,-,17.142857142857142,X5ICR4,9.7 413.0
885,477.0,V,11.428571428571429,S4TAB7,11.2 415.0
886,477.0,-,17.142857142857142,P00877,31.0 527.0
887,478.0,D,28.57142857142857,P19162,13.7 376.0
888,478.0,D,28.57142857142857,A2VA54,9.5 313.0
889,478.0,D,28.57142857142857,P00876,12.6 274.0
890,478.0,D,28.57142857142857,O03042,9.8 192.0
891,478.0,D,28.57142857142857,X5IB66,7.8 328.0
892,478.0,D,28.57142857142857,P11383,10.3 414.0
893,478.0,D,28.57142857142857,Q5K3D9,10.7 453.0
894,478.0,D,28.57142857142857,Q9BA63,9.0 364.0
895,478.0,D,28.57142857142857,P19161,20.4 420.0
896,478.0,D,28.57142857142857,E9N7B0,14.4 374.0
897,479.0,T,8.571428571428571,P19162,13.7 376.0
898,479.0,K,8.571428571428571,P00876,12.6 274.0
899,479.0,G,2.857142857142857,O03042,9.8 192.0
900,479.0,E,2.857142857142857,X5IB66,7.8 328.0
901,479.0,K,8.571428571428571,P11383,10.3 414.0
902,479.0,K,8.571428571428571,Q9BA63,9.0 364.0
903,479.0,T,8.571428571428571,P19161,20.4 420.0
904,479.0,T,8.571428571428571,E9N7B0,14.4 374.0
905,480.0,D,8.571428571428571,P19162,13.7 376.0
906,480.0,Q,2.857142857142857,O03042,9.8 192.0
907,480.0,E,5.714285714285714,X5IB66,7.8 328.0
908,480.0,E,5.714285714285714,Q9BA63,9.0 364.0
909,480.0,D,8.571428571428571,P19161,20.4 420.0
910,480.0,D,8.571428571428571,E9N7B0,14.4 374.0
911,481.0,K,11.428571428571429,P19162,13.7 376.0
912,481.0,E,2.857142857142857,O03042,9.8 192.0
913,481.0,K,11.428571428571429,X5IB66,7.8 328.0
914,481.0,G,2.857142857142857,Q9BA63,9.0 364.0
915,481.0,K,11.428571428571429,P19161,20.4 420.0
916,481.0,K,11.428571428571429,E9N7B0,14.4 374.0
917,482.0,D,8.571428571428571,P19162,13.7 376.0
918,482.0,K,2.857142857142857,Q9BA63,9.0 364.0
919,482.0,D,8.571428571428571,P19161,20.4 420.0
920,482.0,D,8.571428571428571,E9N7B0,14.4 374.0
921,483.0,K,8.571428571428571,P19162,13.7 376.0
922,483.0,K,8.571428571428571,P19161,20.4 420.0
923,483.0,K,8.571428571428571,E9N7B0,14.4 374.0
924,484.0,D,8.571428571428571,P19162,13.7 376.0
925,484.0,D,8.571428571428571,P19161,20.4 420.0
926,484.0,D,8.571428571428571,E9N7B0,14.4 374.0
927,485.0,K,8.571428571428571,P19162,13.7 376.0
928,485.0,K,8.571428571428571,P19161,20.4 420.0
929,485.0,K,8.571428571428571,E9N7B0,14.4 374.0
930,486.0,K,8.571428571428571,P19162,13.7 376.0
931,486.0,K,8.571428571428571,P19161,20.4 420.0
932,486.0,K,8.571428571428571,E9N7B0,14.4 374.0
