GENE_ID,TRANSCRIPT,TRANSCRIPT CHANGE,PROTEIN CHANGE,AA_POS,AA_CHANGE,MUTATION,ALLELE COUNT,ALLELE FREQUENCY
SERPINA1,ENST00000355814,ENST00000355814.4:c.1250A>T,ENSP00000348068.4:p.Gln417Leu,417,Q/L,Q417L,1,8.236e-06
SERPINA1,ENST00000355814,ENST00000355814.4:c.1225A>G,ENSP00000348068.4:p.Met409Val,409,M/V,M409V,10,8.236e-05
SERPINA1,ENST00000355814,ENST00000355814.4:c.1216C>A,ENSP00000348068.4:p.Pro406Thr,406,P/T,P406T,1,8.236e-06
SERPINA1,ENST00000355814,ENST00000355814.4:c.1211A>G,ENSP00000348068.4:p.Lys404Arg,404,K/R,K404R,1,8.236e-06
SERPINA1,ENST00000355814,ENST00000355814.4:c.1208C>G,ENSP00000348068.4:p.Thr403Ser,403,T/S,T403S,5,4.118e-05
SERPINA1,ENST00000355814,ENST00000355814.4:c.1200A>C,ENSP00000348068.4:p.Glu400Asp,400,E/D,E400D,33350,0.275
SERPINA1,ENST00000355814,ENST00000355814.4:c.1196T>C,ENSP00000348068.4:p.Ile399Thr,399,I/T,I399T,1,8.236e-06
SERPINA1,ENST00000355814,ENST00000355814.4:c.1178C>A,ENSP00000348068.4:p.Pro393His,393,P/H,P393H,8,6.59e-05
SERPINA1,ENST00000355814,ENST00000355814.4:c.1178C>T,ENSP00000348068.4:p.Pro393Leu,393,P/L,P393L,8,6.59e-05
SERPINA1,ENST00000355814,ENST00000355814.4:c.1177C>T,ENSP00000348068.4:p.Pro393Ser,393,P/S,P393S,33,0.0002718
SERPINA1,ENST00000355814,ENST00000355814.4:c.1159G>A,ENSP00000348068.4:p.Glu387Lys,387,E/K,E387K,48,0.00039537000000000003
SERPINA1,ENST00000355814,ENST00000355814.4:c.1156C>G,ENSP00000348068.4:p.Pro386Ala,386,P/A,P386A,30,0.00024706999999999995
SERPINA1,ENST00000355814,ENST00000355814.4:c.1156C>A,ENSP00000348068.4:p.Pro386Thr,386,P/T,P386T,30,0.00024706999999999995
SERPINA1,ENST00000355814,ENST00000355814.4:c.1156C>T,ENSP00000348068.4:p.Pro386Ser,386,P/S,P386S,30,0.00024706999999999995
SERPINA1,ENST00000355814,ENST00000355814.4:c.1147T>G,ENSP00000348068.4:p.Ser383Ala,383,S/A,S383A,1,8.236e-06
SERPINA1,ENST00000355814,ENST00000355814.4:c.1146G>A,ENSP00000348068.4:p.Met382Ile,382,M/I,M382I,1,8.236e-06
SERPINA1,ENST00000355814,ENST00000355814.4:c.1135G>A,ENSP00000348068.4:p.Ala379Thr,379,A/T,A379T,2,1.647e-05
SERPINA1,ENST00000355814,ENST00000355814.4:c.1123A>C,ENSP00000348068.4:p.Met375Leu,375,M/L,M375L,1,8.236e-06
SERPINA1,ENST00000355814,ENST00000355814.4:c.1120G>A,ENSP00000348068.4:p.Ala374Thr,374,A/T,A374T,3,2.471e-05
SERPINA1,ENST00000355814,ENST00000355814.4:c.1117G>A,ENSP00000348068.4:p.Gly373Arg,373,G/R,G373R,3,2.471e-05
SERPINA1,ENST00000355814,ENST00000355814.4:c.1108G>A,ENSP00000348068.4:p.Glu370Lys,370,E/K,E370K,2,1.647e-05
SERPINA1,ENST00000355814,ENST00000355814.4:c.1103G>A,ENSP00000348068.4:p.Gly368Glu,368,G/E,G368E,3,2.471e-05
SERPINA1,ENST00000355814,ENST00000355814.4:c.1100A>C,ENSP00000348068.4:p.Lys367Thr,367,K/T,K367T,4,3.295e-05
SERPINA1,ENST00000355814,ENST00000355814.4:c.1096G>A,ENSP00000348068.4:p.Glu366Lys,366,E/K,E366K,1411,0.012
SERPINA1,ENST00000355814,ENST00000355814.4:c.1095C>G,ENSP00000348068.4:p.Asp365Glu,365,D/E,D365E,11,9.06e-05
SERPINA1,ENST00000355814,ENST00000355814.4:c.1093G>A,ENSP00000348068.4:p.Asp365Asn,365,D/N,D365N,22,0.00018125
SERPINA1,ENST00000355814,ENST00000355814.4:c.1093G>C,ENSP00000348068.4:p.Asp365His,365,D/H,D365H,22,0.00018125
SERPINA1,ENST00000355814,ENST00000355814.4:c.1092C>G,ENSP00000348068.4:p.Ile364Met,364,I/M,I364M,2,1.6472e-05
SERPINA1,ENST00000355814,ENST00000355814.4:c.1090A>G,ENSP00000348068.4:p.Ile364Val,364,I/V,I364V,6,4.942e-05
SERPINA1,ENST00000355814,ENST00000355814.4:c.1082T>G,ENSP00000348068.4:p.Val361Gly,361,V/G,V361G,1,8.236e-06
SERPINA1,ENST00000355814,ENST00000355814.4:c.1079C>A,ENSP00000348068.4:p.Ala360Asp,360,A/D,A360D,1,8.236e-06
SERPINA1,ENST00000355814,ENST00000355814.4:c.1078G>C,ENSP00000348068.4:p.Ala360Pro,360,A/P,A360P,1,8.236e-06
SERPINA1,ENST00000355814,ENST00000355814.4:c.1075A>G,ENSP00000348068.4:p.Lys359Glu,359,K/E,K359E,18,0.0001483
SERPINA1,ENST00000355814,ENST00000355814.4:c.1069G>A,ENSP00000348068.4:p.Val357Met,357,V/M,V357M,70,0.0005765
SERPINA1,ENST00000355814,ENST00000355814.4:c.1061C>T,ENSP00000348068.4:p.Ser354Phe,354,S/F,S354F,22,0.0001812
SERPINA1,ENST00000355814,ENST00000355814.4:c.1049C>T,ENSP00000348068.4:p.Pro350Leu,350,P/L,P350L,1,8.236e-06
SERPINA1,ENST00000355814,ENST00000355814.4:c.1048C>T,ENSP00000348068.4:p.Pro350Ser,350,P/S,P350S,1,8.236e-06
SERPINA1,ENST00000355814,ENST00000355814.4:c.1033G>T,ENSP00000348068.4:p.Val345Phe,345,V/F,V345F,18,0.0001483
SERPINA1,ENST00000355814,ENST00000355814.4:c.1031G>T,ENSP00000348068.4:p.Gly344Val,344,G/V,G344V,1,8.236e-06
SERPINA1,ENST00000355814,ENST00000355814.4:c.1030G>A,ENSP00000348068.4:p.Gly344Arg,344,G/R,G344R,6,4.942e-05
SERPINA1,ENST00000355814,ENST00000355814.4:c.1015G>T,ENSP00000348068.4:p.Gly339Trp,339,G/W,G339W,1,8.236e-06
SERPINA1,ENST00000355814,ENST00000355814.4:c.991G>C,ENSP00000348068.4:p.Gly331Arg,331,G/R,G331R,5,4.1179999999999995e-05
SERPINA1,ENST00000355814,ENST00000355814.4:c.991G>A,ENSP00000348068.4:p.Gly331Ser,331,G/S,G331S,5,4.1179999999999995e-05
SERPINA1,ENST00000355814,ENST00000355814.4:c.976G>A,ENSP00000348068.4:p.Val326Ile,326,V/I,V326I,47,0.0003871
SERPINA1,ENST00000355814,ENST00000355814.4:c.958A>G,ENSP00000348068.4:p.Thr320Ala,320,T/A,T320A,1,8.236e-06
SERPINA1,ENST00000355814,ENST00000355814.4:c.946T>A,ENSP00000348068.4:p.Ser316Thr,316,S/T,S316T,1,8.236e-06
SERPINA1,ENST00000355814,ENST00000355814.4:c.937C>T,ENSP00000348068.4:p.Pro313Ser,313,P/S,P313S,1,8.236e-06
SERPINA1,ENST00000355814,ENST00000355814.4:c.936A>T,ENSP00000348068.4:p.Leu312Phe,312,L/F,L312F,1,8.236e-06
SERPINA1,ENST00000355814,ENST00000355814.4:c.931C>T,ENSP00000348068.4:p.His311Tyr,311,H/Y,H311Y,1,8.236e-06
SERPINA1,ENST00000355814,ENST00000355814.4:c.926G>A,ENSP00000348068.4:p.Ser309Asn,309,S/N,S309N,34,0.00028
SERPINA1,ENST00000355814,ENST00000355814.4:c.922G>T,ENSP00000348068.4:p.Ala308Ser,308,A/S,A308S,284,0.002339
SERPINA1,ENST00000355814,ENST00000355814.4:c.905A>T,ENSP00000348068.4:p.Asn302Ile,302,N/I,N302I,3,2.471e-05
SERPINA1,ENST00000355814,ENST00000355814.4:c.899T>G,ENSP00000348068.4:p.Leu300Arg,300,L/R,L300R,36,0.00029653000000000004
SERPINA1,ENST00000355814,ENST00000355814.4:c.899T>C,ENSP00000348068.4:p.Leu300Pro,300,L/P,L300P,36,0.00029653000000000004
SERPINA1,ENST00000355814,ENST00000355814.4:c.895T>C,ENSP00000348068.4:p.Phe299Leu,299,F/L,F299L,1,8.236e-06
SERPINA1,ENST00000355814,ENST00000355814.4:c.890C>A,ENSP00000348068.4:p.Thr297Asn,297,T/N,T297N,2,1.647e-05
SERPINA1,ENST00000355814,ENST00000355814.4:c.880G>A,ENSP00000348068.4:p.Asp294Asn,294,D/N,D294N,3,2.471e-05
SERPINA1,ENST00000355814,ENST00000355814.4:c.879C>A,ENSP00000348068.4:p.His293Gln,293,H/Q,H293Q,26,0.0002141
SERPINA1,ENST00000355814,ENST00000355814.4:c.875C>T,ENSP00000348068.4:p.Thr292Ile,292,T/I,T292I,6,4.942e-05
SERPINA1,ENST00000355814,ENST00000355814.4:c.874A>G,ENSP00000348068.4:p.Thr292Ala,292,T/A,T292A,6,4.942e-05
SERPINA1,ENST00000355814,ENST00000355814.4:c.865A>C,ENSP00000348068.4:p.Asn289His,289,N/H,N289H,1,8.236e-06
SERPINA1,ENST00000355814,ENST00000355814.4:c.863A>T,ENSP00000348068.4:p.Glu288Val,288,E/V,E288V,2437,0.02
SERPINA1,ENST00000355814,ENST00000355814.4:c.856C>T,ENSP00000348068.4:p.His286Tyr,286,H/Y,H286Y,17,0.00014
SERPINA1,ENST00000355814,ENST00000355814.4:c.844G>A,ENSP00000348068.4:p.Gly282Arg,282,G/R,G282R,1,8.236e-06
SERPINA1,ENST00000355814,ENST00000355814.4:c.841G>A,ENSP00000348068.4:p.Glu281Lys,281,E/K,E281K,1,8.236e-06
SERPINA1,ENST00000355814,ENST00000355814.4:c.839A>T,ENSP00000348068.4:p.Asp280Val,280,D/V,D280V,54,0.0004448
SERPINA1,ENST00000355814,ENST00000355814.4:c.835C>A,ENSP00000348068.4:p.Pro279Thr,279,P/T,P279T,5,4.118e-05
SERPINA1,ENST00000355814,ENST00000355814.4:c.820G>A,ENSP00000348068.4:p.Ala274Thr,274,A/T,A274T,5,4.1179999999999995e-05
SERPINA1,ENST00000355814,ENST00000355814.4:c.820G>T,ENSP00000348068.4:p.Ala274Ser,274,A/S,A274S,5,4.1179999999999995e-05
SERPINA1,ENST00000355814,ENST00000355814.4:c.811A>G,ENSP00000348068.4:p.Asn271Asp,271,N/D,N271D,1,8.236e-06
SERPINA1,ENST00000355814,ENST00000355814.4:c.797T>C,ENSP00000348068.4:p.Met266Thr,266,M/T,M266T,2,1.647e-05
SERPINA1,ENST00000355814,ENST00000355814.4:c.782G>T,ENSP00000348068.4:p.Ser261Ile,261,S/I,S261I,1,8.236e-06
SERPINA1,ENST00000355814,ENST00000355814.4:c.771G>T,ENSP00000348068.4:p.Lys257Asn,257,K/N,K257N,1,8.236e-06
SERPINA1,ENST00000355814,ENST00000355814.4:c.757A>C,ENSP00000348068.4:p.Ile253Leu,253,I/L,I253L,9,7.413e-05
SERPINA1,ENST00000355814,ENST00000355814.4:c.754A>T,ENSP00000348068.4:p.Asn252Tyr,252,N/Y,N252Y,1,8.236e-06
SERPINA1,ENST00000355814,ENST00000355814.4:c.752T>G,ENSP00000348068.4:p.Phe251Cys,251,F/C,F251C,1,8.236e-06
SERPINA1,ENST00000355814,ENST00000355814.4:c.748A>G,ENSP00000348068.4:p.Met250Val,250,M/V,M250V,1,8.236e-06
SERPINA1,ENST00000355814,ENST00000355814.4:c.746G>C,ENSP00000348068.4:p.Gly249Ala,249,G/A,G249A,4,3.295e-05
SERPINA1,ENST00000355814,ENST00000355814.4:c.745G>C,ENSP00000348068.4:p.Gly249Arg,249,G/R,G249R,2,1.647e-05
SERPINA1,ENST00000355814,ENST00000355814.4:c.740G>A,ENSP00000348068.4:p.Arg247His,247,R/H,R247H,20,0.0001647
SERPINA1,ENST00000355814,ENST00000355814.4:c.739C>T,ENSP00000348068.4:p.Arg247Cys,247,R/C,R247C,349,0.002875
SERPINA1,ENST00000355814,ENST00000355814.4:c.734T>C,ENSP00000348068.4:p.Met245Thr,245,M/T,M245T,1,8.236e-06
SERPINA1,ENST00000355814,ENST00000355814.4:c.725T>C,ENSP00000348068.4:p.Val242Ala,242,V/A,V242A,2,1.647e-05
SERPINA1,ENST00000355814,ENST00000355814.4:c.718G>A,ENSP00000348068.4:p.Val240Met,240,V/M,V240M,35,0.0002883
SERPINA1,ENST00000355814,ENST00000355814.4:c.713C>T,ENSP00000348068.4:p.Thr238Ile,238,T/I,T238I,1,8.236e-06
SERPINA1,ENST00000355814,ENST00000355814.4:c.710T>C,ENSP00000348068.4:p.Val237Ala,237,V/A,V237A,26873,0.221
SERPINA1,ENST00000355814,ENST00000355814.4:c.707A>G,ENSP00000348068.4:p.Gln236Arg,236,Q/R,Q236R,2,1.647e-05
SERPINA1,ENST00000355814,ENST00000355814.4:c.706C>A,ENSP00000348068.4:p.Gln236Lys,236,Q/K,Q236K,1,8.236e-06
SERPINA1,ENST00000355814,ENST00000355814.4:c.705C>A,ENSP00000348068.4:p.Asp235Glu,235,D/E,D235E,2,1.647e-05
SERPINA1,ENST00000355814,ENST00000355814.4:c.701T>A,ENSP00000348068.4:p.Val234Glu,234,V/E,V234E,2,1.647e-05
SERPINA1,ENST00000355814,ENST00000355814.4:c.700G>A,ENSP00000348068.4:p.Val234Met,234,V/M,V234M,1,8.236e-06
SERPINA1,ENST00000355814,ENST00000355814.4:c.697C>A,ENSP00000348068.4:p.His233Asn,233,H/N,H233N,2,1.647e-05
SERPINA1,ENST00000355814,ENST00000355814.4:c.693C>A,ENSP00000348068.4:p.Asp231Glu,231,D/E,D231E,2,1.647e-05
SERPINA1,ENST00000355814,ENST00000355814.4:c.682G>A,ENSP00000348068.4:p.Glu228Lys,228,E/K,E228K,2,1.647e-05
SERPINA1,ENST00000355814,ENST00000355814.4:c.662C>A,ENSP00000348068.4:p.Pro221His,221,P/H,P221H,1,8.236e-06
SERPINA1,ENST00000355814,ENST00000355814.4:c.646G>T,ENSP00000348068.4:p.Gly216Cys,216,G/C,G216C,2,1.647e-05
SERPINA1,ENST00000355814,ENST00000355814.4:c.634A>G,ENSP00000348068.4:p.Ile212Val,212,I/V,I212V,1,8.236e-06
SERPINA1,ENST00000355814,ENST00000355814.4:c.625G>C,ENSP00000348068.4:p.Val209Leu,209,V/L,V209L,7,5.765e-05
SERPINA1,ENST00000355814,ENST00000355814.4:c.613G>A,ENSP00000348068.4:p.Val205Ile,205,V/I,V205I,1,8.236e-06
SERPINA1,ENST00000355814,ENST00000355814.4:c.605G>A,ENSP00000348068.4:p.Arg202Lys,202,R/K,R202K,1,8.236e-06
SERPINA1,ENST00000355814,ENST00000355814.4:c.597G>T,ENSP00000348068.4:p.Glu199Asp,199,E/D,E199D,3,2.471e-05
SERPINA1,ENST00000355814,ENST00000355814.4:c.592A>G,ENSP00000348068.4:p.Lys198Glu,198,K/E,K198E,2,1.647e-05
SERPINA1,ENST00000355814,ENST00000355814.4:c.587T>C,ENSP00000348068.4:p.Leu196Ser,196,L/S,L196S,3,2.471e-05
SERPINA1,ENST00000355814,ENST00000355814.4:c.562G>A,ENSP00000348068.4:p.Gly188Ser,188,G/S,G188S,1,8.236e-06
SERPINA1,ENST00000355814,ENST00000355814.4:c.560A>C,ENSP00000348068.4:p.Lys187Thr,187,K/T,K187T,1,8.236e-06
SERPINA1,ENST00000355814,ENST00000355814.4:c.553G>A,ENSP00000348068.4:p.Val185Met,185,V/M,V185M,2,1.647e-05
SERPINA1,ENST00000355814,ENST00000355814.4:c.547G>A,ENSP00000348068.4:p.Asp183Asn,183,D/N,D183N,5,4.118e-05
SERPINA1,ENST00000355814,ENST00000355814.4:c.523G>A,ENSP00000348068.4:p.Glu175Lys,175,E/K,E175K,2,1.647e-05
SERPINA1,ENST00000355814,ENST00000355814.4:c.514G>A,ENSP00000348068.4:p.Gly172Arg,172,G/R,G172R,172,0.0014167
SERPINA1,ENST00000355814,ENST00000355814.4:c.514G>T,ENSP00000348068.4:p.Gly172Trp,172,G/W,G172W,172,0.0014167
SERPINA1,ENST00000355814,ENST00000355814.4:c.510C>G,ENSP00000348068.4:p.Asn170Lys,170,N/K,N170K,1,8.236e-06
SERPINA1,ENST00000355814,ENST00000355814.4:c.502A>G,ENSP00000348068.4:p.Thr168Ala,168,T/A,T168A,4,3.295e-05
SERPINA1,ENST00000355814,ENST00000355814.4:c.472G>T,ENSP00000348068.4:p.Val158Phe,158,V/F,V158F,1,8.236e-06
SERPINA1,ENST00000355814,ENST00000355814.4:c.470A>G,ENSP00000348068.4:p.Asp157Gly,157,D/G,D157G,17,0.00014
SERPINA1,ENST00000355814,ENST00000355814.4:c.466G>A,ENSP00000348068.4:p.Glu156Lys,156,E/K,E156K,2,1.647e-05
SERPINA1,ENST00000355814,ENST00000355814.4:c.460T>C,ENSP00000348068.4:p.Phe154Leu,154,F/L,F154L,2,1.647e-05
SERPINA1,ENST00000355814,ENST00000355814.4:c.457A>G,ENSP00000348068.4:p.Lys153Glu,153,K/E,K153E,1,8.236e-06
SERPINA1,ENST00000355814,ENST00000355814.4:c.455A>G,ENSP00000348068.4:p.Asp152Gly,152,D/G,D152G,1,8.236e-06
SERPINA1,ENST00000355814,ENST00000355814.4:c.451G>C,ENSP00000348068.4:p.Val151Leu,151,V/L,V151L,1,8.236e-06
SERPINA1,ENST00000355814,ENST00000355814.4:c.436G>A,ENSP00000348068.4:p.Glu146Lys,146,E/K,E146K,3,2.471e-05
SERPINA1,ENST00000355814,ENST00000355814.4:c.430C>T,ENSP00000348068.4:p.Leu144Phe,144,L/F,L144F,1,8.236e-06
SERPINA1,ENST00000355814,ENST00000355814.4:c.429C>G,ENSP00000348068.4:p.Phe143Leu,143,F/L,F143L,1,8.236e-06
SERPINA1,ENST00000355814,ENST00000355814.4:c.416G>C,ENSP00000348068.4:p.Gly139Ala,139,G/A,G139A,1,8.236e-06
SERPINA1,ENST00000355814,ENST00000355814.4:c.415G>A,ENSP00000348068.4:p.Gly139Ser,139,G/S,G139S,12,9.884e-05
SERPINA1,ENST00000355814,ENST00000355814.4:c.410C>G,ENSP00000348068.4:p.Thr137Ser,137,T/S,T137S,2,1.647e-05
SERPINA1,ENST00000355814,ENST00000355814.4:c.401T>C,ENSP00000348068.4:p.Leu134Pro,134,L/P,L134P,1,8.236e-06
SERPINA1,ENST00000355814,ENST00000355814.4:c.392A>C,ENSP00000348068.4:p.Asp131Ala,131,D/A,D131A,1,8.236e-06
SERPINA1,ENST00000355814,ENST00000355814.4:c.374G>A,ENSP00000348068.4:p.Arg125His,125,R/H,R125H,19806,0.163
SERPINA1,ENST00000355814,ENST00000355814.4:c.373C>T,ENSP00000348068.4:p.Arg125Cys,125,R/C,R125C,1,8.236e-06
SERPINA1,ENST00000355814,ENST00000355814.4:c.348C>G,ENSP00000348068.4:p.Ile116Met,116,I/M,I116M,1,8.236e-06
SERPINA1,ENST00000355814,ENST00000355814.4:c.337G>A,ENSP00000348068.4:p.Glu113Lys,113,E/K,E113K,1,8.236e-06
SERPINA1,ENST00000355814,ENST00000355814.4:c.335C>T,ENSP00000348068.4:p.Pro112Leu,112,P/L,P112L,3,2.471e-05
SERPINA1,ENST00000355814,ENST00000355814.4:c.326C>T,ENSP00000348068.4:p.Thr109Met,109,T/M,T109M,5,4.118e-05
SERPINA1,ENST00000355814,ENST00000355814.4:c.313A>G,ENSP00000348068.4:p.Asn105Asp,105,N/D,N105D,1,8.236e-06
SERPINA1,ENST00000355814,ENST00000355814.4:c.286A>G,ENSP00000348068.4:p.Thr96Ala,96,T/A,T96A,4,3.295e-05
SERPINA1,ENST00000355814,ENST00000355814.4:c.269T>G,ENSP00000348068.4:p.Leu90Arg,90,L/R,L90R,1,8.237e-06
SERPINA1,ENST00000355814,ENST00000355814.4:c.250G>A,ENSP00000348068.4:p.Ala84Thr,84,A/T,A84T,36,0.0002965
SERPINA1,ENST00000355814,ENST00000355814.4:c.244G>A,ENSP00000348068.4:p.Ala82Thr,82,A/T,A82T,7,5.765e-05
SERPINA1,ENST00000355814,ENST00000355814.4:c.239G>A,ENSP00000348068.4:p.Ser80Asn,80,S/N,S80N,1,8.236e-06
SERPINA1,ENST00000355814,ENST00000355814.4:c.211A>C,ENSP00000348068.4:p.Ser71Arg,71,S/R,S71R,24,0.0001977
SERPINA1,ENST00000355814,ENST00000355814.4:c.206C>T,ENSP00000348068.4:p.Ser69Phe,69,S/F,S69F,4,3.295e-05
SERPINA1,ENST00000355814,ENST00000355814.4:c.201C>G,ENSP00000348068.4:p.His67Gln,67,H/Q,H67Q,11,9.06e-05
SERPINA1,ENST00000355814,ENST00000355814.4:c.197C>T,ENSP00000348068.4:p.Ala66Val,66,A/V,A66V,1,8.236e-06
SERPINA1,ENST00000355814,ENST00000355814.4:c.194T>C,ENSP00000348068.4:p.Leu65Pro,65,L/P,L65P,5,4.118e-05
SERPINA1,ENST00000355814,ENST00000355814.4:c.191A>G,ENSP00000348068.4:p.Gln64Arg,64,Q/R,Q64R,1,8.236e-06
SERPINA1,ENST00000355814,ENST00000355814.4:c.188G>A,ENSP00000348068.4:p.Arg63His,63,R/H,R63H,1,8.236e-06
SERPINA1,ENST00000355814,ENST00000355814.4:c.187C>T,ENSP00000348068.4:p.Arg63Cys,63,R/C,R63C,118,0.0009719
SERPINA1,ENST00000355814,ENST00000355814.4:c.178A>G,ENSP00000348068.4:p.Ser60Gly,60,S/G,S60G,1,8.236e-06
SERPINA1,ENST00000355814,ENST00000355814.4:c.172G>A,ENSP00000348068.4:p.Ala58Thr,58,A/T,A58T,6,4.942e-05
SERPINA1,ENST00000355814,ENST00000355814.4:c.172G>T,ENSP00000348068.4:p.Ala58Ser,58,A/S,A58S,6,4.942e-05
SERPINA1,ENST00000355814,ENST00000355814.4:c.163G>C,ENSP00000348068.4:p.Ala55Pro,55,A/P,A55P,1,8.236e-06
SERPINA1,ENST00000355814,ENST00000355814.4:c.134C>T,ENSP00000348068.4:p.Pro45Leu,45,P/L,P45L,1,8.236e-06
SERPINA1,ENST00000355814,ENST00000355814.4:c.129T>A,ENSP00000348068.4:p.Asp43Glu,43,D/E,D43E,3,2.471e-05
SERPINA1,ENST00000355814,ENST00000355814.4:c.119A>G,ENSP00000348068.4:p.His40Arg,40,H/R,H40R,1,8.236e-06
SERPINA1,ENST00000355814,ENST00000355814.4:c.115C>A,ENSP00000348068.4:p.His39Asn,39,H/N,H39N,5,4.118e-05
SERPINA1,ENST00000355814,ENST00000355814.4:c.113C>T,ENSP00000348068.4:p.Ser38Phe,38,S/F,S38F,3,2.471e-05
SERPINA1,ENST00000355814,ENST00000355814.4:c.112T>A,ENSP00000348068.4:p.Ser38Thr,38,S/T,S38T,1,8.236e-06
SERPINA1,ENST00000355814,ENST00000355814.4:c.100A>C,ENSP00000348068.4:p.Lys34Gln,34,K/Q,K34Q,5,4.118e-05
SERPINA1,ENST00000355814,ENST00000355814.4:c.80C>T,ENSP00000348068.4:p.Pro27Leu,27,P/L,P27L,1,8.236e-06
SERPINA1,ENST00000355814,ENST00000355814.4:c.79C>T,ENSP00000348068.4:p.Pro27Ser,27,P/S,P27S,3,2.471e-05
SERPINA1,ENST00000355814,ENST00000355814.4:c.76G>A,ENSP00000348068.4:p.Asp26Asn,26,D/N,D26N,2,1.6472e-05
SERPINA1,ENST00000355814,ENST00000355814.4:c.76G>T,ENSP00000348068.4:p.Asp26Tyr,26,D/Y,D26Y,2,1.6472e-05
SERPINA1,ENST00000355814,ENST00000355814.4:c.73G>A,ENSP00000348068.4:p.Glu25Lys,25,E/K,E25K,2,1.647e-05
SERPINA1,ENST00000355814,ENST00000355814.4:c.71C>T,ENSP00000348068.4:p.Ala24Val,24,A/V,A24V,2,1.647e-05
SERPINA1,ENST00000355814,ENST00000355814.4:c.70G>T,ENSP00000348068.4:p.Ala24Ser,24,A/S,A24S,1,8.236e-06
SERPINA1,ENST00000355814,ENST00000355814.4:c.64T>A,ENSP00000348068.4:p.Ser22Thr,22,S/T,S22T,1,8.236e-06
SERPINA1,ENST00000355814,ENST00000355814.4:c.55G>A,ENSP00000348068.4:p.Val19Ile,19,V/I,V19I,1,8.236e-06
SERPINA1,ENST00000355814,ENST00000355814.4:c.41G>T,ENSP00000348068.4:p.Gly14Val,14,G/V,G14V,2,1.647e-05
SERPINA1,ENST00000355814,ENST00000355814.4:c.34C>A,ENSP00000348068.4:p.Leu12Met,12,L/M,L12M,1,8.236e-06
SERPINA1,ENST00000355814,ENST00000355814.4:c.23G>T,ENSP00000348068.4:p.Gly8Val,8,G/V,G8V,1,8.236e-06
SERPINA1,ENST00000355814,ENST00000355814.4:c.21G>T,ENSP00000348068.4:p.Trp7Cys,7,W/C,W7C,2,1.647e-05
SERPINA1,ENST00000355814,ENST00000355814.4:c.17C>T,ENSP00000348068.4:p.Ser6Leu,6,S/L,S6L,8,6.589e-05
SERPINA1,ENST00000355814,ENST00000355814.4:c.13G>A,ENSP00000348068.4:p.Val5Ile,5,V/I,V5I,1,8.237e-06
SERPINA1,ENST00000355814,ENST00000355814.4:c.8C>A,ENSP00000348068.4:p.Ser3Tyr,3,S/Y,S3Y,1,8.237e-06
SERPINA1,ENST00000355814,ENST00000355814.4:c.5C>T,ENSP00000348068.4:p.Pro2Leu,2,P/L,P2L,3,2.471e-05
SERPINA1,ENST00000355814,ENST00000355814.4:c.4C>T,ENSP00000348068.4:p.Pro2Ser,2,P/S,P2S,4,3.295e-05
