Chrom,Position,RSID,Reference,Alternate,Conseqence,AA_POSITION,RESIDUE_REF,RESIDUE_ALT,PROVEAN_SCORE,Flags,Allele Count,Allele Number,Number of Homozygotes,Allele Frequency,Allele Count African,Allele Number African,Homozygote Count African,Allele Count East Asian,Allele Number East Asian,Homozygote Count East Asian,Allele Count European (Non-Finnish),Allele Number European (Non-Finnish),Homozygote Count European (Non-Finnish),Allele Count Finnish,Allele Number Finnish,Homozygote Count Finnish,Allele Count Latino,Allele Number Latino,Homozygote Count Latino,Allele Count Other,Allele Number Other,Homozygote Count Other,Allele Count South Asian,Allele Number South Asian,Homozygote Count South Asian
7,117120158,.,T,G,S4A,4,S,A,-0.85,,1,120800,0,0.000008278,0,10314,0,1,8556,0,0,66418,0,0,6598,0,0,11518,0,0,908,0,0,16488,0
7,117120159,.,C,T,S4L,4,S,L,-2.03,,7,120812,0,0.00005794,0,10314,0,0,8556,0,6,66428,0,1,6598,0,0,11520,0,0,908,0,0,16488,0
7,117120162,.,C,T,P5L,5,P,L,-6.35,,3,120830,0,0.00002483,0,10318,0,0,8562,0,3,66436,0,0,6598,0,0,11520,0,0,908,0,0,16488,0
7,117120167,.,G,C,E7Q,7,E,Q,-1.51,,1,120846,0,0.000008275,0,10320,0,0,8564,0,1,66446,0,0,6598,0,0,11522,0,0,908,0,0,16488,0
7,117120179,rs1800072,G,C,V11L,11,V,L,-0.11,,1,120874,0,0.000008273,0,10320,0,1,8568,0,0,66458,0,0,6598,0,0,11532,0,0,908,0,0,16490,0
7,117120179,rs1800072,G,A,V11I,11,V,I,0.28,,19,120874,0,0.0001572,0,10320,0,0,8568,0,19,66458,0,0,6598,0,0,11532,0,0,908,0,0,16490,0
7,117120180,.,T,C,V11A,11,V,A,-1.16,,1,120884,0,0.000008272,0,10320,0,0,8570,0,1,66460,0,0,6598,0,0,11538,0,0,908,0,0,16490,0
7,117120183,.,T,C,V12A,12,V,A,-1.42,,7,120904,0,0.0000579,0,10322,0,0,8574,0,0,66474,0,0,6598,0,0,11538,0,0,908,0,7,16490,0
7,117120191,.,C,G,L15V,15,L,V,-0.8,,1,120924,0,0.00000827,0,10328,0,0,8576,0,0,66480,0,0,6600,0,0,11540,0,0,908,0,1,16492,0
7,117120197,.,T,G,F17V,17,F,V,-5.64,,1,120930,0,0.000008269,0,10326,0,0,8578,0,0,66482,0,0,6602,0,0,11540,0,0,908,0,1,16494,0
7,117120200,.,A,G,S18G,18,S,G,-1.39,,3,120928,0,0.00002481,0,10324,0,0,8578,0,3,66482,0,0,6602,0,0,11540,0,0,908,0,0,16494,0
7,117144315,.,G,T,R21I,21,R,I,-1.39,,3,120648,0,0.00002487,0,10366,0,0,8600,0,1,66310,0,2,6582,0,0,11454,0,0,900,0,0,16436,0
7,117144329,.,A,G,K26E,26,K,E,-2.09,,2,120844,0,0.00001655,0,10374,0,0,8606,0,2,66436,0,0,6588,0,0,11478,0,0,900,0,0,16462,0
7,117144339,.,G,C,R29T,29,R,T,-3.2,,1,120902,0,0.000008271,0,10382,0,1,8604,0,0,66462,0,0,6588,0,0,11492,0,0,904,0,0,16470,0
7,117144344,rs1800073,C,T,R31C,31,R,C,-1.81,,203,120908,1,0.001679,4,10382,0,56,8606,0,135,66468,1,0,6588,0,3,11492,0,0,902,0,5,16470,0
7,117144345,rs149353983,G,A,R31H,31,R,H,0.2,,5,120904,0,0.00004136,0,10382,0,1,8606,0,0,66464,0,0,6588,0,3,11492,0,0,902,0,1,16470,0
7,117144345,rs149353983,G,T,R31L,31,R,L,-1.39,,2,120904,0,0.00001654,1,10382,0,0,8606,0,1,66464,0,0,6588,0,0,11492,0,0,902,0,0,16470,0
7,117144347,.,C,A,L32M,32,L,M,-1.7,,1,120902,0,0.000008271,0,10386,0,0,8606,0,0,66464,0,0,6588,0,0,11488,0,0,902,0,1,16468,0
7,117144362,.,A,G,I37V,37,I,V,-0.34,,1,120774,0,0.00000828,0,10380,0,1,8608,0,0,66372,0,0,6574,0,0,11478,0,0,902,0,0,16460,0
7,117144365,.,T,C,Y38H,38,Y,H,-3.25,,2,120754,0,0.00001656,1,10380,0,0,8608,0,0,66362,0,0,6570,0,0,11476,0,0,900,0,1,16458,0
7,117144365,.,T,A,Y38N,38,Y,N,-5.29,,1,120754,0,0.000008281,0,10380,0,0,8608,0,0,66362,0,0,6570,0,0,11476,0,0,900,0,1,16458,0
7,117144366,.,A,G,Y38C,38,Y,C,-4.76,,1,120714,0,0.000008284,0,10378,0,0,8604,0,0,66334,0,1,6570,0,0,11470,0,0,900,0,0,16458,0
7,117144370,.,A,C,Q39H,39,Q,H,-1.94,,2,120610,0,0.00001658,1,10368,0,1,8600,0,0,66270,0,0,6570,0,0,11456,0,0,900,0,0,16446,0
7,117144378,rs143456784,C,T,S42F,42,S,F,-3.18,,19,120248,1,0.000158,0,10330,0,0,8570,0,18,66092,1,0,6558,0,1,11424,0,0,896,0,0,16378,0
7,117144380,.,G,A,V43I,43,V,I,-0.22,,7,120238,0,0.00005822,0,10330,0,0,8570,0,7,66088,0,0,6558,0,0,11424,0,0,896,0,0,16372,0
7,117144380,.,G,C,V43L,43,V,L,-0.12,,1,120238,0,0.000008317,0,10330,0,0,8570,0,0,66088,0,0,6558,0,0,11424,0,0,896,0,1,16372,0
7,117144381,.,T,C,V43A,43,V,A,0.98,,4,120122,0,0.0000333,0,10316,0,0,8568,0,4,66022,0,0,6556,0,0,11412,0,0,894,0,0,16354,0
7,117144384,rs1800074,A,T,D44V,44,D,V,-5.58,,1,119984,0,0.000008334,0,10302,0,0,8562,0,1,65938,0,0,6554,0,0,11404,0,0,894,0,0,16330,0
7,117144390,rs151020603,C,T,A46V,46,A,V,-2.13,,5,119380,0,0.00004188,5,10260,0,0,8542,0,0,65552,0,0,6540,0,0,11350,0,0,892,0,0,16244,0
7,117144397,.,T,G,N48K,48,N,K,-1.59,,1,118328,0,0.000008451,0,10156,0,0,8474,0,1,64938,0,0,6520,0,0,11246,0,0,882,0,0,16112,0
7,117144399,.,T,C,L49P,49,L,P,-3.65,,1,117890,0,0.000008482,0,10122,0,0,8434,0,1,64682,0,0,6516,0,0,11190,0,0,880,0,0,16066,0
7,117149095,.,G,C,D58H,58,D,H,-2.63,,1,121162,0,0.000008253,0,10324,0,0,8630,0,0,66648,0,0,6612,0,1,11542,0,0,908,0,0,16498,0
7,117149096,.,A,T,D58V,58,D,V,-3.3,,1,121174,0,0.000008253,0,10326,0,0,8630,0,1,66658,0,0,6612,0,0,11542,0,0,908,0,0,16498,0
7,117149103,.,G,C,E60D,60,E,D,-2.03,,1,121198,0,0.000008251,0,10336,0,0,8632,0,0,66662,0,0,6612,0,1,11548,0,0,908,0,0,16500,0
7,117149117,.,A,G,K65R,65,K,R,-1.32,,1,121250,0,0.000008247,0,10346,0,0,8640,0,1,66686,0,0,6614,0,0,11552,0,0,908,0,0,16504,0
7,117149123,.,C,T,P67L,67,P,L,-7.08,,4,121266,0,0.00003299,0,10348,0,0,8644,0,4,66692,0,0,6614,0,0,11554,0,0,908,0,0,16506,0
7,117149125,.,A,G,K68E,68,K,E,-1.28,,22,121274,1,0.0001814,0,10348,0,0,8644,0,8,66696,0,0,6614,0,0,11556,0,0,908,0,14,16508,1
7,117149127,.,A,T,K68N,68,K,N,-0.98,,2,121272,0,0.00001649,0,10346,0,0,8644,0,2,66696,0,0,6614,0,0,11556,0,0,908,0,0,16508,0
7,117149137,.,G,A,A72T,72,A,T,-2.26,,1,121274,0,0.000008246,0,10346,0,0,8644,0,1,66700,0,0,6614,0,0,11554,0,0,908,0,0,16508,0
7,117149140,.,C,T,L73F,73,L,F,-2.84,,1,121278,0,0.000008246,0,10348,0,0,8642,0,1,66704,0,0,6614,0,0,11554,0,0,908,0,0,16508,0
7,117149143,rs115545701,C,T,R74W,74,R,W,-0.23,,209,121278,1,0.001723,147,10348,1,9,8642,0,20,66706,0,0,6614,0,15,11552,0,4,908,0,14,16508,0
7,117149144,rs142540482,G,A,R74Q,74,R,Q,-0.58,,23,121270,0,0.0001897,2,10346,0,0,8642,0,20,66700,0,0,6614,0,1,11552,0,0,908,0,0,16508,0
7,117149147,rs1800076,G,A,R75Q,75,R,Q,-2.23,,1863,121258,28,0.01536,73,10342,0,0,8640,0,1655,66696,28,25,6614,0,80,11548,0,8,908,0,22,16510,0
7,117149147,rs1800076,G,T,R75L,75,R,L,-4.21,,1,121258,0,0.000008247,1,10342,0,0,8640,0,0,66696,0,0,6614,0,0,11548,0,0,908,0,0,16510,0
7,117149149,.,T,C,C76R,76,C,R,-4.24,,1,121256,0,0.000008247,0,10338,0,0,8642,0,0,66694,0,0,6614,0,1,11550,0,0,908,0,0,16510,0
7,117149151,.,T,G,C76W,76,C,W,-4.57,,1,121254,0,0.000008247,0,10340,0,0,8642,0,1,66694,0,0,6614,0,0,11546,0,0,908,0,0,16510,0
7,117149156,.,T,A,F78Y,78,F,Y,-0.27,,2,121250,0,0.00001649,0,10336,0,0,8642,0,0,66690,0,0,6614,0,0,11550,0,0,908,0,2,16510,0
7,117149158,.,T,C,W79R,79,W,R,-3.74,,1,121248,0,0.000008248,0,10334,0,0,8642,0,0,66690,0,0,6614,0,0,11550,0,0,908,0,1,16510,0
7,117149172,.,C,G,F83L,83,F,L,-0.67,,1,121214,0,0.00000825,0,10330,0,0,8642,0,1,66672,0,0,6612,0,0,11540,0,0,908,0,0,16510,0
7,117149173,.,T,C,Y84H,84,Y,H,-1.03,,1,121210,0,0.00000825,0,10330,0,0,8642,0,1,66670,0,0,6612,0,0,11538,0,0,908,0,0,16510,0
7,117149174,.,A,G,Y84C,84,Y,C,-2.1,,1,121208,0,0.00000825,1,10330,0,0,8642,0,0,66670,0,0,6612,0,0,11536,0,0,908,0,0,16510,0
7,117149177,rs75961395,G,A,G85E,85,G,E,-3.55,,8,121180,0,0.00006602,0,10320,0,0,8636,0,8,66660,0,0,6612,0,0,11534,0,0,908,0,0,16510,0
7,117149179,.,A,G,I86V,86,I,V,-0.11,,2,121146,0,0.00001651,0,10320,0,0,8624,0,0,66648,0,0,6610,0,2,11526,0,0,908,0,0,16510,0
7,117149186,.,T,C,L88S,88,L,S,-0.97,,1,121074,0,0.000008259,0,10314,0,0,8602,0,1,66620,0,0,6606,0,0,11516,0,0,908,0,0,16508,0
7,117149187,rs149662778,A,C,L88F,88,L,F,-1.61,,2,121070,0,0.00001652,0,10314,0,0,8600,0,2,66616,0,0,6606,0,0,11518,0,0,906,0,0,16510,0
7,117149189,.,A,G,Y89C,89,Y,C,-3.15,,1,121028,0,0.000008263,0,10308,0,0,8588,0,1,66600,0,0,6604,0,0,11510,0,0,908,0,0,16510,0
7,117149194,rs121908750,G,A,G91R,91,G,R,-2.7,,1,120958,0,0.000008267,0,10304,0,1,8566,0,0,66566,0,0,6602,0,0,11506,0,0,906,0,0,16508,0
7,117170960,.,C,T,T94I,94,T,I,-0.98,,2,118500,0,0.00001688,0,10228,0,0,8542,0,2,65396,0,0,6512,0,0,11038,0,0,888,0,0,15896,0
7,117170972,.,A,G,Q98R,98,Q,R,-2.33,,2,119658,0,0.00001671,0,10316,0,0,8596,0,0,65986,0,0,6546,0,2,11190,0,0,892,0,0,16132,0
7,117170975,.,C,T,P99L,99,P,L,-7.86,,2,119828,0,0.00001669,0,10330,0,0,8600,0,2,66084,0,0,6552,0,0,11210,0,0,892,0,0,16160,0
7,117170977,.,C,G,L100V,100,L,V,-0.52,,1,119928,0,0.000008338,0,10340,0,0,8604,0,1,66128,0,0,6556,0,0,11228,0,0,894,0,0,16178,0
7,117170984,.,T,G,L102R,102,L,R,-4.7,,1,120138,0,0.000008324,0,10352,0,0,8616,0,0,66224,0,0,6566,0,1,11266,0,0,898,0,0,16216,0
7,117170989,.,A,G,R104G,104,R,G,-3.3,,1,120238,0,0.000008317,1,10350,0,0,8618,0,0,66292,0,0,6564,0,0,11274,0,0,902,0,0,16238,0
7,117170992,.,A,G,I105V,105,I,V,-0.77,,1,120288,0,0.000008313,0,10352,0,0,8620,0,1,66322,0,0,6566,0,0,11280,0,0,902,0,0,16246,0
7,117171007,rs113993958,G,C,D110H,110,D,H,-2.23,,3,120396,0,0.00002492,0,10356,0,0,8620,0,3,66378,0,0,6574,0,0,11298,0,0,902,0,0,16268,0
7,117171011,rs140502196,C,T,P111L,111,P,L,-2.89,,8,120396,0,0.00006645,0,10354,0,0,8620,0,7,66374,0,1,6574,0,0,11302,0,0,902,0,0,16270,0
7,117171013,.,G,A,D112N,112,D,N,-0.9,,1,120396,0,0.000008306,0,10356,0,0,8620,0,0,66378,0,0,6572,0,0,11298,0,0,902,0,1,16270,0
7,117171014,.,A,G,D112G,112,D,G,-1.54,,1,120408,0,0.000008305,0,10356,0,0,8620,0,0,66386,0,0,6572,0,1,11298,0,0,902,0,0,16274,0
7,117171025,.,G,C,E116Q,116,E,Q,-0.89,,1,120398,0,0.000008306,0,10354,0,0,8612,0,1,66390,0,0,6574,0,0,11298,0,0,902,0,0,16268,0
7,117171026,.,A,G,E116G,116,E,G,-2.24,,1,120400,0,0.000008306,0,10352,0,0,8614,0,1,66390,0,0,6574,0,0,11300,0,0,902,0,0,16268,0
7,117171026,.,A,C,E116A,116,E,A,-1.78,,1,120400,0,0.000008306,0,10352,0,0,8614,0,0,66390,0,0,6574,0,0,11300,0,0,902,0,1,16268,0
7,117171028,rs77834169,C,T,R117C,117,R,C,-2.75,,41,120360,0,0.0003406,0,10350,0,0,8614,0,40,66376,0,0,6570,0,0,11288,0,0,902,0,1,16260,0
7,117171028,rs77834169,C,A,R117S,117,R,S,-1.78,,1,120360,0,0.000008308,0,10350,0,0,8614,0,1,66376,0,0,6570,0,0,11288,0,0,902,0,0,16260,0
7,117171028,rs77834169,C,G,R117G,117,R,G,-2.47,,2,120360,0,0.00001662,0,10350,0,0,8614,0,1,66376,0,0,6570,0,0,11288,0,1,902,0,0,16260,0
7,117171029,rs78655421,G,A,R117H,117,R,H,-1.79,,185,120360,0,0.001537,3,10350,0,0,8612,0,170,66372,0,7,6568,0,4,11290,0,1,902,0,0,16266,0
7,117171029,rs78655421,G,T,R117L,117,R,L,-1.37,,1,120360,0,0.000008308,0,10350,0,0,8612,0,0,66372,0,0,6568,0,0,11290,0,0,902,0,1,16266,0
7,117171034,.,A,G,I119V,119,I,V,0.08,,1,120380,0,0.000008307,0,10350,0,0,8614,0,1,66382,0,0,6568,0,0,11294,0,0,902,0,0,16270,0
7,117171037,.,G,A,A120T,120,A,T,-1.35,,14,120358,0,0.0001163,0,10354,0,0,8612,0,9,66370,0,0,6564,0,0,11290,0,0,902,0,5,16266,0
7,117171037,.,G,T,A120S,120,A,S,-0.47,,1,120358,0,0.000008309,0,10354,0,0,8612,0,0,66370,0,0,6564,0,0,11290,0,0,902,0,1,16266,0
7,117171040,.,A,T,I121F,121,I,F,-0.55,,1,120386,0,0.000008307,1,10354,0,0,8614,0,0,66378,0,0,6568,0,0,11292,0,0,902,0,0,16278,0
7,117171044,.,A,G,Y122C,122,Y,C,-3.16,,1,120372,0,0.000008308,0,10356,0,0,8616,0,1,66356,0,0,6568,0,0,11284,0,0,902,0,0,16290,0
7,117171053,rs141723617,T,C,I125T,125,I,T,-2.02,,74,120346,1,0.0006149,0,10348,0,71,8614,1,1,66326,0,0,6566,0,0,11288,0,0,900,0,2,16304,0
7,117171055,.,G,A,G126S,126,G,S,-1.6,,2,120334,0,0.00001662,0,10348,0,0,8610,0,0,66318,0,0,6564,0,0,11290,0,0,900,0,2,16304,0
7,117171067,.,C,G,L130V,130,L,V,-0.3,,7,120256,0,0.00005821,0,10342,0,0,8616,0,1,66256,0,0,6562,0,0,11286,0,0,900,0,6,16294,0
7,117171070,.,T,C,F131L,131,F,L,-1.84,,1,120232,0,0.000008317,0,10338,0,0,8620,0,0,66232,0,0,6562,0,0,11290,0,0,900,0,1,16290,0
7,117171073,.,A,G,I132V,132,I,V,0,,1,120204,0,0.000008319,0,10340,0,0,8618,0,0,66224,0,1,6560,0,0,11278,0,0,900,0,0,16284,0
7,117171082,.,A,T,T135S,135,T,S,-0.93,,1,120104,0,0.000008326,0,10338,0,0,8610,0,1,66164,0,0,6556,0,0,11274,0,0,898,0,0,16264,0
7,117171097,rs145900055,C,T,P140S,140,P,S,-1.82,,8,119810,0,0.00006677,0,10314,0,3,8602,0,5,65984,0,0,6550,0,0,11264,0,0,896,0,0,16200,0
7,117171098,.,C,G,P140R,140,P,R,-1.85,,2,119790,0,0.0000167,0,10310,0,0,8602,0,2,65978,0,0,6546,0,0,11258,0,0,896,0,0,16200,0
7,117171120,.,C,G,H147Q,147,H,Q,-1.34,,1,118130,0,0.000008465,0,10186,0,0,8550,0,1,64894,0,0,6506,0,0,11160,0,0,888,0,0,15946,0
7,117171122,rs35516286,T,C,I148T,148,I,T,-0.68,,221,118118,3,0.001871,0,10188,0,0,8548,0,90,64894,0,0,6506,0,18,11156,0,4,888,0,109,15938,3
7,117171129,.,G,A,M150I,150,M,I,-2.57,,1,116834,0,0.000008559,0,10086,0,0,8500,0,1,64044,0,0,6464,0,0,11072,0,0,876,0,0,15792,0
7,117171130,.,C,A,Q151K,151,Q,K,-1.21,,4,116608,0,0.0000343,0,10074,0,0,8496,0,4,63884,0,0,6456,0,0,11056,0,0,874,0,0,15768,0
7,117171131,.,A,C,Q151P,151,Q,P,-3.53,,1,115860,0,0.000008631,0,10006,0,0,8460,0,1,63378,0,0,6432,0,0,11020,0,0,868,0,0,15696,0
7,117171133,.,A,T,M152L,152,M,L,0.01,,2,115850,0,0.00001726,1,10004,0,0,8454,0,1,63376,0,0,6434,0,0,11020,0,0,868,0,0,15694,0
7,117171137,rs149197463,G,A,R153K,153,R,K,-1.14,,2,114292,0,0.0000175,0,9910,0,0,8386,0,2,62294,0,0,6380,0,0,10926,0,0,856,0,0,15540,0
7,117171140,.,T,C,I154T,154,I,T,0.22,,1,112294,0,0.000008905,0,9786,0,0,8298,0,1,60928,0,0,6320,0,0,10770,0,0,848,0,0,15344,0
7,117171145,.,A,G,M156V,156,M,V,-0.77,,5,111258,0,0.00004494,1,9748,0,3,8248,0,0,60220,0,0,6272,0,1,10674,0,0,842,0,0,15254,0
7,117171151,.,A,T,S158C,158,S,C,-3.24,,1,107492,0,0.000009303,0,9514,0,1,8000,0,0,57770,0,0,6146,0,0,10338,0,0,828,0,0,14896,0
7,117171152,.,G,C,S158T,158,S,T,-1.34,,2,107420,0,0.00001862,0,9502,0,0,7998,0,1,57734,0,0,6140,0,1,10330,0,0,828,0,0,14888,0
7,117171152,.,G,A,S158N,158,S,N,-1.63,,11,107420,0,0.0001024,0,9502,0,0,7998,0,0,57734,0,0,6140,0,1,10330,0,0,828,0,10,14888,0
7,117174330,.,A,G,T164A,164,T,A,0.02,,3,113158,0,0.00002651,0,9688,0,0,8218,0,3,61496,0,0,6358,0,0,10944,0,0,864,0,0,15590,0
7,117174348,.,C,T,R170C,170,R,C,-3.26,,6,118312,0,0.00005071,0,10090,0,0,8496,0,2,64880,0,0,6476,0,0,11278,0,0,886,0,4,16206,0
7,117174348,.,C,A,R170S,170,R,S,-0.9,,1,118312,0,0.000008452,0,10090,0,0,8496,0,0,64880,0,0,6476,0,0,11278,0,0,886,0,1,16206,0
7,117174349,rs1800079,G,A,R170H,170,R,H,-1.74,,57,118494,0,0.000481,2,10108,0,0,8506,0,47,64984,0,0,6478,0,4,11294,0,0,886,0,4,16238,0
7,117174351,.,G,A,V171I,171,V,I,-0.73,,3,118738,0,0.00002527,0,10122,0,0,8522,0,0,65148,0,0,6482,0,0,11310,0,0,886,0,3,16268,0
7,117174354,.,C,A,L172I,172,L,I,-1.04,,1,118932,0,0.000008408,0,10134,0,0,8542,0,0,65254,0,0,6488,0,1,11332,0,0,890,0,0,16292,0
7,117174367,.,G,C,S176T,176,S,T,0.02,,1,119448,0,0.000008372,0,10198,0,0,8566,0,1,65610,0,0,6498,0,0,11352,0,0,892,0,0,16332,0
7,117174371,.,T,G,I177M,177,I,M,-0.94,,1,119504,0,0.000008368,0,10206,0,0,8570,0,1,65642,0,0,6498,0,0,11356,0,0,896,0,0,16336,0
7,117174372,rs80282562,G,A,G178R,178,G,R,-6.6,,2,119522,0,0.00001673,0,10214,0,0,8568,0,2,65652,0,0,6496,0,0,11360,0,0,896,0,0,16336,0
7,117174375,.,C,A,Q179K,179,Q,K,-1.64,,1,119558,0,0.000008364,0,10224,0,0,8566,0,1,65680,0,0,6498,0,0,11356,0,0,896,0,0,16338,0
7,117174378,.,C,G,L180V,180,L,V,-0.58,,2,119542,0,0.00001673,2,10222,0,0,8568,0,0,65662,0,0,6502,0,0,11356,0,0,896,0,0,16336,0
7,117174387,.,C,A,L183I,183,L,I,-1.3,,45,119478,0,0.0003766,0,10220,0,0,8566,0,0,65620,0,0,6502,0,0,11348,0,0,896,0,45,16326,0
7,117174403,.,T,C,L188P,188,L,P,-2.74,,1,118672,0,0.000008427,0,10148,0,1,8518,0,0,65118,0,0,6482,0,0,11300,0,0,890,0,0,16216,0
7,117174411,rs141482808,T,G,F191V,191,F,V,-2.62,,1,118270,0,0.000008455,1,10110,0,0,8496,0,0,64866,0,0,6466,0,0,11286,0,0,890,0,0,16156,0
7,117174418,.,A,G,E193G,193,E,G,-3.53,,1,117658,0,0.000008499,0,10090,0,0,8468,0,1,64430,0,0,6456,0,0,11246,0,0,886,0,0,16082,0
7,117175318,.,A,G,H199R,199,H,R,-3.89,,1,121410,0,0.000008237,0,10406,0,0,8654,0,1,66738,0,0,6614,0,0,11578,0,0,908,0,0,16512,0
7,117175322,.,C,A,F200L,200,F,L,-1.2,,1,121410,0,0.000008237,0,10406,0,0,8654,0,1,66738,0,0,6614,0,0,11578,0,0,908,0,0,16512,0
7,117175323,rs138338446,G,A,V201M,201,V,M,-0.96,,24,121410,0,0.0001977,0,10406,0,1,8654,0,16,66738,0,0,6614,0,4,11578,0,3,908,0,0,16512,0
7,117175332,.,G,A,A204T,204,A,T,-1.92,,1,121410,0,0.000008237,0,10406,0,0,8654,0,0,66738,0,0,6614,0,0,11578,0,0,908,0,1,16512,0
7,117175336,.,C,T,P205L,205,P,L,-7.84,,1,121408,0,0.000008237,0,10406,0,0,8654,0,1,66736,0,0,6614,0,0,11578,0,0,908,0,0,16512,0
7,117175339,rs121908752,T,G,L206W,206,L,W,-3.16,,27,121406,0,0.0002224,0,10406,0,0,8654,0,21,66734,0,0,6614,0,6,11578,0,0,908,0,0,16512,0
7,117175345,.,T,C,V208A,208,V,A,-2.35,,1,121404,0,0.000008237,0,10406,0,0,8654,0,0,66734,0,0,6612,0,0,11578,0,0,908,0,1,16512,0
7,117175347,.,G,T,A209S,209,A,S,-1.12,,1,121404,0,0.000008237,0,10406,0,0,8654,0,1,66734,0,0,6612,0,0,11578,0,0,908,0,0,16512,0
7,117175350,.,C,T,L210F,210,L,F,-3.06,,1,121406,0,0.000008237,0,10406,0,0,8654,0,1,66734,0,0,6614,0,0,11578,0,0,908,0,0,16512,0
7,117175356,.,A,G,M212V,212,M,V,-0.75,,2,121406,0,0.00001647,2,10406,0,0,8654,0,0,66734,0,0,6614,0,0,11578,0,0,908,0,0,16512,0
7,117175360,.,G,A,G213E,213,G,E,-1.85,,1,121408,0,0.000008237,0,10406,0,0,8654,0,1,66736,0,0,6614,0,0,11578,0,0,908,0,0,16512,0
7,117175362,rs188457893,C,G,L214V,214,L,V,-1.62,,1,121404,0,0.000008237,0,10406,0,0,8652,0,0,66734,0,0,6614,0,0,11578,0,0,908,0,1,16512,0
7,117175372,rs121909046,A,G,E217G,217,E,G,-2.03,,476,121392,11,0.003921,0,10406,0,89,8652,1,138,66732,1,212,6612,7,1,11570,0,22,908,1,14,16512,1
7,117175394,.,C,G,F224L,224,F,L,-1.1,,1,121394,0,0.000008238,0,10406,0,0,8652,0,0,66730,0,0,6614,0,0,11572,0,0,908,0,1,16512,0
7,117175399,.,G,A,G226E,226,G,E,-6.07,,1,121390,0,0.000008238,0,10406,0,0,8652,0,1,66730,0,0,6612,0,0,11570,0,0,908,0,0,16512,0
7,117175402,.,T,G,L227R,227,L,R,-4.14,,1,121386,0,0.000008238,0,10406,0,0,8650,0,0,66730,0,0,6612,0,0,11568,0,1,908,0,0,16512,0
7,117175417,.,T,A,V232D,232,V,D,-4.6,,1,121380,0,0.000008239,0,10406,0,0,8654,0,1,66728,0,0,6608,0,0,11564,0,0,908,0,0,16512,0
7,117175419,.,C,G,L233V,233,L,V,-1.11,,4,121374,0,0.00003296,0,10406,0,0,8650,0,1,66724,0,0,6608,0,0,11566,0,0,908,0,3,16512,0
7,117175422,.,G,T,A234S,234,A,S,-0.78,,2,121380,0,0.00001648,1,10406,0,0,8652,0,0,66730,0,0,6608,0,1,11564,0,0,908,0,0,16512,0
7,117175423,.,C,T,A234V,234,A,V,1.49,,1,121380,0,0.000008239,0,10406,0,0,8652,0,0,66728,0,0,6608,0,0,11566,0,0,908,0,1,16512,0
7,117175426,.,T,C,L235P,235,L,P,4.16,,1,121382,0,0.000008238,0,10406,0,0,8654,0,1,66726,0,0,6610,0,0,11566,0,0,908,0,0,16512,0
7,117175429,.,T,C,F236S,236,F,S,-2.59,,1,121388,0,0.000008238,0,10406,0,0,8654,0,0,66730,0,0,6610,0,1,11568,0,0,908,0,0,16512,0
7,117175431,.,C,G,Q237E,237,Q,E,-1.42,,3,121380,0,0.00002472,0,10406,0,0,8654,0,0,66728,0,0,6610,0,0,11562,0,0,908,0,3,16512,0
7,117175437,rs147432698,G,A,G239R,239,G,R,-0.15,,11,121372,0,0.00009063,0,10406,0,0,8654,0,8,66722,0,0,6610,0,3,11560,0,0,908,0,0,16512,0
7,117175443,.,G,A,G241R,241,G,R,-1.93,,1,121354,0,0.00000824,1,10404,0,0,8652,0,0,66712,0,0,6608,0,0,11558,0,0,908,0,0,16512,0
7,117175447,.,G,A,R242K,242,R,K,-0.28,,2,121336,0,0.00001648,0,10398,0,2,8650,0,0,66702,0,0,6610,0,0,11556,0,0,908,0,0,16512,0
7,117175449,.,A,G,M243V,243,M,V,-0.94,,1,121334,0,0.000008242,0,10398,0,0,8650,0,1,66702,0,0,6610,0,0,11554,0,0,908,0,0,16512,0
7,117175450,.,T,C,M243T,243,M,T,-1.12,,2,121338,0,0.00001648,0,10398,0,0,8650,0,0,66704,0,2,6610,0,0,11556,0,0,908,0,0,16512,0
7,117175452,.,A,G,M244V,244,M,V,-2.51,,1,121322,0,0.000008243,0,10396,0,1,8650,0,0,66696,0,0,6610,0,0,11550,0,0,908,0,0,16512,0
7,117175465,.,G,A,R248K,248,R,K,-0.22,,1,121238,0,0.000008248,0,10380,0,0,8642,0,1,66652,0,0,6606,0,0,11540,0,0,906,0,0,16512,0
7,117176612,.,G,C,A252P,252,A,P,-1.85,,1,48192,0,0.00002075,0,5628,0,0,3800,0,0,22616,0,0,2772,0,0,2600,0,0,428,0,1,10348,0
7,117176624,.,A,G,S256G,256,S,G,-0.98,,5,57726,0,0.00008662,0,6562,0,0,4660,0,0,27696,0,0,3340,0,0,3874,0,0,482,0,5,11112,0
7,117176630,rs191456345,A,G,R258G,258,R,G,-4.59,,15,63796,0,0.0002351,0,6996,0,0,5194,0,7,31094,0,0,3660,0,8,4790,0,0,508,0,0,11554,0
7,117176631,.,G,T,R258I,258,R,I,-4.71,,1,64740,0,0.00001545,0,7068,0,0,5254,0,1,31648,0,0,3714,0,0,4920,0,0,512,0,0,11624,0
7,117176633,.,C,T,L259F,259,L,F,-2.22,,3,66592,0,0.00004505,0,7196,0,0,5424,0,1,32660,0,0,3816,0,2,5224,0,0,528,0,0,11744,0
7,117176633,.,C,G,L259V,259,L,V,-1.16,,1,66592,0,0.00001502,0,7196,0,0,5424,0,1,32660,0,0,3816,0,0,5224,0,0,528,0,0,11744,0
7,117176637,.,T,G,V260G,260,V,G,-0.35,,2,71228,0,0.00002808,0,7494,0,0,5792,0,2,35344,0,0,4034,0,0,5944,0,0,558,0,0,12062,0
7,117176664,.,T,C,I269T,269,I,T,-3.34,,9,101452,0,0.00008871,9,8718,0,0,7942,0,0,54294,0,0,5710,0,0,9820,0,0,752,0,0,14216,0
7,117176673,.,T,C,V272A,272,V,A,-2.87,,2,107562,0,0.00001859,0,8910,0,0,8230,0,2,58484,0,0,6026,0,0,10328,0,0,788,0,0,14796,0
7,117176676,.,A,T,K273M,273,K,M,-5.09,,1,108976,0,0.000009176,0,8970,0,0,8276,0,0,59458,0,0,6104,0,0,10432,0,0,796,0,1,14940,0
7,117176695,.,A,T,E279D,279,E,D,-0.64,,2,113556,0,0.00001761,0,9164,0,0,8400,0,2,62470,0,0,6314,0,0,10810,0,0,842,0,0,15556,0
7,117176696,.,G,T,A280S,280,A,S,-0.75,,1,113664,0,0.000008798,0,9168,0,0,8400,0,0,62538,0,0,6322,0,0,10826,0,0,844,0,1,15566,0
7,117176699,.,A,G,M281V,281,M,V,-1.97,,1,114048,0,0.000008768,0,9202,0,0,8416,0,1,62774,0,0,6332,0,0,10854,0,0,846,0,0,15624,0
7,117176700,.,T,C,M281T,281,M,T,-3.21,,1,114146,0,0.000008761,0,9204,0,0,8418,0,0,62852,0,0,6338,0,1,10858,0,0,848,0,0,15628,0
7,117176704,rs142864834,A,T,E282D,282,E,D,-1.53,,6,114608,0,0.00005235,6,9244,0,0,8424,0,0,63116,0,0,6372,0,0,10902,0,0,848,0,0,15702,0
7,117176706,.,A,G,K283R,283,K,R,-1.16,,1,114594,0,0.000008726,0,9240,0,0,8416,0,0,63110,0,0,6378,0,0,10902,0,0,846,0,1,15702,0
7,117176711,rs151073129,A,T,I285F,285,I,F,-2.77,,47,114838,0,0.0004093,45,9272,0,0,8414,0,0,63264,0,0,6392,0,1,10928,0,1,850,0,0,15718,0
7,117176712,.,T,C,I285T,285,I,T,-2.22,,2,114864,0,0.00001741,0,9286,0,0,8414,0,0,63276,0,0,6388,0,0,10930,0,0,850,0,2,15720,0
7,117176717,.,A,T,N287Y,287,N,Y,-1.94,,1,114858,0,0.000008706,0,9268,0,0,8404,0,1,63298,0,0,6386,0,0,10928,0,0,852,0,0,15722,0
7,117176718,.,A,G,N287S,287,N,S,-1.11,,3,114892,0,0.00002611,0,9272,0,0,8404,0,2,63318,0,0,6388,0,1,10930,0,0,852,0,0,15728,0
7,117176719,rs112162204,C,G,N287K,287,N,K,-1.15,,8,114892,0,0.00006963,0,9276,0,8,8400,0,0,63324,0,0,6386,0,0,10938,0,0,852,0,0,15716,0
7,117180156,.,C,T,T291I,291,T,I,-0.99,,1,114300,0,0.000008749,0,9860,0,1,8142,0,0,62370,0,0,6396,0,0,10786,0,0,864,0,0,15882,0
7,117180156,.,C,G,T291R,291,T,R,0.14,,1,114300,0,0.000008749,0,9860,0,1,8142,0,0,62370,0,0,6396,0,0,10786,0,0,864,0,0,15882,0
7,117180173,.,C,T,R297W,297,R,W,-5.06,,10,118982,0,0.00008405,6,10232,0,2,8464,0,2,65332,0,0,6512,0,0,11230,0,0,898,0,0,16314,0
7,117180174,rs143486492,G,A,R297Q,297,R,Q,-2.17,,59,119236,0,0.0004948,4,10258,0,0,8486,0,46,65496,0,0,6518,0,7,11238,0,1,898,0,1,16342,0
7,117180186,rs150691494,A,G,Y301C,301,Y,C,-2.52,,46,120288,0,0.0003824,0,10324,0,0,8560,0,46,66116,0,0,6550,0,0,11390,0,0,902,0,0,16446,0
7,117180201,.,A,G,N306S,306,N,S,-0.25,,2,120748,0,0.00001656,0,10368,0,0,8608,0,2,66380,0,0,6558,0,0,11452,0,0,902,0,0,16480,0
7,117180209,rs148013312,G,A,A309T,309,A,T,0.35,,3,120912,0,0.00002481,0,10380,0,0,8618,0,3,66478,0,0,6564,0,0,11474,0,0,902,0,0,16496,0
7,117180210,rs121908768,C,G,A309G,309,A,G,-1.96,,5,120918,0,0.00004135,0,10380,0,1,8620,0,1,66484,0,0,6562,0,0,11474,0,0,902,0,3,16496,0
7,117180228,.,T,C,F315S,315,F,S,-1.85,,18,121182,0,0.0001485,0,10400,0,0,8642,0,0,66632,0,0,6572,0,18,11520,0,0,906,0,0,16510,0
7,117180242,rs144476686,T,G,L320V,320,L,V,0.39,,50,121238,0,0.0004124,0,10400,0,0,8648,0,29,66656,0,0,6584,0,21,11534,0,0,906,0,0,16510,0
7,117180244,rs56093012,A,T,L320F,320,L,F,-1.54,,1,121244,0,0.000008248,0,10400,0,0,8648,0,1,66658,0,0,6586,0,0,11536,0,0,906,0,0,16510,0
7,117180245,.,T,C,S321P,321,S,P,-1.77,,1,121252,0,0.000008247,0,10400,0,0,8650,0,1,66662,0,0,6588,0,0,11536,0,0,906,0,0,16510,0
7,117180248,rs1800085,G,A,V322M,322,V,M,-0.5,,6,121254,0,0.00004948,0,10400,0,0,8650,0,6,66658,0,0,6592,0,0,11538,0,0,906,0,0,16510,0
7,117180258,.,A,G,Y325C,325,Y,C,-4.77,,1,121292,0,0.000008245,0,10402,0,0,8650,0,1,66684,0,0,6602,0,0,11540,0,0,906,0,0,16508,0
7,117180264,rs141115171,T,G,L327R,327,L,R,-2.88,,3,121304,0,0.00002473,0,10404,0,0,8650,0,3,66690,0,0,6604,0,0,11540,0,0,906,0,0,16510,0
7,117180276,.,T,A,I331N,331,I,N,-1.06,,1,121328,0,0.000008242,0,10406,0,1,8650,0,0,66704,0,0,6610,0,0,11544,0,0,906,0,0,16508,0
7,117180284,rs121909011,C,T,R334W,334,R,W,-3.42,,8,121330,0,0.00006594,1,10406,0,0,8650,0,3,66704,0,1,6610,0,3,11544,0,0,906,0,0,16510,0
7,117180285,.,G,A,R334Q,334,R,Q,-0.33,,17,121332,0,0.0001401,1,10406,0,1,8650,0,13,66704,0,0,6610,0,2,11546,0,0,906,0,0,16510,0
7,117180291,.,T,C,I336T,336,I,T,-1.64,,1,121338,0,0.000008241,0,10406,0,0,8650,0,1,66706,0,0,6610,0,0,11550,0,0,906,0,0,16510,0
7,117180293,.,T,G,F337V,337,F,V,-4.63,,1,121334,0,0.000008242,0,10406,0,0,8650,0,1,66706,0,0,6610,0,0,11546,0,0,906,0,0,16510,0
7,117180297,rs77409459,C,T,T338I,338,T,I,-2.76,,5,121336,0,0.00004121,0,10406,0,0,8650,0,5,66710,0,0,6610,0,0,11542,0,0,908,0,0,16510,0
7,117180312,rs121908774,G,T,C343F,343,C,F,1.34,,1,121334,0,0.000008242,0,10406,0,0,8648,0,1,66710,0,0,6608,0,0,11544,0,0,908,0,0,16510,0
7,117180314,.,A,G,I344V,344,I,V,-0.28,,1,121328,0,0.000008242,0,10406,0,0,8648,0,1,66712,0,0,6610,0,0,11542,0,0,908,0,0,16502,0
7,117180323,.,C,T,R347C,347,R,C,-3.88,,1,121338,0,0.000008241,1,10406,0,0,8650,0,0,66708,0,0,6612,0,0,11544,0,0,908,0,0,16510,0
7,117180324,rs77932196,G,C,R347P,347,R,P,-0.72,,1,121338,0,0.000008241,0,10406,0,0,8648,0,1,66704,0,0,6612,0,0,11550,0,0,908,0,0,16510,0
7,117180324,rs77932196,G,A,R347H,347,R,H,-2.42,,2,121338,0,0.00001648,0,10406,0,0,8648,0,1,66704,0,0,6612,0,0,11550,0,1,908,0,0,16510,0
7,117180327,rs142920240,T,A,M348K,348,M,K,-2.97,,19,121336,0,0.0001566,0,10404,0,0,8648,0,17,66706,0,0,6612,0,2,11548,0,0,908,0,0,16510,0
7,117180330,rs121909021,C,T,A349V,349,A,V,-0.23,,16,121330,0,0.0001319,0,10404,0,0,8648,0,15,66702,0,0,6612,0,1,11546,0,0,908,0,0,16510,0
7,117180336,rs1800086,C,G,T351S,351,T,S,-1.15,,21,121336,0,0.0001731,3,10404,0,0,8650,0,14,66706,0,0,6612,0,4,11546,0,0,908,0,0,16510,0
7,117180336,rs1800086,C,T,T351I,351,T,I,-1.8,,2,121336,0,0.00001648,2,10404,0,0,8650,0,0,66706,0,0,6612,0,0,11546,0,0,908,0,0,16510,0
7,117180338,.,C,T,R352W,352,R,W,-2.27,,57,121328,0,0.0004698,0,10404,0,0,8648,0,2,66700,0,0,6612,0,55,11546,0,0,908,0,0,16510,0
7,117180339,rs121908753,G,A,R352Q,352,R,Q,-1.05,,3,121340,0,0.00002472,0,10404,0,0,8650,0,1,66702,0,0,6612,0,0,11554,0,0,908,0,2,16510,0
7,117180343,rs1800087,A,C,Q353H,353,Q,H,-1.37,,3,121330,0,0.00002473,0,10404,0,0,8648,0,3,66692,0,0,6612,0,0,11558,0,0,908,0,0,16508,0
7,117180348,.,C,T,P355L,355,P,L,-5.91,,2,121328,0,0.00001648,1,10404,0,0,8650,0,0,66688,0,0,6612,0,0,11556,0,0,908,0,1,16510,0
7,117180351,.,G,C,W356S,356,W,S,0.79,,1,121332,0,0.000008242,0,10404,0,0,8650,0,0,66692,0,0,6612,0,0,11556,0,0,908,0,1,16510,0
7,117180363,rs75053309,C,T,T360I,360,T,I,-1.1,,22,121284,0,0.0001814,0,10398,0,0,8646,0,22,66670,0,0,6612,0,0,11548,0,0,908,0,0,16502,0
7,117180396,rs140026105,T,C,I371T,371,I,T,-3.37,,1,120736,0,0.000008283,0,10350,0,0,8636,0,1,66476,0,0,6610,0,0,11532,0,0,904,0,0,16228,0
7,117180397,.,A,G,I371M,371,I,M,-1.19,,1,120688,0,0.000008286,0,10346,0,0,8636,0,1,66456,0,0,6610,0,0,11532,0,0,904,0,0,16204,0
7,117182070,.,G,A,D373N,373,D,N,-1.2,,1,108096,0,0.000009251,0,9002,0,0,8034,0,0,57880,0,0,6320,0,1,10852,0,0,824,0,0,15184,0
7,117182078,rs73215912,A,C,L375F,375,L,F,-2.86,,3,111898,0,0.00002681,0,9342,0,0,8258,0,3,60502,0,0,6382,0,0,11036,0,0,860,0,0,15518,0
7,117182086,.,A,G,Q378R,378,Q,R,-1.82,,1,115244,0,0.000008677,0,9670,0,0,8444,0,1,62750,0,0,6446,0,0,11216,0,0,872,0,0,15846,0
7,117182090,.,A,C,E379D,379,E,D,-1.43,,1,116480,0,0.000008585,0,9818,0,0,8514,0,0,63568,0,0,6462,0,0,11276,0,0,874,0,1,15968,0
7,117182092,.,A,G,Y380C,380,Y,C,-2.46,,2,117018,0,0.00001709,0,9856,0,0,8528,0,0,63954,0,0,6476,0,0,11310,0,0,874,0,2,16020,0
7,117182097,.,A,C,T382P,382,T,P,0.08,,2,117916,0,0.00001696,0,9962,0,0,8562,0,2,64556,0,0,6486,0,0,11360,0,0,884,0,0,16106,0
7,117182116,rs143860237,C,T,T388M,388,T,M,-1.06,,16,119122,0,0.0001343,0,10072,0,0,8586,0,8,65382,0,0,6520,0,2,11426,0,1,892,0,5,16244,0
7,117182118,.,A,T,T389S,389,T,S,-0.92,,1,119160,0,0.000008392,0,10076,0,0,8586,0,0,65418,0,0,6522,0,0,11422,0,0,892,0,1,16244,0
7,117182121,.,A,G,T390A,390,T,A,-1.15,,1,119190,0,0.00000839,0,10082,0,1,8586,0,0,65426,0,0,6522,0,0,11428,0,0,892,0,0,16254,0
7,117182139,.,A,T,N396Y,396,N,Y,-4.11,,3,118862,0,0.00002524,0,10050,0,0,8584,0,0,65202,0,0,6528,0,0,11408,0,0,888,0,3,16202,0
7,117182149,rs146463120,C,T,A399V,399,A,V,-1.13,,16,117836,0,0.0001358,0,9902,0,9,8548,0,1,64566,0,0,6518,0,0,11332,0,0,880,0,6,16090,0
7,117182149,rs146463120,C,G,A399G,399,A,G,-1.86,,1,117836,0,0.000008486,0,9902,0,0,8548,0,0,64566,0,0,6518,0,0,11332,0,0,880,0,1,16090,0
7,117182155,.,G,T,W401L,401,W,L,-5.09,,2,116706,0,0.00001714,0,9806,0,0,8522,0,0,63792,0,0,6496,0,0,11234,0,0,880,0,2,15976,0
7,117182156,.,G,C,W401C,401,W,C,-5.4,,2,116414,0,0.00001718,0,9756,0,0,8502,0,2,63626,0,0,6484,0,0,11222,0,0,876,0,0,15948,0
7,117188695,.,G,C,G404R,404,G,R,-2.13,,12,110990,0,0.0001081,0,8880,0,0,8028,0,12,60134,0,0,6340,0,0,10936,0,0,858,0,0,15814,0
7,117188702,.,G,A,G406E,406,G,E,-1.71,,1,110824,0,0.000009023,0,8876,0,0,8032,0,1,59992,0,0,6336,0,0,10932,0,0,862,0,0,15794,0
7,117188705,.,A,T,E407V,407,E,V,-1.84,,1,110752,0,0.000009029,0,8868,0,0,8030,0,1,59970,0,0,6322,0,0,10934,0,0,860,0,0,15768,0
7,117188716,.,A,G,K411E,411,K,E,-0.77,,3,110178,0,0.00002723,0,8764,0,3,8008,0,0,59584,0,0,6308,0,0,10906,0,0,858,0,0,15750,0
7,117188849,.,C,A,A455E,455,A,E,-3.96,,4,94982,0,0.00004211,0,7988,0,0,6938,0,4,50046,0,0,5694,0,0,9276,0,0,752,0,0,14288,0
7,117188849,.,C,T,A455V,455,A,V,-2.52,,6,94982,0,0.00006317,0,7988,0,1,6938,0,2,50046,0,0,5694,0,0,9276,0,0,752,0,3,14288,0
7,117188852,.,T,C,V456A,456,V,A,-3.53,,22,93242,0,0.0002359,0,7878,0,0,6824,0,0,48986,0,0,5588,0,0,9126,0,1,734,0,21,14106,0
7,117199519,.,C,A,T465N,465,T,N,-1.02,,1,121120,0,0.000008256,0,10316,0,0,8614,0,1,66636,0,0,6606,0,0,11544,0,0,908,0,0,16496,0
7,117199522,rs121908805,C,T,S466L,466,S,L,-5.03,,1,121124,0,0.000008256,0,10320,0,0,8614,0,1,66636,0,0,6606,0,0,11546,0,0,906,0,0,16496,0
7,117199524,rs1800089,C,T,L467F,467,L,F,-2.69,,6,121136,0,0.00004953,0,10322,0,0,8616,0,6,66640,0,0,6606,0,0,11546,0,0,908,0,0,16498,0
7,117199525,rs139573311,T,C,L467P,467,L,P,-5.87,,1,121140,0,0.000008255,1,10322,0,0,8616,0,0,66644,0,0,6606,0,0,11546,0,0,908,0,0,16498,0
7,117199530,.,A,G,M469V,469,M,V,-2.06,,2,121152,0,0.00001651,0,10324,0,1,8616,0,1,66654,0,0,6608,0,0,11548,0,0,906,0,0,16496,0
7,117199532,rs143218779,G,T,M469I,469,M,I,-2.24,,3,121152,0,0.00002476,0,10324,0,2,8616,0,1,66652,0,0,6608,0,0,11548,0,0,908,0,0,16496,0
7,117199532,rs143218779,G,A,M469I,469,M,I,-2.24,,1,121152,0,0.000008254,0,10324,0,0,8616,0,1,66652,0,0,6608,0,0,11548,0,0,908,0,0,16496,0
7,117199533,rs213950,G,A,V470M,470,V,M,0.48,,58576,121288,15242,0.4829,9008,10390,3908,3681,8626,804,27819,66686,5854,3612,6608,990,6028,11560,1586,431,908,95,7997,16510,2005
7,117199545,.,G,C,E474Q,474,E,Q,-2.4,,1,121306,0,0.000008244,0,10382,0,0,8630,0,0,66694,0,0,6610,0,0,11574,0,0,908,0,1,16508,0
7,117199554,rs139054556,C,T,P477S,477,P,S,-1.41,,6,121308,0,0.00004946,2,10382,0,0,8628,0,4,66698,0,0,6610,0,0,11574,0,0,908,0,0,16508,0
7,117199562,.,G,C,E479D,479,E,D,-1.19,,3,121306,0,0.00002473,0,10384,0,0,8628,0,0,66692,0,0,6610,0,3,11576,0,0,908,0,0,16508,0
7,117199578,rs138427145,A,T,S485C,485,S,C,-2.9,,9,121330,0,0.00007418,0,10394,0,9,8634,0,0,66700,0,0,6612,0,0,11574,0,0,908,0,0,16508,0
7,117199579,rs143980575,G,C,S485T,485,S,T,-1.05,,2,121332,0,0.00001648,0,10394,0,0,8634,0,2,66700,0,0,6612,0,0,11574,0,0,908,0,0,16510,0
7,117199585,.,G,A,R487K,487,R,K,-0.81,,1,121328,0,0.000008242,0,10392,0,0,8634,0,1,66698,0,0,6612,0,0,11574,0,0,908,0,0,16510,0
7,117199594,.,T,G,F490C,490,F,C,-4.8,,1,121328,0,0.000008242,0,10394,0,0,8634,0,0,66698,0,0,6612,0,1,11572,0,0,908,0,0,16510,0
7,117199597,.,G,T,C491F,491,C,F,-1.4,,4,121322,0,0.00003297,0,10394,0,0,8634,0,0,66692,0,0,6612,0,0,11572,0,0,908,0,4,16510,0
7,117199620,.,C,G,P499A,499,P,A,-2.76,,4,121330,0,0.00003297,0,10396,0,0,8646,0,4,66688,0,0,6612,0,0,11570,0,0,908,0,0,16510,0
7,117199624,.,G,A,G500D,500,G,D,-3.72,,1,121324,0,0.000008242,0,10398,0,0,8646,0,0,66686,0,0,6610,0,1,11568,0,0,908,0,0,16508,0
7,117199629,.,A,G,I502V,502,I,V,-0.42,,1,121318,0,0.000008243,0,10398,0,0,8646,0,1,66682,0,0,6610,0,0,11568,0,0,906,0,0,16508,0
7,117199630,.,T,C,I502T,502,I,T,-3.32,,2,121316,0,0.00001649,0,10398,0,0,8646,0,1,66680,0,0,6610,0,0,11568,0,0,906,0,1,16508,0
7,117199641,rs1800091,A,G,I506V,506,I,V,-0.73,,44,121294,0,0.0003628,0,10392,0,0,8646,0,33,66676,0,0,6606,0,10,11564,0,0,904,0,1,16506,0
7,117199641,rs1800091,A,C,I506L,506,I,L,-1.83,,2,121294,0,0.00001649,0,10392,0,0,8646,0,2,66676,0,0,6606,0,0,11564,0,0,904,0,0,16506,0
7,117199642,.,T,C,I506T,506,I,T,-4.16,,1,121304,0,0.000008244,0,10394,0,0,8646,0,0,66680,0,0,6606,0,1,11564,0,0,904,0,0,16510,0
7,117199644,rs113993960,A,G,I507V,507,I,V,-0.56,,4,121296,0,0.00003298,0,10392,0,0,8646,0,4,66676,0,0,6606,0,0,11564,0,0,904,0,0,16508,0
7,117199647,.,T,G,F508V,508,F,V,-5.78,,2,120476,0,0.0000166,0,10368,0,0,8646,0,2,65964,0,0,6592,0,0,11532,0,0,904,0,0,16470,0
7,117199647,.,T,C,F508L,508,F,L,-5,,2,120476,0,0.0000166,0,10368,0,0,8646,0,2,65964,0,0,6592,0,0,11532,0,0,904,0,0,16470,0
7,117199648,rs74571530,T,G,F508C,508,F,C,-6.79,,115,119654,0,0.0009611,6,10352,0,0,8646,0,105,65266,0,2,6580,0,1,11484,0,1,900,0,0,16426,0
7,117199653,.,G,A,V510I,510,V,I,-0.19,,1,121280,0,0.000008245,0,10392,0,0,8646,0,0,66666,0,0,6606,0,0,11558,0,0,904,0,1,16508,0
7,117199668,.,T,C,Y515H,515,Y,H,-0.11,,2,121246,0,0.0000165,0,10388,0,0,8640,0,2,66644,0,0,6604,0,0,11558,0,0,904,0,0,16508,0
7,117199683,rs77646904,G,A,V520I,520,V,I,-0.89,,19,121118,0,0.0001569,5,10378,0,7,8618,0,1,66560,0,0,6606,0,5,11550,0,0,904,0,1,16502,0
7,117199683,rs77646904,G,T,V520F,520,V,F,-3.87,,1,121118,0,0.000008256,0,10378,0,0,8618,0,1,66560,0,0,6606,0,0,11550,0,0,904,0,0,16502,0
7,117199688,rs140552874,C,G,I521M,521,I,M,-1.81,,1,120972,0,0.000008266,0,10356,0,0,8606,0,1,66480,0,0,6606,0,0,11524,0,0,904,0,0,16496,0
7,117199705,.,A,G,E527G,527,E,G,-2.89,,2,119866,0,0.00001669,0,10270,0,0,8492,0,2,65756,0,0,6592,0,0,11432,0,0,896,0,0,16428,0
7,117199707,.,G,A,E528K,528,E,K,-1.5,,3,119850,0,0.00002503,0,10262,0,0,8492,0,1,65756,0,0,6592,0,0,11426,0,0,896,0,2,16426,0
7,117227796,.,A,G,I530V,530,I,V,-0.84,,1,120562,0,0.000008294,0,10352,0,0,8626,0,1,66364,0,0,6560,0,0,11340,0,0,896,0,0,16424,0
7,117227798,.,C,G,I530M,530,I,M,-0.99,,1,120586,0,0.000008293,0,10358,0,1,8624,0,0,66378,0,0,6558,0,0,11342,0,0,896,0,0,16430,0
7,117227809,.,C,A,A534E,534,A,E,-0.79,,2,120744,0,0.00001656,0,10368,0,0,8634,0,2,66458,0,0,6580,0,0,11356,0,0,896,0,0,16452,0
7,117227814,rs148173473,A,G,K536E,536,K,E,-1.24,,9,120784,0,0.00007451,0,10374,0,0,8636,0,0,66472,0,0,6586,0,9,11364,0,0,896,0,0,16456,0
7,117227824,rs144745159,T,C,I539T,539,I,T,5.24,,4,120830,0,0.0000331,2,10384,0,0,8638,0,1,66502,0,0,6588,0,1,11364,0,0,896,0,0,16458,0
7,117227833,.,G,A,G542E,542,G,E,-6.7,,1,120816,0,0.000008277,0,10386,0,0,8634,0,0,66500,0,0,6588,0,1,11358,0,0,896,0,0,16454,0
7,117227838,.,G,A,G544S,544,G,S,-1.39,,9,120816,0,0.00007449,0,10388,0,0,8634,0,0,66500,0,0,6590,0,0,11358,0,0,896,0,9,16450,0
7,117227847,.,A,G,T547A,547,T,A,-2.36,,1,120782,0,0.000008279,0,10386,0,0,8632,0,0,66480,0,0,6590,0,1,11356,0,0,900,0,0,16438,0
7,117227853,rs121908757,A,C,S549R,549,S,R,-4.72,,1,120694,0,0.000008285,0,10388,0,0,8632,0,1,66416,0,0,6578,0,0,11352,0,0,898,0,0,16430,0
7,117227854,rs121908755,G,A,S549N,549,S,N,-2.83,,13,120694,0,0.0001077,3,10388,0,0,8632,0,2,66416,0,0,6582,0,1,11348,0,0,898,0,7,16430,0
7,117227860,rs75527207,G,A,G551D,551,G,D,-6.57,,17,120552,0,0.000141,0,10380,0,0,8630,0,17,66338,0,0,6574,0,0,11336,0,0,898,0,0,16396,0
7,117227874,rs75789129,A,G,I556V,556,I,V,-0.07,,349,119930,12,0.00291,0,10326,0,345,8612,12,1,65946,0,0,6564,0,1,11286,0,1,898,0,1,16298,0
7,117227877,.,T,A,S557T,557,S,T,-1.7,,1,119688,0,0.000008355,0,10316,0,1,8606,0,0,65774,0,0,6558,0,0,11278,0,0,898,0,0,16258,0
7,117227883,rs75549581,G,A,A559T,559,A,T,-3.78,,2,119040,0,0.0000168,1,10280,0,0,8564,0,0,65366,0,1,6548,0,0,11222,0,0,898,0,0,16162,0
7,117227887,rs80055610,G,C,R560T,560,R,T,-5.56,,1,118616,0,0.000008431,0,10256,0,0,8550,0,1,65084,0,0,6536,0,0,11200,0,0,892,0,0,16098,0
7,117230407,.,A,C,R560S,560,R,S,-5.56,,1,120550,0,0.000008295,0,10148,0,0,8618,0,0,66346,0,0,6596,0,0,11476,0,0,902,0,1,16464,0
7,117230411,rs1800097,G,A,V562I,562,V,I,-0.64,,19,120588,0,0.0001576,0,10158,0,0,8620,0,12,66370,0,0,6598,0,6,11474,0,0,902,0,1,16466,0
7,117230411,rs1800097,G,C,V562L,562,V,L,-2.07,,4,120588,0,0.00003317,0,10158,0,0,8620,0,3,66370,0,0,6598,0,1,11474,0,0,902,0,0,16466,0
7,117230417,.,A,G,K564E,564,K,E,-1.2,,1,120642,0,0.000008289,0,10160,0,0,8622,0,1,66400,0,0,6600,0,0,11486,0,0,902,0,0,16472,0
7,117230420,.,G,T,D565Y,565,D,Y,-4.53,,1,120660,0,0.000008288,0,10160,0,0,8626,0,1,66412,0,0,6602,0,0,11488,0,0,902,0,0,16470,0
7,117230420,.,G,C,D565H,565,D,H,-2.44,,1,120660,0,0.000008288,0,10160,0,0,8626,0,0,66412,0,0,6602,0,0,11488,0,0,902,0,1,16470,0
7,117230432,.,T,G,Y569D,569,Y,D,-7.56,,12,120692,0,0.00009943,0,10164,0,0,8620,0,0,66438,0,0,6604,0,0,11490,0,0,904,0,12,16472,0
7,117230443,.,C,G,D572E,572,D,E,-3.74,,2,120652,0,0.00001658,0,10144,0,0,8616,0,0,66422,0,0,6604,0,0,11496,0,0,902,0,2,16468,0
7,117230445,rs139176426,C,T,S573F,573,S,F,-3.5,,3,120626,0,0.00002487,0,10136,0,0,8612,0,3,66412,0,0,6604,0,0,11494,0,0,902,0,0,16466,0
7,117230451,.,T,A,F575Y,575,F,Y,-1.41,,1,120592,0,0.000008292,0,10122,0,0,8610,0,1,66402,0,0,6602,0,0,11496,0,0,902,0,0,16458,0
7,117230454,rs1800098,G,C,G576A,576,G,A,0.11,,623,120564,1,0.005167,21,10116,0,0,8608,0,506,66396,1,42,6600,0,49,11488,0,5,902,0,0,16454,0
7,117230454,rs1800098,G,T,G576V,576,G,V,-2.43,,1,120564,0,0.000008294,0,10116,0,0,8608,0,1,66396,0,0,6600,0,0,11488,0,0,902,0,0,16454,0
7,117230457,.,A,T,Y577F,577,Y,F,-1.13,,1,120536,0,0.000008296,0,10104,0,0,8608,0,0,66384,0,0,6600,0,0,11484,0,0,902,0,1,16454,0
7,117230471,.,A,T,T582S,582,T,S,-2.52,,1,120292,0,0.000008313,0,10048,0,0,8590,0,0,66270,0,0,6594,0,0,11454,0,0,902,0,1,16434,0
7,117230486,.,T,A,F587I,587,F,I,-3.47,,1,120048,0,0.00000833,0,10014,0,0,8584,0,1,66134,0,0,6588,0,0,11426,0,0,900,0,0,16402,0
7,117230486,.,T,G,F587V,587,F,V,-4.31,,1,120048,0,0.00000833,0,10014,0,0,8584,0,1,66134,0,0,6588,0,0,11426,0,0,900,0,0,16402,0
7,117230489,.,G,A,E588K,588,E,K,-2.23,,4,119942,0,0.00003335,0,9990,0,0,8580,0,4,66084,0,0,6580,0,0,11416,0,0,898,0,0,16394,0
7,117230490,.,A,G,E588G,588,E,G,-3.87,,1,119932,0,0.000008338,0,9982,0,0,8578,0,0,66080,0,0,6578,0,1,11418,0,0,898,0,0,16398,0
7,117231996,.,G,A,C592Y,592,C,Y,-4.57,,1,117494,0,0.000008511,0,9168,0,0,8618,0,0,64616,0,0,6608,0,1,11540,0,0,880,0,0,16064,0
7,117232004,.,A,G,M595V,595,M,V,-2.04,,2,117766,0,0.00001698,0,9212,0,0,8622,0,1,64784,0,0,6610,0,0,11550,0,0,884,0,1,16104,0
7,117232004,.,A,T,M595L,595,M,L,0.16,,1,117766,0,0.000008491,0,9212,0,0,8622,0,1,64784,0,0,6610,0,0,11550,0,0,884,0,0,16104,0
7,117232011,.,A,C,N597T,597,N,T,-1.99,,1,117972,0,0.000008477,0,9254,0,0,8630,0,0,64904,0,0,6610,0,0,11556,0,0,884,0,1,16134,0
7,117232012,.,C,G,N597K,597,N,K,-1.83,,1,117990,0,0.000008475,0,9254,0,0,8630,0,1,64918,0,0,6612,0,0,11560,0,0,884,0,0,16132,0
7,117232017,.,C,G,T599S,599,T,S,-3.08,,2,118102,0,0.00001693,0,9284,0,2,8634,0,0,64990,0,0,6612,0,0,11562,0,0,886,0,0,16134,0
7,117232022,.,A,T,I601F,601,I,F,-3.66,,1,118212,0,0.000008459,0,9310,0,0,8634,0,1,65072,0,0,6614,0,0,11568,0,0,886,0,0,16128,0
7,117232028,rs143036685,G,A,V603I,603,V,I,-0.91,,2,118308,0,0.00001691,1,9338,0,0,8638,0,0,65132,0,0,6614,0,1,11566,0,0,888,0,0,16132,0
7,117232029,.,T,C,V603A,603,V,A,-2.28,,1,118342,0,0.00000845,0,9344,0,0,8638,0,1,65144,0,0,6614,0,0,11570,0,0,890,0,0,16142,0
7,117232034,.,T,C,S605P,605,S,P,-2.81,,1,118412,0,0.000008445,0,9366,0,1,8640,0,0,65184,0,0,6614,0,0,11570,0,0,892,0,0,16146,0
7,117232049,.,T,A,L610I,610,L,I,-1.86,,2,118734,0,0.00001684,0,9474,0,0,8642,0,2,65410,0,0,6614,0,0,11572,0,0,890,0,0,16132,0
7,117232062,.,A,G,D614G,614,D,G,-5.61,,3,119098,0,0.00002519,1,9586,0,0,8642,0,0,65652,0,0,6614,0,2,11570,0,0,890,0,0,16144,0
7,117232067,.,A,G,I616V,616,I,V,-0.81,,1,119220,0,0.000008388,0,9620,0,0,8648,0,1,65726,0,0,6614,0,0,11570,0,0,892,0,0,16150,0
7,117232072,.,A,T,L617F,617,L,F,-2.08,,1,119338,0,0.00000838,0,9656,0,1,8648,0,0,65788,0,0,6614,0,0,11568,0,0,892,0,0,16172,0
7,117232074,rs139468767,T,C,I618T,618,I,T,-3.08,,1,119354,0,0.000008378,1,9664,0,0,8650,0,0,65790,0,0,6614,0,0,11566,0,0,892,0,0,16178,0
7,117232080,.,A,G,H620R,620,H,R,-2.18,,2,119602,0,0.00001672,0,9772,0,0,8648,0,2,65898,0,0,6614,0,0,11568,0,0,892,0,0,16210,0
7,117232080,.,A,T,H620L,620,H,L,-5.18,,1,119602,0,0.000008361,0,9772,0,0,8648,0,0,65898,0,0,6614,0,0,11568,0,0,892,0,1,16210,0
7,117232086,rs121908759,G,A,G622D,622,G,D,-5.87,,16,119888,0,0.0001335,9,9888,0,7,8648,0,0,66040,0,0,6614,0,0,11566,0,0,892,0,0,16240,0
7,117232094,.,T,A,Y625N,625,Y,N,-2.91,,1,120116,0,0.000008325,0,9984,0,0,8648,0,1,66106,0,0,6614,0,0,11562,0,0,896,0,0,16306,0
7,117232099,.,T,G,F626L,626,F,L,-2.06,,1,120166,0,0.000008322,0,10014,0,0,8646,0,1,66110,0,0,6614,0,0,11562,0,0,896,0,0,16324,0
7,117232103,.,G,A,G628R,628,G,R,-6.72,,1,120290,0,0.000008313,0,10074,0,0,8648,0,0,66150,0,0,6612,0,0,11558,0,0,896,0,1,16352,0
7,117232128,.,T,C,L636P,636,L,P,-1.05,,2,120662,0,0.00001658,0,10218,0,0,8644,0,1,66256,0,1,6612,0,0,11554,0,0,898,0,0,16480,0
7,117232142,.,A,G,S641G,641,S,G,-1.81,,1,120642,0,0.000008289,0,10230,0,0,8642,0,0,66238,0,0,6612,0,0,11546,0,0,898,0,1,16476,0
7,117232155,.,T,C,M645T,645,M,T,-1.78,,2,120550,0,0.00001659,0,10230,0,0,8628,0,2,66180,0,0,6612,0,0,11534,0,0,896,0,0,16470,0
7,117232155,.,T,A,M645K,645,M,K,-0.95,,2,120550,0,0.00001659,1,10230,0,0,8628,0,1,66180,0,0,6612,0,0,11534,0,0,896,0,0,16470,0
7,117232163,.,G,A,D648N,648,D,N,-1.22,,1,120504,0,0.000008298,0,10224,0,1,8628,0,0,66152,0,0,6612,0,0,11528,0,0,898,0,0,16462,0
7,117232171,.,C,A,F650L,650,F,L,-1.8,,2,120446,0,0.0000166,0,10212,0,2,8626,0,0,66114,0,0,6612,0,0,11522,0,0,898,0,0,16462,0
7,117232172,.,G,A,D651N,651,D,N,-1.98,,3,120422,0,0.00002491,0,10204,0,1,8628,0,2,66100,0,0,6612,0,0,11520,0,0,898,0,0,16460,0
7,117232175,.,C,A,Q652K,652,Q,K,-0.91,,1,120418,0,0.000008304,0,10204,0,0,8628,0,0,66104,0,0,6612,0,0,11518,0,0,898,0,1,16454,0
7,117232175,.,C,G,Q652E,652,Q,E,-0.05,,1,120418,0,0.000008304,0,10204,0,0,8628,0,0,66104,0,0,6612,0,0,11518,0,0,898,0,1,16454,0
7,117232223,rs1800100,C,T,R668C,668,R,C,-2.58,,739,120152,1,0.006151,23,10122,0,0,8610,0,609,65954,1,43,6612,0,54,11510,0,5,898,0,5,16446,0
7,117232224,.,G,A,R668H,668,R,H,-1.42,,6,120118,0,0.00004995,0,10114,0,0,8608,0,1,65938,0,0,6612,0,0,11506,0,0,898,0,5,16442,0
7,117232235,.,G,A,E672K,672,E,K,-1.02,,1,120082,0,0.000008328,0,10088,0,0,8606,0,1,65928,0,0,6612,0,0,11502,0,0,898,0,0,16448,0
7,117232242,.,A,G,D674G,674,D,G,-1.32,,2,120030,0,0.00001666,0,10052,0,0,8604,0,1,65918,0,0,6612,0,1,11500,0,0,900,0,0,16444,0
7,117232242,.,A,T,D674V,674,D,V,-1.97,,1,120030,0,0.000008331,0,10052,0,0,8604,0,1,65918,0,0,6612,0,0,11500,0,0,900,0,0,16444,0
7,117232247,.,C,G,P676A,676,P,A,0.98,,1,119920,0,0.000008339,0,9990,0,1,8602,0,0,65886,0,0,6612,0,0,11496,0,0,896,0,0,16438,0
7,117232247,.,C,T,P676S,676,P,S,1.17,,1,119920,0,0.000008339,0,9990,0,0,8602,0,1,65886,0,0,6612,0,0,11496,0,0,896,0,0,16438,0
7,117232254,.,C,T,S678F,678,S,F,-1.38,,1,119814,0,0.000008346,0,9930,0,0,8598,0,1,65842,0,0,6610,0,0,11494,0,0,898,0,0,16442,0
7,117232263,.,A,T,E681V,681,E,V,-2.5,,17,119640,0,0.0001421,0,9830,0,17,8590,0,0,65794,0,0,6608,0,0,11484,0,0,894,0,0,16440,0
7,117232278,.,C,A,S686Y,686,S,Y,-2.47,,10,119498,0,0.00008368,0,9752,0,0,8580,0,10,65742,0,0,6608,0,0,11484,0,0,894,0,0,16438,0
7,117232289,.,A,G,T690A,690,T,A,-0.59,,1,119486,0,0.000008369,0,9708,0,0,8580,0,1,65766,0,0,6610,0,0,11486,0,0,894,0,0,16442,0
7,117232300,rs145540754,T,G,F693L,693,F,L,-0.72,,13,119458,1,0.0001088,13,9684,1,0,8580,0,0,65764,0,0,6610,0,0,11490,0,0,892,0,0,16438,0
7,117232305,.,A,G,E695G,695,E,G,-2.13,,1,119454,0,0.000008371,0,9684,0,0,8582,0,1,65752,0,0,6610,0,0,11488,0,0,892,0,0,16446,0
7,117232318,.,T,A,N699K,699,N,K,-0.87,,2,119506,0,0.00001674,0,9698,0,0,8580,0,0,65780,0,0,6610,0,0,11500,0,0,892,0,2,16446,0
7,117232329,.,A,T,N703I,703,N,I,-2.43,,1,119604,0,0.000008361,0,9738,0,0,8578,0,1,65832,0,0,6610,0,0,11504,0,0,892,0,0,16450,0
7,117232332,.,C,T,P704L,704,P,L,-2.36,,2,119646,0,0.00001672,2,9756,0,0,8576,0,0,65856,0,0,6610,0,0,11502,0,0,892,0,0,16454,0
7,117232334,.,A,G,I705V,705,I,V,-0.16,,2,119688,0,0.00001671,0,9788,0,1,8576,0,1,65870,0,0,6610,0,0,11498,0,0,892,0,0,16454,0
7,117232344,.,T,C,I708T,708,I,T,0.25,,1,119868,0,0.000008343,0,9890,0,0,8586,0,0,65928,0,0,6610,0,1,11502,0,0,896,0,0,16456,0
7,117232347,.,G,A,R709Q,709,R,Q,-1.29,,1,119890,0,0.000008341,0,9902,0,0,8584,0,0,65942,0,0,6608,0,0,11498,0,0,896,0,1,16460,0
7,117232361,.,G,T,V714L,714,V,L,-0.66,,1,120218,0,0.000008318,0,10100,0,1,8608,0,0,66028,0,0,6610,0,0,11510,0,0,896,0,0,16466,0
7,117232366,rs141235765,A,C,Q715H,715,Q,H,-1.59,,7,120340,0,0.00005817,7,10168,0,0,8608,0,0,66078,0,0,6610,0,0,11504,0,0,896,0,0,16476,0
7,117232371,.,C,T,T717I,717,T,I,-0.98,,1,120422,0,0.000008304,0,10206,0,0,8610,0,1,66118,0,0,6612,0,0,11506,0,0,896,0,0,16474,0
7,117232374,rs142432539,C,G,P718R,718,P,R,-1.24,,3,120484,0,0.0000249,3,10216,0,0,8618,0,0,66156,0,0,6612,0,0,11510,0,0,898,0,0,16474,0
7,117232380,.,A,G,Q720R,720,Q,R,-0.96,,1,120548,0,0.000008295,0,10250,0,1,8620,0,0,66174,0,0,6612,0,0,11512,0,0,900,0,0,16480,0
7,117232389,.,G,T,G723V,723,G,V,-1.7,,1,120586,0,0.000008293,0,10262,0,0,8624,0,1,66202,0,0,6612,0,0,11514,0,0,898,0,0,16474,0
7,117232394,rs121908787,G,A,E725K,725,E,K,-1.47,,11,120640,0,0.00009118,0,10274,0,0,8626,0,9,66244,0,0,6608,0,2,11514,0,0,902,0,0,16472,0
7,117232413,.,C,T,P731L,731,P,L,0.06,,12,120696,0,0.00009942,0,10286,0,0,8628,0,12,66294,0,0,6604,0,0,11508,0,0,902,0,0,16474,0
7,117232430,.,T,A,S737T,737,S,T,-1.59,,2,120656,0,0.00001658,0,10294,0,1,8630,0,0,66306,0,0,6602,0,0,11500,0,0,898,0,1,16426,0
7,117232431,rs186089140,C,T,S737F,737,S,F,-3.44,,1,120620,0,0.00000829,0,10292,0,0,8630,0,1,66284,0,0,6600,0,0,11498,0,0,898,0,0,16418,0
7,117232436,.,G,A,V739I,739,V,I,-0.18,,1,120576,0,0.000008294,0,10292,0,0,8628,0,1,66284,0,0,6600,0,0,11492,0,0,898,0,0,16382,0
7,117232440,rs150772285,C,T,P740L,740,P,L,-3.93,,1,120520,0,0.000008297,0,10304,0,1,8626,0,0,66274,0,0,6598,0,0,11492,0,0,896,0,0,16330,0
7,117232461,.,C,T,A747V,747,A,V,-0.98,,2,119410,0,0.00001675,0,10284,0,0,8620,0,0,65948,0,0,6600,0,0,11470,0,0,882,0,2,15606,0
7,117232470,rs140455771,C,T,P750L,750,P,L,-3.12,,27,118150,0,0.0002285,1,10270,0,2,8616,0,24,65650,0,0,6598,0,0,11452,0,0,868,0,0,14696,0
7,117232472,.,C,T,R751C,751,R,C,-2.56,,5,118012,0,0.00004237,0,10260,0,0,8618,0,5,65608,0,0,6594,0,0,11450,0,0,866,0,0,14616,0
7,117232473,.,G,A,R751H,751,R,H,-1.71,,2,117762,0,0.00001698,0,10254,0,0,8620,0,2,65538,0,0,6586,0,0,11436,0,0,864,0,0,14464,0
7,117232476,.,T,G,I752S,752,I,S,2.4,,2,117438,0,0.00001703,0,10260,0,0,8616,0,2,65478,0,0,6592,0,0,11446,0,0,862,0,0,14184,0
7,117232479,.,G,A,S753N,753,S,N,1.44,,1,117382,0,0.000008519,0,10260,0,0,8614,0,0,65468,0,0,6592,0,0,11446,0,0,862,0,1,14140,0
7,117232481,rs150157202,G,A,V754M,754,V,M,0.4,,229,117214,1,0.001954,3,10256,0,0,8612,0,164,65438,0,20,6596,1,20,11444,0,4,860,0,18,14008,0
7,117232484,.,A,T,I755F,755,I,F,-0.43,,1,117006,0,0.000008547,0,10252,0,0,8604,0,1,65384,0,0,6598,0,0,11438,0,0,856,0,0,13874,0
7,117232500,.,C,T,T760M,760,T,M,-1.05,,13,114970,0,0.0001131,0,10196,0,9,8568,0,0,64878,0,0,6586,0,0,11422,0,0,830,0,4,12490,0
7,117232500,.,C,G,T760R,760,T,R,-0.98,,1,114970,0,0.000008698,0,10196,0,1,8568,0,0,64878,0,0,6586,0,0,11422,0,0,830,0,0,12490,0
7,117232515,.,G,A,R765K,765,R,K,-1.14,,1,113208,0,0.000008833,0,10170,0,1,8534,0,0,64426,0,0,6590,0,0,11392,0,0,814,0,0,11282,0
7,117232544,.,C,T,H775Y,775,H,Y,-0.57,,1,110984,0,0.00000901,0,10152,0,0,8524,0,1,63948,0,0,6602,0,0,11380,0,0,790,0,0,9588,0
7,117232545,.,A,G,H775R,775,H,R,-0.14,,1,110966,0,0.000009012,0,10160,0,0,8520,0,1,63954,0,0,6600,0,0,11384,0,0,790,0,0,9558,0
7,117232568,.,A,G,I783V,783,I,V,-0.14,,5,110422,0,0.00004528,0,10168,0,5,8526,0,0,63858,0,0,6604,0,0,11384,0,0,784,0,0,9098,0
7,117232575,rs141880790,G,A,R785Q,785,R,Q,-0.39,,5,110308,0,0.00004533,1,10170,0,0,8524,0,3,63822,0,0,6606,0,0,11378,0,0,784,0,1,9024,0
7,117232575,rs141880790,G,C,R785P,785,R,P,-2.29,,1,110308,0,0.000009066,0,10170,0,0,8524,0,0,63822,0,0,6606,0,0,11378,0,0,784,0,1,9024,0
7,117232579,.,G,C,K786N,786,K,N,-0.8,,1,110386,0,0.000009059,0,10176,0,0,8528,0,0,63868,0,0,6608,0,1,11404,0,0,782,0,0,9020,0
7,117232595,rs145449046,C,G,R792G,792,R,G,-3.24,,12,110418,0,0.0001087,0,10192,0,0,8532,0,1,63892,0,0,6612,0,11,11416,0,0,780,0,0,8994,0
7,117232596,.,G,A,R792Q,792,R,Q,-1.35,,3,110444,0,0.00002716,3,10198,0,0,8530,0,0,63904,0,0,6612,0,0,11420,0,0,782,0,0,8998,0
7,117232619,.,G,T,A800S,800,A,S,0.4,,1,110516,0,0.000009048,0,10210,0,1,8526,0,0,63920,0,0,6610,0,0,11446,0,0,786,0,0,9018,0
7,117232638,.,A,G,D806G,806,D,G,-3.37,,1,110544,0,0.000009046,0,10184,0,0,8534,0,1,63918,0,0,6612,0,0,11460,0,0,788,0,0,9048,0
7,117232642,rs1800103,A,G,I807M,807,I,M,-1.1,,80,110536,1,0.0007237,0,10178,0,0,8534,0,32,63918,0,0,6612,0,6,11460,1,1,788,0,41,9046,0
7,117232649,.,A,G,R810G,810,R,G,-2.35,,7,110556,0,0.00006332,0,10176,0,0,8528,0,6,63918,0,0,6612,0,0,11464,0,0,784,0,1,9074,0
7,117232654,.,G,T,R811S,811,R,S,-2,,1,110496,0,0.00000905,0,10122,0,0,8524,0,0,63908,0,0,6608,0,1,11464,0,0,784,0,0,9086,0
7,117232671,rs148604667,G,T,G817V,817,G,V,-0.7,,9,110370,0,0.00008154,0,9956,0,0,8514,0,8,63872,0,1,6606,0,0,11464,0,0,790,0,0,9168,0
7,117232690,.,A,T,E823D,823,E,D,-0.61,,1,110142,0,0.000009079,0,9780,0,0,8492,0,1,63776,0,0,6598,0,0,11448,0,0,788,0,0,9260,0
7,117232697,.,G,A,E826K,826,E,K,-1.22,,2,110004,0,0.00001818,0,9712,0,0,8482,0,2,63698,0,0,6598,0,0,11446,0,0,788,0,0,9280,0
7,117232699,.,A,C,E826D,826,E,D,-1.29,,1,109926,0,0.000009097,0,9684,0,0,8476,0,0,63654,0,0,6598,0,0,11440,0,0,784,0,1,9290,0
7,117232703,.,G,A,D828N,828,D,N,-0.61,,1,109866,0,0.000009102,0,9664,0,1,8474,0,0,63614,0,0,6598,0,0,11436,0,0,784,0,0,9296,0
7,117234988,.,G,A,C832Y,832,C,Y,-2.2,,5,121154,1,0.00004127,0,10396,0,0,8640,0,0,66574,0,0,6610,0,0,11530,0,0,906,0,5,16498,1
7,117234995,.,T,G,F834L,834,F,L,0.01,,31,121184,0,0.0002558,0,10400,0,0,8646,0,11,66588,0,7,6610,0,0,11534,0,0,906,0,13,16500,0
7,117234999,.,G,T,D836Y,836,D,Y,-1.59,,50,121184,0,0.0004126,0,10400,0,0,8640,0,29,66594,0,0,6610,0,19,11534,0,1,906,0,1,16500,0
7,117235003,.,T,C,M837T,837,M,T,0.12,,1,121208,0,0.00000825,0,10400,0,0,8642,0,0,66614,0,0,6610,0,0,11538,0,0,906,0,1,16498,0
7,117235033,.,A,G,N847S,847,N,S,0.13,,1,121234,0,0.000008249,0,10394,0,1,8644,0,0,66636,0,0,6610,0,0,11542,0,0,906,0,0,16502,0
7,117235038,.,T,C,Y849H,849,Y,H,-3.63,,1,121238,0,0.000008248,0,10394,0,0,8646,0,1,66638,0,0,6610,0,0,11540,0,0,906,0,0,16504,0
7,117235039,.,A,G,Y849C,849,Y,C,-5.76,,1,121240,0,0.000008248,0,10394,0,0,8646,0,0,66638,0,0,6610,0,1,11542,0,0,906,0,0,16504,0
7,117235045,.,G,A,R851Q,851,R,Q,-1.02,,13,121240,0,0.0001072,1,10394,0,9,8646,0,0,66634,0,0,6612,0,0,11544,0,0,906,0,3,16504,0
7,117235050,.,A,T,I853F,853,I,F,-0.96,,1,121246,0,0.000008248,0,10392,0,0,8646,0,1,66640,0,0,6612,0,0,11544,0,0,906,0,0,16506,0
7,117235050,.,A,G,I853V,853,I,V,-0.01,,5,121246,0,0.00004124,0,10392,0,0,8646,0,5,66640,0,0,6612,0,0,11544,0,0,906,0,0,16506,0
7,117235054,.,C,T,T854I,854,T,I,-1.74,MNP,7,121232,0,0.00005774,2,10394,0,0,8646,0,1,66628,0,0,6612,0,2,11542,0,0,904,0,2,16506,0
7,117235056,.,G,A,V855I,855,V,I,-0.22,,24,121228,0,0.000198,0,10388,0,9,8648,0,7,66634,0,0,6608,0,0,11548,0,1,906,0,7,16496,0
7,117235064,.,G,C,K857N,857,K,N,-0.44,,1,121214,0,0.00000825,0,10384,0,0,8644,0,1,66634,0,0,6608,0,0,11548,0,0,906,0,0,16490,0
7,117235070,.,A,C,L859F,859,L,F,-1.63,,1,121200,0,0.000008251,0,10378,0,0,8644,0,1,66628,0,0,6608,0,0,11546,0,0,906,0,0,16490,0
7,117235077,.,G,T,V862L,862,V,L,-1.49,,1,121184,0,0.000008252,0,10374,0,1,8646,0,0,66618,0,0,6606,0,0,11546,0,0,906,0,0,16488,0
7,117235090,.,G,A,C866Y,866,C,Y,-1.09,,7,121148,0,0.00005778,0,10376,0,3,8646,0,4,66586,0,0,6608,0,0,11546,0,0,904,0,0,16482,0
7,117242880,.,G,C,V874L,874,V,L,-0.64,,1,121406,0,0.000008237,0,10406,0,0,8654,0,0,66738,0,0,6614,0,0,11576,0,0,908,0,1,16510,0
7,117242889,.,T,G,S877A,877,S,A,-0.56,,2,121404,0,0.00001647,0,10406,0,0,8654,0,0,66738,0,0,6614,0,0,11574,0,0,908,0,2,16510,0
7,117243587,.,A,C,T887P,887,T,P,-1.7,,1,121082,0,0.000008259,0,10402,0,0,8650,0,0,66620,0,0,6590,0,1,11432,0,0,904,0,0,16484,0
7,117243588,.,C,A,T887N,887,T,N,-0.48,,1,121084,0,0.000008259,0,10402,0,0,8650,0,1,66616,0,0,6590,0,0,11434,0,0,904,0,0,16488,0
7,117243591,.,C,A,P888H,888,P,H,-0.43,,3,121104,0,0.00002477,0,10402,0,0,8650,0,3,66622,0,0,6596,0,0,11434,0,0,906,0,0,16494,0
7,117243593,rs61738523,C,T,L889F,889,L,F,0.26,,4,121116,0,0.00003303,4,10402,0,0,8652,0,0,66630,0,0,6596,0,0,11434,0,0,906,0,0,16496,0
7,117243597,.,A,G,Q890R,890,Q,R,-0.25,,1,121130,0,0.000008256,0,10402,0,0,8652,0,1,66640,0,0,6600,0,0,11438,0,0,906,0,0,16492,0
7,117243599,.,G,A,D891N,891,D,N,0.32,,1,121142,0,0.000008255,0,10402,0,0,8652,0,1,66644,0,0,6600,0,0,11440,0,0,906,0,0,16498,0
7,117243600,.,A,G,D891G,891,D,G,-0.89,,6,121142,0,0.00004953,0,10402,0,0,8652,0,4,66648,0,0,6600,0,0,11442,0,0,904,0,2,16494,0
7,117243612,.,G,A,S895N,895,S,N,0.21,,39,121172,0,0.0003219,0,10402,0,39,8650,0,0,66666,0,0,6602,0,0,11448,0,0,906,0,0,16498,0
7,117243612,.,G,C,S895T,895,S,T,-0.56,,6,121172,0,0.00004952,0,10402,0,0,8650,0,6,66666,0,0,6602,0,0,11448,0,0,906,0,0,16498,0
7,117243615,.,C,T,T896I,896,T,I,-1.81,,4,121184,0,0.00003301,0,10402,0,0,8652,0,2,66672,0,0,6602,0,0,11448,0,0,906,0,2,16502,0
7,117243617,.,C,T,H897Y,897,H,Y,-0.71,,2,121190,0,0.0000165,0,10402,0,0,8652,0,0,66670,0,0,6604,0,0,11452,0,0,906,0,2,16504,0
7,117243636,rs147297080,A,G,Y903C,903,Y,C,-1.73,,2,121236,0,0.0000165,0,10404,0,0,8654,0,2,66690,0,0,6606,0,0,11466,0,0,908,0,0,16508,0
7,117243648,.,T,G,I907S,907,I,S,-0.6,,1,121252,0,0.000008247,0,10404,0,0,8654,0,0,66694,0,0,6610,0,0,11472,0,0,908,0,1,16510,0
7,117243651,.,C,A,T908N,908,T,N,-0.92,,3,121256,0,0.00002474,0,10404,0,0,8654,0,3,66700,0,0,6610,0,0,11470,0,0,908,0,0,16510,0
7,117243660,.,G,A,S911N,911,S,N,-0.18,,1,121268,0,0.000008246,0,10404,0,0,8654,0,0,66704,0,0,6612,0,0,11478,0,0,908,0,1,16508,0
7,117243663,rs121909034,C,T,S912L,912,S,L,-0.1,,108,121272,0,0.0008906,6,10406,0,1,8654,0,88,66702,0,0,6612,0,3,11480,0,3,908,0,7,16510,0
7,117243666,rs121909008,A,G,Y913C,913,Y,C,-3.84,,1,121282,0,0.000008245,1,10406,0,0,8654,0,0,66710,0,0,6612,0,0,11482,0,0,908,0,0,16510,0
7,117243671,.,G,C,V915L,915,V,L,-0.36,,1,121294,0,0.000008244,0,10406,0,0,8654,0,1,66720,0,0,6612,0,0,11482,0,0,908,0,0,16512,0
7,117243684,.,A,G,Y919C,919,Y,C,-1.96,,8,121306,0,0.00006595,0,10406,0,0,8654,0,0,66726,0,0,6612,0,0,11488,0,3,908,0,5,16512,0
7,117243686,.,G,A,V920M,920,V,M,-0.73,,22,121306,1,0.0001814,0,10406,0,0,8654,0,8,66724,0,0,6612,0,2,11490,0,0,908,0,12,16512,1
7,117243686,.,G,T,V920L,920,V,L,-0.15,,5,121306,0,0.00004122,0,10406,0,0,8654,0,5,66724,0,0,6612,0,0,11490,0,0,908,0,0,16512,0
7,117243689,.,G,A,G921R,921,G,R,-3.51,,1,121312,0,0.000008243,1,10406,0,0,8654,0,0,66728,0,0,6612,0,0,11492,0,0,908,0,0,16512,0
7,117243698,.,G,A,D924N,924,D,N,-0.47,,9,121314,0,0.00007419,1,10406,0,0,8654,0,8,66732,0,0,6612,0,0,11490,0,0,908,0,0,16512,0
7,117243705,.,T,C,L926S,926,L,S,-1.89,,1,121322,0,0.000008243,0,10406,0,0,8654,0,1,66736,0,0,6612,0,0,11494,0,0,908,0,0,16512,0
7,117243706,.,G,T,L926F,926,L,F,-1.34,,1,121324,0,0.000008242,0,10406,0,0,8654,0,1,66736,0,0,6612,0,0,11496,0,0,908,0,0,16512,0
7,117243728,.,G,A,G934S,934,G,S,-0.13,,7,121334,0,0.00005769,0,10406,0,7,8654,0,0,66738,0,0,6612,0,0,11504,0,0,908,0,0,16512,0
7,117243734,.,C,A,P936T,936,P,T,-0.49,,1,121336,0,0.000008242,0,10406,0,0,8654,0,1,66738,0,0,6614,0,0,11504,0,0,908,0,0,16512,0
7,117243740,.,G,C,V938L,938,V,L,-1.17,,1,121336,0,0.000008242,0,10406,0,0,8654,0,0,66738,0,0,6614,0,1,11504,0,0,908,0,0,16512,0
7,117243740,.,G,T,V938L,938,V,L,-1.17,,3,121336,0,0.00002472,0,10406,0,3,8654,0,0,66738,0,0,6614,0,0,11504,0,0,908,0,0,16512,0
7,117243741,.,T,G,V938G,938,V,G,-2.66,,4,121338,0,0.00003297,0,10406,0,0,8654,0,4,66738,0,0,6614,0,0,11506,0,0,908,0,0,16512,0
7,117243745,.,T,A,H939Q,939,H,Q,-2.06,,1,121338,0,0.000008241,0,10406,0,0,8654,0,0,66738,0,0,6614,0,0,11506,0,0,908,0,1,16512,0
7,117243747,rs145768122,C,T,T940I,940,T,I,-2.13,,1,121336,0,0.000008242,0,10406,0,0,8654,0,1,66738,0,0,6614,0,0,11504,0,0,908,0,0,16512,0
7,117243762,.,C,T,S945L,945,S,L,-4.63,,12,121334,0,0.0000989,0,10406,0,0,8654,0,7,66738,0,1,6614,0,3,11502,0,1,908,0,0,16512,0
7,117243768,.,T,C,I947T,947,I,T,0.38,,1,121332,0,0.000008242,0,10406,0,0,8654,0,1,66738,0,0,6612,0,0,11502,0,0,908,0,0,16512,0
7,117243774,.,A,T,H949L,949,H,L,-9.27,,1,121326,0,0.000008242,0,10406,0,0,8652,0,1,66738,0,0,6612,0,0,11498,0,0,908,0,0,16512,0
7,117243779,rs181137679,A,G,K951E,951,K,E,-0.71,,2,121326,0,0.00001648,2,10406,0,0,8654,0,0,66738,0,0,6612,0,0,11496,0,0,908,0,0,16512,0
7,117243783,rs142773283,T,C,M952T,952,M,T,-4.04,,41,121322,1,0.0003379,2,10406,0,0,8654,0,39,66736,1,0,6612,0,0,11494,0,0,908,0,0,16512,0
7,117243784,rs151048781,G,A,M952I,952,M,I,-2.02,,4,121318,0,0.00003297,0,10406,0,0,8654,0,0,66734,0,0,6612,0,4,11492,0,0,908,0,0,16512,0
7,117243784,rs151048781,G,C,M952I,952,M,I,-2.02,,11,121318,0,0.00009067,0,10406,0,1,8654,0,8,66734,0,0,6612,0,1,11492,0,0,908,0,1,16512,0
7,117243788,.,C,T,H954Y,954,H,Y,-1.87,,1,121320,0,0.000008243,0,10406,0,0,8654,0,0,66736,0,0,6612,0,1,11492,0,0,908,0,0,16512,0
7,117243803,.,G,A,A959T,959,A,T,-1.44,,2,121308,0,0.00001649,0,10400,0,0,8652,0,2,66732,0,0,6612,0,0,11492,0,0,908,0,0,16512,0
7,117243804,.,C,T,A959V,959,A,V,-2.26,,1,121306,0,0.000008244,0,10392,0,0,8652,0,1,66732,0,0,6612,0,0,11498,0,0,908,0,0,16512,0
7,117243806,rs185397588,C,T,P960S,960,P,S,-6.03,,2,121298,0,0.00001649,0,10388,0,0,8652,0,0,66734,0,0,6612,0,2,11492,0,0,908,0,0,16512,0
7,117243810,.,T,C,M961T,961,M,T,-4.34,,1,121296,0,0.000008244,1,10382,0,0,8652,0,0,66734,0,0,6612,0,0,11496,0,0,908,0,0,16512,0
7,117243823,.,C,A,N965K,965,N,K,-2.23,,5,121258,0,0.00004123,0,10352,0,2,8652,0,3,66730,0,0,6612,0,0,11492,0,0,908,0,0,16512,0
7,117243828,rs1800110,T,C,L967S,967,L,S,0.46,,68,121202,0,0.000561,2,10304,0,0,8652,0,54,66728,0,0,6612,0,11,11486,0,0,908,0,1,16512,0
7,117246728,.,G,A,G970D,970,G,D,-5.86,,1,121018,0,0.000008263,0,10284,0,1,8636,0,0,66576,0,0,6608,0,0,11508,0,0,906,0,0,16500,0
7,117246736,.,C,T,L973F,973,L,F,-2.73,,1,121092,0,0.000008258,0,10314,0,0,8646,0,1,66606,0,0,6610,0,0,11508,0,0,906,0,0,16502,0
7,117246746,.,T,C,F976S,976,F,S,-6.8,,1,121162,0,0.000008253,0,10336,0,0,8654,0,0,66622,0,0,6612,0,1,11526,0,0,906,0,0,16506,0
7,117246747,.,C,G,F976L,976,F,L,-5.11,,1,121166,0,0.000008253,1,10336,0,0,8654,0,0,66624,0,0,6612,0,0,11528,0,0,906,0,0,16506,0
7,117246747,.,C,A,F976L,976,F,L,-5.11,,1,121166,0,0.000008253,0,10336,0,0,8654,0,0,66624,0,0,6612,0,1,11528,0,0,906,0,0,16506,0
7,117246748,rs137975784,T,G,S977A,977,S,A,-1.41,,2,121168,0,0.00001651,0,10336,0,0,8654,0,2,66628,0,0,6612,0,0,11526,0,0,906,0,0,16506,0
7,117246755,.,A,C,D979A,979,D,A,-6.55,,3,121180,0,0.00002476,0,10344,0,3,8654,0,0,66628,0,0,6612,0,0,11530,0,0,906,0,0,16506,0
7,117246758,.,T,A,I980K,980,I,K,-4,,2,121182,0,0.0000165,0,10344,0,0,8654,0,1,66630,0,0,6612,0,1,11530,0,0,906,0,0,16506,0
7,117246769,.,G,A,D984N,984,D,N,-4.19,,1,121182,0,0.000008252,0,10346,0,0,8654,0,0,66632,0,0,6612,0,1,11528,0,0,906,0,0,16504,0
7,117246772,.,G,A,D985N,985,D,N,-2.2,,1,121186,0,0.000008252,0,10350,0,0,8654,0,0,66632,0,0,6612,0,0,11530,0,0,906,0,1,16502,0
7,117246774,.,C,A,D985E,985,D,E,-0.34,,1,121188,0,0.000008252,0,10352,0,0,8654,0,1,66632,0,0,6612,0,0,11530,0,0,906,0,0,16502,0
7,117246776,.,T,C,L986P,986,L,P,-2.5,,14,121190,2,0.0001155,1,10350,0,0,8654,0,0,66636,0,0,6612,0,0,11530,0,0,906,0,13,16502,2
7,117246788,.,C,G,T990S,990,T,S,-1.74,,1,121174,0,0.000008253,0,10348,0,1,8652,0,0,66626,0,0,6614,0,0,11528,0,0,906,0,0,16500,0
7,117246788,.,C,A,T990N,990,T,N,-2.78,,1,121174,0,0.000008253,0,10348,0,0,8652,0,0,66626,0,0,6614,0,1,11528,0,0,906,0,0,16500,0
7,117246790,.,A,G,I991V,991,I,V,-0.52,,5,121174,0,0.00004126,0,10348,0,5,8652,0,0,66628,0,0,6614,0,0,11526,0,0,906,0,0,16500,0
7,117246792,.,A,G,I991M,991,I,M,-0.5,,3,121166,0,0.00002476,0,10346,0,0,8652,0,3,66624,0,0,6612,0,0,11526,0,0,906,0,0,16500,0
7,117246795,.,T,A,F992L,992,F,L,-1.7,,2,121164,0,0.00001651,0,10342,0,0,8652,0,2,66624,0,0,6612,0,0,11528,0,0,906,0,0,16500,0
7,117246797,.,A,G,D993G,993,D,G,-2.32,,1,121152,0,0.000008254,0,10340,0,0,8652,0,1,66620,0,0,6612,0,0,11524,0,0,906,0,0,16498,0
7,117246800,.,T,G,F994C,994,F,C,-3.04,,1,121156,0,0.000008254,0,10340,0,0,8652,0,1,66620,0,0,6612,0,0,11526,0,0,908,0,0,16498,0
7,117246801,.,C,A,F994L,994,F,L,-1.02,,1,121158,0,0.000008254,1,10342,0,0,8652,0,0,66620,0,0,6612,0,0,11526,0,0,908,0,0,16498,0
7,117246802,.,A,C,I995L,995,I,L,-0.3,,1,121154,0,0.000008254,0,10340,0,0,8652,0,1,66620,0,0,6612,0,0,11524,0,0,908,0,0,16498,0
7,117250575,rs1800111,G,C,L997F,997,L,F,-1.01,,254,120696,0,0.002104,3,10374,0,0,8626,0,188,66374,0,0,6564,0,38,11390,0,5,900,0,20,16468,0
7,117250585,.,G,C,V1001L,1001,V,L,-1.64,,1,120828,0,0.000008276,0,10386,0,0,8628,0,0,66452,0,0,6562,0,0,11410,0,0,900,0,1,16490,0
7,117250588,.,A,T,I1002F,1002,I,F,-1.71,,1,120836,0,0.000008276,0,10386,0,1,8632,0,0,66452,0,0,6564,0,0,11412,0,0,900,0,0,16490,0
7,117250595,.,C,G,A1004G,1004,A,G,-2.14,,1,120884,0,0.000008272,0,10388,0,0,8632,0,1,66478,0,0,6568,0,0,11424,0,0,902,0,0,16492,0
7,117250598,.,T,G,I1005R,1005,I,R,-3.4,,1,120924,0,0.00000827,0,10394,0,0,8632,0,1,66496,0,0,6572,0,0,11434,0,0,902,0,0,16494,0
7,117250600,.,G,A,A1006T,1006,A,T,-0.47,,1,120914,0,0.00000827,0,10394,0,0,8632,0,1,66488,0,0,6570,0,0,11434,0,0,902,0,0,16494,0
7,117250607,.,T,A,V1008D,1008,V,D,-4.32,,1,120948,0,0.000008268,0,10396,0,0,8636,0,1,66510,0,0,6572,0,0,11436,0,0,902,0,0,16496,0
7,117250609,rs184724618,G,A,A1009T,1009,A,T,-0.12,,6,120952,0,0.00004961,0,10396,0,0,8636,0,3,66510,0,0,6572,0,2,11438,0,0,902,0,1,16498,0
7,117250610,.,C,T,A1009V,1009,A,V,-0.75,,1,120960,0,0.000008267,0,10398,0,1,8636,0,0,66516,0,0,6572,0,0,11438,0,0,902,0,0,16498,0
7,117250622,.,C,T,P1013L,1013,P,L,-6.96,,5,120974,0,0.00004133,0,10396,0,0,8638,0,0,66522,0,0,6574,0,0,11442,0,0,902,0,5,16500,0
7,117250622,.,C,A,P1013H,1013,P,H,-6.48,,1,120974,0,0.000008266,0,10396,0,0,8638,0,1,66522,0,0,6574,0,0,11442,0,0,902,0,0,16500,0
7,117250622,.,C,G,P1013R,1013,P,R,-6.51,,1,120974,0,0.000008266,0,10396,0,0,8638,0,0,66522,0,0,6574,0,0,11442,0,0,902,0,1,16500,0
7,117250625,rs149279509,A,G,Y1014C,1014,Y,C,-3.28,,33,120976,0,0.0002728,0,10396,0,0,8638,0,27,66522,0,0,6574,0,5,11444,0,1,902,0,0,16500,0
7,117250631,.,T,C,F1016S,1016,F,S,-1.9,,2,120970,0,0.00001653,0,10396,0,0,8638,0,0,66516,0,0,6574,0,1,11440,0,0,904,0,1,16502,0
7,117250636,.,G,A,A1018T,1018,A,T,-1.5,,1,120962,0,0.000008267,0,10398,0,0,8634,0,1,66516,0,0,6576,0,0,11436,0,0,904,0,0,16498,0
7,117250645,.,C,A,P1021T,1021,P,T,-6.04,,1,120920,0,0.00000827,0,10392,0,0,8632,0,0,66494,0,0,6568,0,0,11434,0,0,904,0,1,16496,0
7,117250648,rs144441835,G,A,V1022M,1022,V,M,-0.08,,1,120920,0,0.00000827,1,10396,0,0,8634,0,0,66486,0,0,6574,0,0,11428,0,0,904,0,0,16498,0
7,117250652,.,T,G,I1023R,1023,I,R,-0.71,,1,120926,0,0.00000827,0,10398,0,1,8632,0,0,66490,0,0,6570,0,0,11432,0,0,904,0,0,16500,0
7,117250658,.,C,T,A1025V,1025,A,V,1.41,,1,120890,0,0.000008272,0,10396,0,0,8624,0,1,66480,0,0,6564,0,0,11426,0,0,904,0,0,16496,0
7,117250664,rs1800112,T,C,I1027T,1027,I,T,-2.46,,23,120906,0,0.0001902,0,10396,0,0,8620,0,23,66490,0,0,6570,0,0,11430,0,0,902,0,0,16498,0
7,117250676,.,C,T,A1031V,1031,A,V,-1.25,,1,120876,0,0.000008273,0,10398,0,0,8616,0,0,66466,0,0,6574,0,0,11422,0,0,902,0,1,16498,0
7,117250679,rs144055758,A,G,Y1032C,1032,Y,C,-6.51,,1,120882,0,0.000008273,0,10400,0,0,8622,0,1,66464,0,0,6574,0,0,11426,0,0,902,0,0,16494,0
7,117250700,.,A,G,Q1039R,1039,Q,R,-2.76,,1,120750,0,0.000008282,0,10386,0,0,8602,0,0,66386,0,0,6574,0,0,11414,0,0,902,0,1,16486,0
7,117250705,.,A,C,K1041Q,1041,K,Q,-2.48,,4,120674,0,0.00003315,0,10386,0,0,8594,0,0,66342,0,0,6564,0,4,11410,0,0,902,0,0,16476,0
7,117251635,.,G,T,G1047V,1047,G,V,-0.46,,1,100650,0,0.000009935,0,9144,0,0,7066,0,0,54540,0,0,5796,0,0,9312,0,0,742,0,1,14050,0
7,117251646,.,A,G,I1051V,1051,I,V,-0.53,,3,109782,0,0.00002733,0,9744,0,0,7770,0,3,60078,0,0,6112,0,0,10406,0,0,816,0,0,14856,0
7,117251646,.,A,T,I1051F,1051,I,F,-3.29,,1,109782,0,0.000009109,0,9744,0,0,7770,0,1,60078,0,0,6112,0,0,10406,0,0,816,0,0,14856,0
7,117251649,rs150212784,T,G,F1052V,1052,F,V,-3.72,,73,110980,1,0.0006578,2,9788,1,0,7868,0,61,60840,0,2,6152,0,8,10496,0,0,828,0,0,15008,0
7,117251653,rs140883683,C,T,T1053I,1053,T,I,-2.16,,1,112668,0,0.000008876,0,9922,0,0,8002,0,1,61876,0,0,6228,0,0,10646,0,0,844,0,0,15150,0
7,117251657,.,T,A,H1054Q,1054,H,Q,-5.64,,1,114056,0,0.000008768,0,9998,0,0,8098,0,0,62756,0,0,6280,0,1,10752,0,0,852,0,0,15320,0
7,117251664,.,A,G,T1057A,1057,T,A,-0.56,,1,116034,0,0.000008618,0,10114,0,0,8262,0,1,63886,0,0,6358,0,0,10928,0,0,864,0,0,15622,0
7,117251691,rs78194216,C,T,R1066C,1066,R,C,-6.58,,1,119434,0,0.000008373,0,10308,0,0,8536,0,1,65776,0,0,6488,0,0,11260,0,0,888,0,0,16178,0
7,117251692,rs121909019,G,A,R1066H,1066,R,H,-4.1,,7,119582,0,0.00005854,1,10316,0,0,8556,0,5,65846,0,0,6496,0,0,11268,0,1,890,0,0,16210,0
7,117251695,rs1800114,C,T,A1067V,1067,A,V,-3.26,,2,119770,0,0.0000167,0,10326,0,0,8568,0,2,65942,0,0,6502,0,0,11290,0,0,892,0,0,16250,0
7,117251700,.,G,A,G1069R,1069,G,R,0.14,,28,119940,0,0.0002335,0,10326,0,7,8572,0,13,66032,0,4,6518,0,1,11308,0,1,894,0,2,16290,0
7,117251703,.,C,T,R1070W,1070,R,W,-3.39,,5,120060,0,0.00004165,1,10340,0,0,8578,0,4,66100,0,0,6522,0,0,11320,0,0,894,0,0,16306,0
7,117251704,rs78769542,G,A,R1070Q,1070,R,Q,-0.14,,97,120098,2,0.0008077,3,10338,0,1,8580,0,4,66112,0,0,6520,0,1,11330,0,0,894,0,88,16324,2
7,117251717,rs186045772,T,A,F1074L,1074,F,L,-4.04,,1,120454,0,0.000008302,0,10360,0,0,8610,0,1,66276,0,0,6548,0,0,11356,0,0,898,0,0,16406,0
7,117251725,rs139304906,T,C,L1077P,1077,L,P,-1.3,,1,120564,0,0.000008294,0,10370,0,0,8620,0,1,66334,0,0,6552,0,0,11362,0,0,900,0,0,16426,0
7,117251733,.,A,C,K1080Q,1080,K,Q,-0.87,,1,120630,0,0.00000829,0,10378,0,0,8628,0,1,66364,0,0,6554,0,0,11364,0,0,898,0,0,16444,0
7,117251734,.,A,G,K1080R,1080,K,R,-0.74,,3,120642,0,0.00002487,0,10378,0,0,8628,0,1,66376,0,0,6554,0,0,11366,0,0,898,0,2,16442,0
7,117251762,rs150020260,G,C,W1089C,1089,W,C,-3.46,,1,120800,0,0.000008278,0,10392,0,0,8636,0,1,66456,0,0,6568,0,0,11386,0,0,900,0,0,16462,0
7,117251768,.,G,C,L1091F,1091,L,F,-0.92,,1,120812,0,0.000008277,0,10394,0,0,8636,0,0,66462,0,0,6570,0,1,11384,0,0,902,0,0,16464,0
7,117251769,.,T,C,Y1092H,1092,Y,H,-1.2,,4,120826,0,0.00003311,0,10394,0,0,8638,0,3,66472,0,0,6570,0,1,11384,0,0,902,0,0,16466,0
7,117251770,.,A,G,Y1092C,1092,Y,C,-2.45,,1,120810,0,0.000008277,0,10394,0,0,8636,0,1,66470,0,0,6568,0,0,11380,0,0,904,0,0,16458,0
7,117251784,.,C,T,R1097C,1097,R,C,-5.64,,22,120784,0,0.0001821,0,10390,0,21,8634,0,0,66450,0,0,6572,0,0,11382,0,0,904,0,1,16452,0
7,117251785,.,G,A,R1097H,1097,R,H,-3.91,,4,120764,0,0.00003312,0,10390,0,0,8632,0,4,66440,0,0,6566,0,0,11378,0,0,904,0,0,16454,0
7,117251789,.,G,C,W1098C,1098,W,C,-10.48,,1,120740,0,0.000008282,0,10388,0,1,8636,0,0,66430,0,0,6564,0,0,11374,0,0,904,0,0,16444,0
7,117251792,.,C,A,F1099L,1099,F,L,1.01,,6,120716,0,0.0000497,5,10386,0,0,8634,0,0,66422,0,0,6562,0,1,11366,0,0,904,0,0,16442,0
7,117251797,rs36210737,T,A,M1101K,1101,M,K,-2.94,,1,120676,0,0.000008287,0,10386,0,0,8636,0,1,66392,0,0,6558,0,0,11364,0,0,904,0,0,16436,0
7,117251812,.,T,C,I1106T,1106,I,T,-3.05,,1,120360,0,0.000008308,0,10374,0,0,8604,0,0,66216,0,0,6538,0,0,11340,0,0,900,0,1,16388,0
7,117251817,.,G,C,V1108L,1108,V,L,-1.17,,2,120222,0,0.00001664,0,10370,0,0,8598,0,2,66110,0,0,6540,0,0,11336,0,0,900,0,0,16368,0
7,117251820,.,A,G,I1109V,1109,I,V,0.01,,1,120054,0,0.00000833,0,10366,0,0,8584,0,0,65998,0,0,6538,0,0,11316,0,0,898,0,1,16354,0
7,117251826,.,T,C,F1111L,1111,F,L,-0.56,,2,119518,0,0.00001673,0,10348,0,0,8560,0,1,65618,0,0,6530,0,1,11278,0,0,892,0,0,16292,0
7,117251842,.,T,C,F1116S,1116,F,S,-1.77,,1,117406,0,0.000008517,0,10258,0,1,8400,0,0,64214,0,0,6468,0,0,11116,0,0,890,0,0,16060,0
7,117251845,.,T,C,I1117T,1117,I,T,-1.74,,1,117004,0,0.000008547,0,10238,0,0,8362,0,0,63936,0,0,6454,0,0,11098,0,0,888,0,1,16028,0
7,117251848,rs146521846,C,G,S1118C,1118,S,C,-0.97,,1,116340,0,0.000008595,0,10216,0,0,8318,0,1,63490,0,0,6444,0,0,11030,0,0,886,0,0,15956,0
7,117251848,rs146521846,C,T,S1118F,1118,S,F,-1.5,,1,116340,0,0.000008595,0,10216,0,0,8318,0,1,63490,0,0,6444,0,0,11030,0,0,886,0,0,15956,0
7,117254688,.,G,C,G1130A,1130,G,A,-4.96,,7,121226,0,0.00005774,0,10404,0,0,8638,0,5,66654,0,0,6600,0,2,11518,0,0,908,0,0,16504,0
7,117254690,.,A,G,I1131V,1131,I,V,-0.79,,1,121234,0,0.000008249,0,10404,0,0,8640,0,1,66662,0,0,6604,0,0,11518,0,0,908,0,0,16498,0
7,117254705,.,G,A,A1136T,1136,A,T,-2.46,,8,121250,1,0.00006598,0,10404,0,0,8640,0,0,66660,0,0,6610,0,1,11520,0,0,908,0,7,16508,1
7,117254708,.,A,G,M1137V,1137,M,V,-1.5,,2,121244,0,0.0000165,0,10404,0,0,8640,0,2,66660,0,0,6610,0,0,11516,0,0,908,0,0,16506,0
7,117254709,.,T,C,M1137T,1137,M,T,-3.27,,2,121242,0,0.0000165,0,10404,0,0,8640,0,1,66660,0,0,6608,0,0,11514,0,0,908,0,1,16508,0
7,117254714,.,A,G,I1139V,1139,I,V,-0.61,,8,121246,0,0.00006598,0,10404,0,0,8640,0,8,66664,0,0,6610,0,0,11514,0,0,908,0,0,16506,0
7,117254717,.,A,G,M1140V,1140,M,V,0.04,,1,121244,0,0.000008248,0,10404,0,0,8638,0,1,66662,0,0,6608,0,0,11518,0,0,908,0,0,16506,0
7,117254722,.,T,A,S1141R,1141,S,R,-1.21,,1,121228,0,0.000008249,0,10400,0,0,8636,0,0,66654,0,0,6608,0,0,11516,0,0,908,0,1,16506,0
7,117254743,.,C,A,N1148K,1148,N,K,0.56,,1,121140,0,0.000008255,0,10396,0,0,8632,0,1,66622,0,0,6602,0,0,11480,0,0,908,0,0,16500,0
7,117254744,.,T,C,S1149P,1149,S,P,-1.51,,1,121146,0,0.000008255,0,10396,0,0,8632,0,1,66626,0,0,6602,0,0,11482,0,0,908,0,0,16500,0
7,117254753,rs75541969,G,C,D1152H,1152,D,H,-2.68,,32,121036,0,0.0002644,1,10392,0,0,8624,0,25,66572,0,0,6590,0,6,11460,0,0,908,0,0,16490,0
7,117254757,.,T,A,V1153E,1153,V,E,-4.51,,6,120944,0,0.00004961,0,10378,0,0,8620,0,5,66524,0,0,6588,0,0,11450,0,1,908,0,0,16476,0
7,117254767,rs139729994,G,T,L1156F,1156,L,F,-0.73,,24,120738,0,0.0001988,0,10368,0,23,8598,0,0,66406,0,0,6578,0,0,11424,0,1,908,0,0,16456,0
7,117267578,.,G,A,M1157I,1157,M,I,-0.28,,1,120026,0,0.000008332,0,10322,0,1,8456,0,0,66068,0,0,6532,0,0,11348,0,0,900,0,0,16400,0
7,117267580,.,G,A,R1158Q,1158,R,Q,-0.49,,1,120166,0,0.000008322,0,10336,0,0,8468,0,1,66156,0,0,6536,0,0,11352,0,0,900,0,0,16418,0
7,117267582,.,T,C,S1159P,1159,S,P,-3.59,,1,120226,0,0.000008318,0,10342,0,0,8468,0,1,66186,0,0,6536,0,0,11362,0,0,902,0,0,16430,0
7,117267592,rs1800120,G,T,R1162L,1162,R,L,-5.98,,82,120452,1,0.0006808,0,10360,0,0,8498,0,79,66298,1,1,6552,0,2,11380,0,0,902,0,0,16462,0
7,117267592,rs1800120,G,A,R1162Q,1162,R,Q,-3.41,,19,120452,0,0.0001577,4,10360,0,1,8498,0,13,66298,0,1,6552,0,0,11380,0,0,902,0,0,16462,0
7,117267601,.,A,G,K1165R,1165,K,R,-1.31,,1,120604,0,0.000008292,0,10370,0,1,8516,0,0,66396,0,0,6562,0,0,11394,0,0,902,0,0,16464,0
7,117267603,.,T,C,F1166L,1166,F,L,-3.62,,1,120618,0,0.000008291,0,10372,0,0,8516,0,1,66404,0,0,6566,0,0,11394,0,0,902,0,0,16464,0
7,117267618,.,A,G,T1171A,1171,T,A,-0.6,,1,120724,0,0.000008283,0,10374,0,1,8526,0,0,66458,0,0,6580,0,0,11406,0,0,902,0,0,16478,0
7,117267624,.,G,A,G1173S,1173,G,S,-0.05,,6,120750,0,0.00004969,6,10378,0,0,8530,0,0,66478,0,0,6574,0,0,11408,0,0,902,0,0,16480,0
7,117267628,rs137875514,A,C,K1174T,1174,K,T,-0.04,,2,120792,0,0.00001656,2,10378,0,0,8540,0,0,66492,0,0,6580,0,0,11420,0,0,902,0,0,16480,0
7,117267637,.,A,G,K1177R,1177,K,R,-0.71,,1,120816,0,0.000008277,0,10384,0,0,8534,0,1,66504,0,0,6580,0,0,11428,0,0,902,0,0,16484,0
7,117267637,.,A,C,K1177T,1177,K,T,-0.63,,1,120816,0,0.000008277,0,10384,0,1,8534,0,0,66504,0,0,6580,0,0,11428,0,0,902,0,0,16484,0
7,117267649,.,C,A,P1181Q,1181,P,Q,-0.69,,1,120834,0,0.000008276,0,10390,0,0,8534,0,1,66514,0,0,6582,0,0,11430,0,0,902,0,0,16482,0
7,117267651,.,T,C,Y1182H,1182,Y,H,-0.33,,1,120850,0,0.000008275,0,10390,0,0,8538,0,1,66520,0,0,6582,0,0,11432,0,0,902,0,0,16486,0
7,117267666,.,C,A,L1187I,1187,L,I,0.07,,1,120864,0,0.000008274,0,10388,0,0,8532,0,1,66524,0,0,6586,0,0,11444,0,0,904,0,0,16486,0
7,117267666,.,C,G,L1187V,1187,L,V,0.18,,2,120864,0,0.00001655,0,10388,0,0,8532,0,2,66524,0,0,6586,0,0,11444,0,0,904,0,0,16486,0
7,117267669,.,T,C,S1188P,1188,S,P,0.58,,2,120884,0,0.00001654,0,10392,0,0,8536,0,2,66530,0,0,6588,0,0,11450,0,0,904,0,0,16484,0
7,117267679,.,T,C,M1191T,1191,M,T,-0.68,,1,120894,0,0.000008272,0,10392,0,0,8540,0,1,66538,0,0,6586,0,0,11450,0,0,904,0,0,16484,0
7,117267697,.,A,G,H1197R,1197,H,R,-1.05,,1,120924,0,0.00000827,0,10392,0,0,8540,0,1,66540,0,0,6588,0,0,11472,0,0,904,0,0,16488,0
7,117267697,.,A,T,H1197L,1197,H,L,-1.91,,1,120924,0,0.00000827,0,10392,0,0,8540,0,1,66540,0,0,6588,0,0,11472,0,0,904,0,0,16488,0
7,117267699,.,G,A,V1198M,1198,V,M,-0.39,,2,120924,0,0.00001654,1,10390,0,0,8544,0,0,66540,0,0,6588,0,1,11470,0,0,904,0,0,16488,0
7,117267699,.,G,T,V1198L,1198,V,L,-0.42,,1,120924,0,0.00000827,0,10390,0,0,8544,0,1,66540,0,0,6588,0,0,11470,0,0,904,0,0,16488,0
7,117267703,.,A,G,K1199R,1199,K,R,0.07,,1,120938,0,0.000008269,0,10392,0,0,8548,0,0,66546,0,0,6586,0,0,11474,0,0,904,0,1,16488,0
7,117267705,.,A,C,K1200Q,1200,K,Q,-0.37,,1,120934,0,0.000008269,1,10390,0,0,8548,0,0,66546,0,0,6586,0,0,11472,0,0,904,0,0,16488,0
7,117267730,.,G,A,G1208D,1208,G,D,-5.97,,1,120918,0,0.00000827,1,10392,0,0,8548,0,0,66542,0,0,6584,0,0,11462,0,0,904,0,0,16486,0
7,117267735,.,A,C,M1210L,1210,M,L,-0.15,,1,120944,0,0.000008268,0,10390,0,0,8548,0,1,66552,0,0,6584,0,0,11476,0,0,904,0,0,16490,0
7,117267757,.,C,T,A1217V,1217,A,V,1.36,,2,120906,0,0.00001654,0,10378,0,1,8542,0,0,66530,0,0,6588,0,1,11476,0,0,904,0,0,16488,0
7,117267762,.,T,C,Y1219H,1219,Y,H,-4.26,,1,120892,0,0.000008272,0,10376,0,0,8540,0,0,66530,0,0,6582,0,0,11470,0,0,904,0,1,16490,0
7,117267766,rs1800123,C,T,T1220I,1220,T,I,-2.05,,16,120846,0,0.0001324,0,10368,0,8,8536,0,5,66502,0,0,6582,0,0,11464,0,0,904,0,3,16490,0
7,117267779,.,T,A,N1224K,1224,N,K,-1.15,,26,120728,0,0.0002154,0,10360,0,0,8524,0,1,66426,0,0,6572,0,0,11462,0,0,904,0,25,16480,0
7,117267781,.,C,T,A1225V,1225,A,V,-0.35,,2,120686,0,0.00001657,0,10350,0,0,8516,0,2,66404,0,0,6572,0,0,11464,0,0,904,0,0,16476,0
7,117267787,.,T,C,L1227S,1227,L,S,-5.05,,1,120630,0,0.00000829,0,10330,0,0,8520,0,1,66382,0,0,6574,0,0,11454,0,0,900,0,0,16470,0
7,117267789,.,G,C,E1228Q,1228,E,Q,-0.03,,1,120604,0,0.000008292,1,10332,0,0,8510,0,0,66370,0,0,6572,0,0,11450,0,0,898,0,0,16472,0
7,117267794,rs139322772,C,A,N1229K,1229,N,K,-3.1,,1,120524,0,0.000008297,0,10318,0,0,8510,0,1,66320,0,0,6572,0,0,11440,0,0,898,0,0,16466,0
7,117267796,.,T,C,I1230T,1230,I,T,-3.75,,3,120488,0,0.0000249,0,10312,0,0,8506,0,0,66294,0,0,6572,0,0,11438,0,0,898,0,3,16468,0
7,117267807,rs75389940,A,G,I1234V,1234,I,V,-0.5,,1,120280,0,0.000008314,0,10278,0,0,8466,0,1,66176,0,0,6566,0,0,11428,0,0,898,0,0,16468,0
7,117267812,rs34911792,T,G,S1235R,1235,S,R,-0.05,,600,120182,2,0.004992,24,10256,0,0,8458,0,474,66118,1,29,6564,0,29,11422,1,4,898,0,40,16466,0
7,117267817,.,G,A,G1237D,1237,G,D,-3.11,,5,120048,0,0.00004165,0,10236,0,5,8444,0,0,66044,0,0,6556,0,0,11412,0,0,898,0,0,16458,0
7,117267819,.,C,A,Q1238K,1238,Q,K,-1.56,,1,120020,0,0.000008332,0,10232,0,0,8442,0,1,66026,0,0,6554,0,0,11410,0,0,898,0,0,16458,0
7,117282505,.,G,A,G1244E,1244,G,E,-6.82,,2,121154,0,0.00001651,0,10404,0,0,8582,0,2,66666,0,0,6590,0,0,11500,0,0,906,0,0,16506,0
7,117282511,.,C,T,T1246I,1246,T,I,-5.01,,1,121176,0,0.000008252,0,10406,0,0,8590,0,1,66666,0,0,6592,0,0,11510,0,0,906,0,0,16506,0
7,117282519,.,G,A,G1249R,1249,G,R,-6.81,,1,121168,0,0.000008253,0,10406,0,0,8590,0,0,66668,0,0,6590,0,0,11504,0,0,906,0,1,16504,0
7,117282526,rs74503330,G,A,S1251N,1251,S,N,-2.49,,1,121162,0,0.000008253,0,10406,0,0,8590,0,0,66658,0,0,6592,0,0,11506,0,0,906,0,1,16504,0
7,117282536,.,A,T,L1254F,1254,L,F,-1.43,,2,121154,0,0.00001651,2,10404,0,0,8582,0,0,66650,0,0,6590,0,0,11512,0,0,908,0,0,16508,0
7,117282541,rs121908789,C,T,A1256V,1256,A,V,-2.85,,3,121146,0,0.00002476,0,10406,0,0,8578,0,0,66646,0,0,6594,0,0,11508,0,0,908,0,3,16506,0
7,117282545,.,T,G,F1257L,1257,F,L,2.34,,2,121120,0,0.00001651,0,10402,0,0,8576,0,0,66638,0,0,6592,0,2,11498,0,0,908,0,0,16506,0
7,117282562,.,C,T,T1263I,1263,T,I,-1.2,,1,121078,0,0.000008259,0,10402,0,0,8568,0,1,66624,0,0,6588,0,0,11488,0,0,908,0,0,16500,0
7,117282577,.,A,G,Q1268R,1268,Q,R,-0.63,,2,121012,0,0.00001653,0,10398,0,0,8550,0,2,66598,0,0,6588,0,0,11472,0,0,908,0,0,16498,0
7,117282581,.,C,G,I1269M,1269,I,M,-2.4,,1,120984,0,0.000008266,0,10398,0,0,8540,0,1,66594,0,0,6588,0,0,11460,0,0,908,0,0,16496,0
7,117282582,rs11971167,G,A,D1270N,1270,D,N,-4.26,,177,120970,1,0.001463,151,10396,1,0,8542,0,4,66586,0,0,6586,0,18,11456,0,3,908,0,1,16496,0
7,117282583,.,A,G,D1270G,1270,D,G,-5.96,,1,120976,0,0.000008266,0,10396,0,0,8536,0,0,66588,0,0,6586,0,1,11464,0,0,908,0,0,16498,0
7,117282589,.,T,G,V1272G,1272,V,G,-5.12,,1,120940,0,0.000008269,0,10396,0,1,8526,0,0,66574,0,0,6586,0,0,11454,0,0,908,0,0,16496,0
7,117282604,.,T,C,I1277T,1277,I,T,-3.15,,1,120856,0,0.000008274,0,10394,0,1,8504,0,0,66532,0,0,6580,0,0,11452,0,0,908,0,0,16486,0
7,117282615,.,C,G,Q1281E,1281,Q,E,1.06,,1,120724,0,0.000008283,0,10392,0,0,8486,0,0,66468,0,0,6568,0,1,11430,0,0,904,0,0,16476,0
7,117282616,.,A,G,Q1281R,1281,Q,R,-1.07,,1,120698,0,0.000008285,0,10388,0,0,8488,0,0,66448,0,0,6568,0,0,11428,0,0,904,0,1,16474,0
7,117282620,rs77010898,G,C,W1282C,1282,W,C,-2.74,,1,120654,0,0.000008288,1,10384,0,0,8478,0,0,66432,0,0,6564,0,0,11424,0,0,904,0,0,16468,0
7,117282622,rs77902683,G,A,R1283K,1283,R,K,-2.56,,2,120618,0,0.00001658,0,10382,0,0,8478,0,2,66404,0,0,6560,0,0,11420,0,0,904,0,0,16470,0
7,117282628,.,C,T,A1285V,1285,A,V,-2.07,,82,120498,0,0.0006805,0,10382,0,0,8466,0,0,66320,0,0,6554,0,0,11412,0,0,904,0,82,16460,0
7,117282642,.,C,A,P1290T,1290,P,T,-5.88,,1,119852,0,0.000008344,0,10362,0,0,8408,0,1,65898,0,0,6536,0,0,11366,0,0,902,0,0,16380,0
7,117282643,.,C,T,P1290L,1290,P,L,-7.85,,1,119584,0,0.000008362,0,10348,0,0,8384,0,1,65712,0,0,6532,0,0,11348,0,0,902,0,0,16358,0
7,117282646,.,A,G,Q1291R,1291,Q,R,-3.41,,1,119286,0,0.000008383,0,10302,0,0,8384,0,1,65532,0,0,6524,0,0,11316,0,0,902,0,0,16326,0
7,117282647,rs121909015,G,C,Q1291H,1291,Q,H,-4.26,,1,119254,0,0.000008385,0,10294,0,0,8378,0,1,65522,0,0,6524,0,0,11316,0,0,902,0,0,16318,0
7,117292899,.,G,A,V1293I,1293,V,I,-0.77,,2,116836,0,0.00001712,0,9366,0,0,8214,0,1,64468,0,0,6502,0,0,11194,0,1,878,0,0,16214,0
7,117292917,.,A,G,T1299A,1299,T,A,-3.24,,3,119514,0,0.0000251,0,9828,0,0,8528,0,3,65926,0,0,6560,0,0,11360,0,0,894,0,0,16418,0
7,117292920,.,T,C,F1300L,1300,F,L,0.44,,2,119760,0,0.0000167,2,9912,0,0,8550,0,0,66016,0,0,6570,0,0,11388,0,0,898,0,0,16426,0
7,117292930,.,A,T,N1303I,1303,N,I,-7.67,,4,120262,0,0.00003326,0,10126,0,0,8574,0,4,66192,0,0,6582,0,0,11430,0,0,904,0,0,16454,0
7,117292931,rs80034486,C,G,N1303K,1303,N,K,-5.11,,18,120304,0,0.0001496,0,10150,0,0,8576,0,14,66206,0,0,6584,0,2,11430,0,1,904,0,1,16454,0
7,117292938,.,C,T,P1306S,1306,P,S,-6.82,,1,120544,0,0.000008296,0,10240,0,0,8586,0,1,66316,0,0,6588,0,0,11448,0,0,906,0,0,16460,0
7,117292941,.,T,A,Y1307N,1307,Y,N,-2.14,,1,120624,0,0.00000829,0,10278,0,0,8592,0,0,66340,0,0,6594,0,0,11452,0,0,906,0,1,16462,0
7,117292947,.,C,G,Q1309E,1309,Q,E,-0.5,,1,120720,0,0.000008284,0,10316,0,0,8592,0,0,66386,0,0,6594,0,0,11458,0,0,906,0,1,16468,0
7,117292950,.,T,G,W1310G,1310,W,G,-3.44,,1,120762,0,0.000008281,0,10332,0,1,8596,0,0,66404,0,0,6594,0,0,11462,0,0,906,0,0,16468,0
7,117292957,.,A,G,D1312G,1312,D,G,-5.89,,2,120814,0,0.00001655,0,10344,0,0,8598,0,2,66440,0,0,6594,0,0,11462,0,0,906,0,0,16470,0
7,117292959,rs121909026,C,A,Q1313K,1313,Q,K,-0.68,,1,120818,0,0.000008277,0,10342,0,0,8600,0,1,66444,0,0,6594,0,0,11460,0,0,906,0,0,16472,0
7,117292983,.,G,A,E1321K,1321,E,K,-0.7,,1,120722,0,0.000008283,0,10326,0,0,8590,0,1,66422,0,0,6586,0,0,11438,0,0,906,0,0,16454,0
7,117304742,.,G,A,V1322I,1322,V,I,-0.72,,1,121286,0,0.000008245,0,10404,0,0,8634,0,1,66696,0,0,6608,0,0,11526,0,0,908,0,0,16510,0
7,117304742,.,G,T,V1322F,1322,V,F,-2.42,,2,121286,0,0.00001649,0,10404,0,2,8634,0,0,66696,0,0,6608,0,0,11526,0,0,908,0,0,16510,0
7,117304761,rs115762793,T,C,I1328T,1328,I,T,-3.04,,4,121310,0,0.00003297,0,10404,0,1,8638,0,1,66702,0,0,6610,0,0,11538,0,0,908,0,2,16510,0
7,117304762,.,A,G,I1328M,1328,I,M,-1.93,,1,121304,0,0.000008244,1,10404,0,0,8636,0,0,66704,0,0,6610,0,0,11532,0,0,908,0,0,16510,0
7,117304771,.,T,A,F1331L,1331,F,L,-0.73,,1,121316,0,0.000008243,0,10404,0,1,8638,0,0,66710,0,0,6610,0,0,11536,0,0,908,0,0,16510,0
7,117304781,rs145545286,C,T,L1335F,1335,L,F,-3.39,,2,121322,0,0.00001649,1,10404,0,0,8636,0,1,66710,0,0,6612,0,0,11542,0,0,908,0,0,16510,0
7,117304787,.,T,G,F1337V,1337,F,V,-2.09,,8,121328,0,0.00006594,0,10404,0,0,8642,0,0,66714,0,0,6612,0,0,11538,0,0,908,0,8,16510,0
7,117304794,.,T,C,L1339P,1339,L,P,-4.35,,1,121330,0,0.000008242,0,10404,0,0,8636,0,0,66724,0,0,6612,0,0,11536,0,0,908,0,1,16510,0
7,117304800,.,A,G,D1341G,1341,D,G,-3.63,,1,121326,0,0.000008242,0,10404,0,0,8638,0,0,66724,0,0,6612,0,1,11530,0,0,908,0,0,16510,0
7,117304805,.,G,A,G1343S,1343,G,S,-5.06,,7,121332,0,0.00005769,0,10404,0,0,8638,0,7,66726,0,0,6612,0,0,11534,0,0,908,0,0,16510,0
7,117304806,.,G,A,G1343D,1343,G,D,-5.88,,1,121326,0,0.000008242,0,10404,0,0,8638,0,0,66724,0,0,6612,0,1,11530,0,0,908,0,0,16510,0
7,117304806,.,G,C,G1343A,1343,G,A,-5.08,,1,121326,0,0.000008242,0,10404,0,0,8638,0,1,66724,0,0,6612,0,0,11530,0,0,908,0,0,16510,0
7,117304809,.,G,C,C1344S,1344,C,S,2.32,,3,121326,0,0.00002473,0,10404,0,0,8640,0,2,66722,0,0,6612,0,1,11530,0,0,908,0,0,16510,0
7,117304818,.,G,A,S1347N,1347,S,N,-2.48,,1,121334,0,0.000008242,0,10404,0,0,8640,0,0,66726,0,0,6610,0,0,11536,0,0,908,0,1,16510,0
7,117304823,.,G,A,G1349S,1349,G,S,-4.99,,3,121338,0,0.00002472,0,10404,0,3,8638,0,0,66726,0,0,6612,0,0,11540,0,0,908,0,0,16510,0
7,117304832,.,C,G,Q1352E,1352,Q,E,-2.49,,3,121342,0,0.00002472,0,10404,0,0,8642,0,3,66728,0,0,6612,0,0,11536,0,0,908,0,0,16512,0
7,117304834,rs113857788,G,C,Q1352H,1352,Q,H,-4.19,,117,121348,4,0.0009642,0,10404,0,116,8640,4,0,66730,0,0,6614,0,0,11540,0,0,908,0,1,16512,0
7,117304834,rs113857788,G,T,Q1352H,1352,Q,H,-4.19,,7,121348,0,0.00005769,0,10404,0,0,8640,0,0,66730,0,0,6614,0,1,11540,0,0,908,0,6,16512,0
7,117304839,.,T,C,M1354T,1354,M,T,-2.49,,6,121354,0,0.00004944,0,10404,0,0,8646,0,0,66730,0,0,6614,0,0,11540,0,0,908,0,6,16512,0
7,117304840,.,G,A,M1354I,1354,M,I,-0.12,,3,121352,0,0.00002472,1,10404,0,0,8644,0,0,66730,0,0,6614,0,0,11540,0,0,908,0,2,16512,0
7,117304841,.,T,G,C1355G,1355,C,G,-6.69,,1,121348,0,0.000008241,0,10404,0,0,8640,0,0,66728,0,0,6614,0,0,11542,0,1,908,0,0,16512,0
7,117304851,.,G,C,R1358T,1358,R,T,-4.92,,1,121362,0,0.00000824,0,10404,0,0,8646,0,0,66734,0,1,6614,0,0,11544,0,0,908,0,0,16512,0
7,117304859,.,C,G,L1361V,1361,L,V,-2.5,,1,121366,0,0.00000824,0,10404,0,0,8646,0,0,66734,0,0,6614,0,0,11548,0,0,908,0,1,16512,0
7,117304863,.,G,A,S1362N,1362,S,N,-0.88,,1,121370,0,0.000008239,0,10404,0,0,8646,0,0,66734,0,0,6614,0,1,11552,0,0,908,0,0,16512,0
7,117304863,.,G,C,S1362T,1362,S,T,-0.28,,1,121370,0,0.000008239,0,10404,0,0,8646,0,1,66734,0,0,6614,0,0,11552,0,0,908,0,0,16512,0
7,117304869,.,C,T,A1364V,1364,A,V,-2.68,,2,121372,0,0.00001648,0,10404,0,0,8648,0,1,66734,0,0,6614,0,0,11552,0,0,908,0,1,16512,0
7,117304874,.,A,T,I1366F,1366,I,F,-3.35,,6,121378,0,0.00004943,0,10404,0,0,8648,0,0,66734,0,0,6614,0,0,11558,0,1,908,0,5,16512,0
7,117304875,.,T,C,I1366T,1366,I,T,-4.03,,1,121378,0,0.000008239,0,10404,0,0,8648,0,0,66734,0,0,6614,0,1,11558,0,0,908,0,0,16512,0
7,117304883,.,C,T,L1369F,1369,L,F,-3.09,,2,121376,0,0.00001648,0,10404,0,0,8646,0,2,66734,0,0,6614,0,0,11558,0,0,908,0,0,16512,0
7,117304886,.,G,C,D1370H,1370,D,H,-5.68,,1,121372,0,0.000008239,1,10404,0,0,8646,0,0,66732,0,0,6614,0,0,11556,0,0,908,0,0,16512,0
7,117304887,.,A,G,D1370G,1370,D,G,-5.77,,2,121374,0,0.00001648,0,10404,0,0,8646,0,2,66734,0,0,6614,0,0,11556,0,0,908,0,0,16512,0
7,117304901,rs146947665,C,A,H1375N,1375,H,N,-0.77,,5,121364,0,0.0000412,0,10404,0,0,8646,0,5,66734,0,0,6612,0,0,11548,0,0,908,0,0,16512,0
7,117304902,.,A,G,H1375R,1375,H,R,-1.29,,1,121364,0,0.00000824,0,10404,0,0,8648,0,1,66734,0,0,6612,0,0,11546,0,0,908,0,0,16512,0
7,117304907,rs150683293,G,C,D1377H,1377,D,H,-5.77,,1,121360,0,0.00000824,0,10404,0,0,8644,0,1,66734,0,0,6614,0,0,11546,0,0,908,0,0,16510,0
7,117304911,.,C,T,P1378L,1378,P,L,-0.56,,1,121356,0,0.00000824,0,10404,0,0,8648,0,0,66732,0,0,6612,0,0,11542,0,0,908,0,1,16510,0
7,117304913,.,G,C,V1379L,1379,V,L,-0.88,,1,121358,0,0.00000824,0,10404,0,0,8646,0,1,66730,0,0,6612,0,0,11548,0,0,908,0,0,16510,0
7,117305518,.,A,C,Y1381S,1381,Y,S,0.37,,1,118204,0,0.00000846,0,9954,0,0,8532,0,1,65026,0,0,6508,0,0,11190,0,0,886,0,0,16108,0
7,117305520,.,C,A,Q1382K,1382,Q,K,-0.51,,1,118480,0,0.00000844,0,9992,0,0,8536,0,1,65206,0,0,6516,0,0,11216,0,0,890,0,0,16124,0
7,117305522,.,A,C,Q1382H,1382,Q,H,-1.44,,1,118736,0,0.000008422,0,10028,0,0,8548,0,0,65340,0,0,6528,0,0,11244,0,0,892,0,1,16156,0
7,117305550,.,T,C,F1392L,1392,F,L,-4.43,,1,120488,0,0.0000083,0,10322,0,1,8586,0,0,66284,0,0,6572,0,0,11434,0,0,900,0,0,16390,0
7,117305562,.,A,C,T1396P,1396,T,P,-4.93,,1,120736,0,0.000008283,0,10360,0,0,8598,0,1,66412,0,0,6576,0,0,11464,0,0,902,0,0,16424,0
7,117305569,.,T,G,I1398S,1398,I,S,-4.24,,1,120786,0,0.000008279,0,10364,0,0,8600,0,1,66442,0,0,6578,0,0,11468,0,0,904,0,0,16430,0
7,117305601,.,G,A,E1409K,1409,E,K,-2.41,,1,120574,0,0.000008294,0,10348,0,0,8596,0,1,66340,0,0,6570,0,0,11436,0,0,898,0,0,16386,0
7,117305608,rs150177304,A,C,Q1411P,1411,Q,P,-2.17,,2,120320,0,0.00001662,0,10320,0,0,8590,0,0,66200,0,0,6566,0,2,11398,0,0,896,0,0,16350,0
7,117305613,rs142092183,T,C,F1413L,1413,F,L,-0.37,,1,120016,0,0.000008332,0,10278,0,0,8584,0,1,66040,0,0,6564,0,0,11364,0,0,892,0,0,16294,0
7,117306963,.,T,A,V1415D,1415,V,D,-5.44,,1,120796,0,0.000008278,0,10342,0,0,8590,0,1,66466,0,0,6594,0,0,11444,0,0,902,0,0,16458,0
7,117306980,.,G,T,V1421L,1421,V,L,-1.54,,1,120912,0,0.00000827,1,10382,0,0,8590,0,0,66516,0,0,6600,0,0,11448,0,0,902,0,0,16474,0
7,117306983,.,C,T,R1422W,1422,R,W,-1.17,,4,120886,0,0.00003309,0,10378,0,0,8586,0,3,66506,0,0,6596,0,0,11452,0,0,902,0,1,16466,0
7,117306984,.,G,A,R1422Q,1422,R,Q,-0.29,,3,120902,0,0.00002481,0,10386,0,0,8586,0,3,66506,0,0,6600,0,0,11446,0,0,902,0,0,16476,0
7,117306995,.,T,C,S1426P,1426,S,P,-2.59,,3,120988,0,0.0000248,0,10392,0,0,8588,0,1,66550,0,0,6608,0,0,11466,0,0,902,0,2,16482,0
7,117306996,.,C,T,S1426F,1426,S,F,-3.5,,6,120972,0,0.0000496,0,10390,0,4,8586,0,2,66546,0,0,6606,0,0,11464,0,0,902,0,0,16478,0
7,117306996,.,C,A,S1426Y,1426,S,Y,-3.39,,1,120972,0,0.000008266,0,10390,0,0,8586,0,1,66546,0,0,6606,0,0,11464,0,0,902,0,0,16478,0
7,117307015,.,C,G,N1432K,1432,N,K,-0.63,,3,120962,0,0.0000248,0,10388,0,0,8582,0,2,66540,0,0,6594,0,0,11472,0,0,904,0,1,16482,0
7,117307016,.,G,A,E1433K,1433,E,K,-0.87,,2,120962,0,0.00001653,0,10390,0,0,8580,0,1,66534,0,0,6594,0,1,11470,0,0,904,0,0,16490,0
7,117307025,.,C,T,L1436F,1436,L,F,-1.23,,1,121028,0,0.000008263,0,10396,0,1,8586,0,0,66580,0,0,6598,0,0,11474,0,0,906,0,0,16488,0
7,117307041,.,T,C,I1441T,1441,I,T,-1.52,,1,121040,0,0.000008262,0,10402,0,0,8580,0,0,66590,0,0,6594,0,0,11472,0,0,908,0,1,16494,0
7,117307045,.,C,A,S1442R,1442,S,R,-0.29,,1,121036,0,0.000008262,0,10402,0,0,8580,0,0,66580,0,0,6598,0,0,11474,0,0,908,0,1,16494,0
7,117307050,.,C,T,S1444F,1444,S,F,-2.3,,1,121038,0,0.000008262,0,10400,0,0,8578,0,1,66580,0,0,6602,0,0,11478,0,0,908,0,0,16492,0
7,117307052,rs148783445,G,A,D1445N,1445,D,N,-0.97,,57,121002,0,0.0004711,19,10398,0,0,8576,0,35,66562,0,0,6598,0,2,11468,0,0,908,0,1,16492,0
7,117307067,.,T,A,F1450I,1450,F,I,-1.42,,2,121090,0,0.00001652,0,10396,0,0,8580,0,0,66616,0,0,6604,0,0,11488,0,0,908,0,2,16498,0
7,117307076,rs4148725,C,T,R1453W,1453,R,W,-1.85,,26,121096,0,0.0002147,0,10396,0,19,8580,0,6,66618,0,0,6608,0,1,11488,0,0,908,0,0,16498,0
7,117307076,rs4148725,C,G,R1453G,1453,R,G,-1.35,,1,121096,0,0.000008258,0,10396,0,0,8580,0,0,66618,0,0,6608,0,0,11488,0,0,908,0,1,16498,0
7,117307077,rs141554123,G,A,R1453Q,1453,R,Q,-0.74,,20,121086,0,0.0001652,0,10400,0,0,8580,0,1,66614,0,0,6606,0,0,11482,0,0,908,0,19,16496,0
7,117307082,.,T,G,S1455A,1455,S,A,-0.63,,1,121112,0,0.000008257,0,10396,0,0,8584,0,1,66630,0,0,6610,0,0,11488,0,0,908,0,0,16496,0
7,117307090,.,G,T,K1457N,1457,K,N,-0.7,,1,121114,0,0.000008257,0,10394,0,0,8582,0,0,66634,0,0,6608,0,1,11490,0,0,908,0,0,16498,0
7,117307110,.,T,C,I1464T,1464,I,T,-0.61,,1,120990,0,0.000008265,0,10380,0,0,8570,0,1,66602,0,0,6598,0,0,11476,0,0,906,0,0,16458,0
7,117307115,.,G,T,A1466S,1466,A,S,-0.13,,2,120954,0,0.00001654,0,10372,0,0,8568,0,2,66584,0,0,6596,0,0,11472,0,0,906,0,0,16456,0
7,117307142,.,G,A,V1475M,1475,V,M,-0.63,,2,119964,0,0.00001667,2,10230,0,0,8508,0,0,66094,0,0,6560,0,0,11380,0,0,898,0,0,16294,0
7,117307142,.,G,T,V1475L,1475,V,L,-0.61,,1,119964,0,0.000008336,0,10230,0,0,8508,0,1,66094,0,0,6560,0,0,11380,0,0,898,0,0,16294,0
7,117307158,.,T,C,L1480P,1480,L,P,-1.72,,1,116912,0,0.000008553,0,9870,0,0,8202,0,1,64558,0,0,6420,0,0,11180,0,0,876,0,0,15806,0
