,Ensembl_transcriptid,Ensembl_proteinid,MutationTaster_score,MutationTaster_pred,MutationTaster_AAE,FATHMM_score,FATHMM_pred
0,ENST00000262304,ENSP00000262304,0.980406,N,N4295D,0.91,T
0,ENST00000423118,ENSP00000399501,0.980406,N,N4296D,0.91,T
1,ENST00000262304,ENSP00000262304,0.999991,D,S4166Y,0.33,T
1,ENST00000423118,ENSP00000399501,0.999974,D,S4165Y,0.32,T
2,ENST00000262304,ENSP00000262304,0.999954,D,W4012R,-0.53,T
2,ENST00000423118,ENSP00000399501,0.999954,D,W4011R,-0.53,T
3,ENST00000262304,ENSP00000262304,1,D,W3841C,-3.37,D
3,ENST00000423118,ENSP00000399501,1,D,W3842C,-3.37,D
4,ENST00000262304,ENSP00000262304,0.999986,D,L3836Q,-1.91,D
4,ENST00000423118,ENSP00000399501,0.999986,D,L3837Q,-1.91,D
5,ENST00000262304,ENSP00000262304,0.999887,D,G3745E,-3.47,D
5,ENST00000423118,ENSP00000399501,0.999887,D,G3744E,-3.47,D
6,ENST00000262304,ENSP00000262304,0.999342,D,L3653F,0.66,T
6,ENST00000423118,ENSP00000399501,0.999342,D,L3654F,0.66,T
7,ENST00000262304,ENSP00000262304,0.999751,D,P3647S,0.89,T
7,ENST00000423118,ENSP00000399501,0.999751,D,P3648S,0.89,T
8,ENST00000262304,ENSP00000262304,0.925831,N,E3470D,1.12,T
8,ENST00000423118,ENSP00000399501,0.925831,N,E3469D,1.12,T
9,ENST00000262304,ENSP00000262304,1,D,L3242P,0.66,T
9,ENST00000423118,ENSP00000399501,1,D,L3242P,0.66,T
10,ENST00000262304,ENSP00000262304,0.999968,D,S3220A,-0.1,T
10,ENST00000423118,ENSP00000399501,0.999968,D,S3220A,-0.1,T
11,ENST00000262304,ENSP00000262304,0.999994,D,L3214R,-0.03,T
11,ENST00000423118,ENSP00000399501,0.999994,D,L3214R,-0.03,T
12,ENST00000262304,ENSP00000262304,0.999903,D,L3191H,0.0,T
12,ENST00000423118,ENSP00000399501,0.999903,D,L3191H,0.0,T
13,ENST00000262304,ENSP00000262304,1,D,D3187V,-0.93,T
13,ENST00000423118,ENSP00000399501,1,D,D3187V,-0.93,T
14,ENST00000262304,ENSP00000262304,0.999995,D,L3176Q,-0.44,T
14,ENST00000423118,ENSP00000399501,0.999995,D,L3176Q,-0.44,T
15,ENST00000262304,ENSP00000262304,0.999999,D,H3153Y,-0.11,T
15,ENST00000423118,ENSP00000399501,0.999999,D,H3153Y,-0.11,T
16,ENST00000262304,ENSP00000262304,1,D,T3135K,-0.08,T
16,ENST00000423118,ENSP00000399501,1,D,T3135K,-0.08,T
17,ENST00000262304,ENSP00000262304,1,D,G3113R,1.12,T
17,ENST00000423118,ENSP00000399501,1,D,G3113R,1.12,T
18,ENST00000262304,ENSP00000262304,1,D,W3025S,-3.08,D
18,ENST00000423118,ENSP00000399501,1,D,W3025S,-3.08,D
19,ENST00000262304,ENSP00000262304,1,D,C3015Y,-2.41,D
19,ENST00000423118,ENSP00000399501,1,D,C3015Y,-2.41,D
20,ENST00000262304,ENSP00000262304,0.997907,D,I2863N,-0.95,T
20,ENST00000423118,ENSP00000399501,0.997907,D,I2863N,-0.95,T
21,ENST00000262304,ENSP00000262304,0.999999,D,S2845F,0.9,T
21,ENST00000423118,ENSP00000399501,0.999999,D,S2845F,0.9,T
22,ENST00000262304,ENSP00000262304,0.999943,D,Q2670R,1.03,T
22,ENST00000423118,ENSP00000399501,0.999943,D,Q2670R,1.03,T
23,ENST00000262304,ENSP00000262304,0.997819,D,Q2606H,-0.46,T
23,ENST00000423118,ENSP00000399501,0.997819,D,Q2606H,-0.46,T
24,ENST00000262304,ENSP00000262304,1,D,W2587C,-0.46,T
24,ENST00000423118,ENSP00000399501,1,D,W2587C,-0.46,T
25,ENST00000262304,ENSP00000262304,1,D,P2540L,-2.31,D
25,ENST00000423118,ENSP00000399501,1,D,P2540L,-2.31,D
26,ENST00000262304,ENSP00000262304,0.999999,D,C2495G,-1.45,T
26,ENST00000423118,ENSP00000399501,0.999999,D,C2495G,-1.45,T
27,ENST00000262304,ENSP00000262304,0.999986,D,V2432A,-0.72,T
27,ENST00000423118,ENSP00000399501,0.999986,D,V2432A,-0.72,T
28,ENST00000262304,ENSP00000262304,1,D,D2283V,-2.51,D
28,ENST00000423118,ENSP00000399501,1,D,D2283V,-2.51,D
29,ENST00000262304,ENSP00000262304,1,D,L2216P,-1.11,T
29,ENST00000423118,ENSP00000399501,1,D,L2216P,-1.11,T
30,ENST00000262304,ENSP00000262304,0.999999,D,F2096S,-1.87,D
30,ENST00000423118,ENSP00000399501,0.999999,D,F2096S,-1.87,D
31,ENST00000262304,ENSP00000262304,0.999999,D,V1917D,-0.15,T
31,ENST00000423118,ENSP00000399501,0.999999,D,V1917D,-0.15,T
32,ENST00000262304,ENSP00000262304,1,D,W1839G,-2.31,D
32,ENST00000423118,ENSP00000399501,1,D,W1839G,-2.31,D
33,ENST00000262304,ENSP00000262304,0.999984,D,N1785S,-0.64,T
33,ENST00000423118,ENSP00000399501,0.999984,D,N1785S,-0.64,T
34,ENST00000262304,ENSP00000262304,1,D,V1779D,-0.99,T
34,ENST00000423118,ENSP00000399501,1,D,V1779D,-0.99,T
35,ENST00000262304,ENSP00000262304,1,D,W1666C,-2.31,D
35,ENST00000423118,ENSP00000399501,1,D,W1666C,-2.31,D
36,ENST00000262304,ENSP00000262304,1,D,V1376M,-1.4,T
36,ENST00000423118,ENSP00000399501,1,D,V1376M,-1.4,T
37,ENST00000262304,ENSP00000262304,0.999999,D,W1328R,-2.31,D
37,ENST00000423118,ENSP00000399501,0.999999,D,W1328R,-2.31,D
38,ENST00000262304,ENSP00000262304,1,D,C1304G,0.33,T
38,ENST00000423118,ENSP00000399501,1,D,C1304G,0.33,T
39,ENST00000262304,ENSP00000262304,0.990293,D,E1224D,-0.02,T
39,ENST00000423118,ENSP00000399501,0.990293,D,E1224D,-0.02,T
40,ENST00000262304,ENSP00000262304,0.999999,D,N1195Y,-0.72,T
40,ENST00000423118,ENSP00000399501,0.999999,D,N1195Y,-0.72,T
41,ENST00000262304,ENSP00000262304,1,D,D1165A,-2.23,D
41,ENST00000423118,ENSP00000399501,1,D,D1165A,-2.23,D
42,ENST00000262304,ENSP00000262304,1,D,G1058V,-1.4,T
42,ENST00000423118,ENSP00000399501,1,D,G1058V,-1.4,T
43,ENST00000262304,ENSP00000262304,0.999993,D,N1000H,-0.72,T
43,ENST00000423118,ENSP00000399501,0.999993,D,N1000H,-0.72,T
44,ENST00000262304,ENSP00000262304,0.999997,D,W967R,-2.31,D
44,ENST00000423118,ENSP00000399501,0.999997,D,W967R,-2.31,D
45,ENST00000262304,ENSP00000262304,0.999572,D,R944P,0.21,T
45,ENST00000423118,ENSP00000399501,0.999572,D,R944P,0.21,T
46,ENST00000262304,ENSP00000262304,0.971801,D,C767G,0.52,T
46,ENST00000423118,ENSP00000399501,0.971801,D,C767G,0.52,T
47,ENST00000262304,ENSP00000262304,0.999929,D,Q718P,0.05,T
47,ENST00000423118,ENSP00000399501,0.999929,D,Q718P,0.05,T
48,ENST00000262304,ENSP00000262304,0.998944,D,Q608H,0.76,T
48,ENST00000423118,ENSP00000399501,0.998944,D,Q608H,0.76,T
49,ENST00000262304,ENSP00000262304,0.999516,D,W429R,1.63,T
49,ENST00000423118,ENSP00000399501,0.999516,D,W429R,1.63,T
50,ENST00000262304,ENSP00000262304,0.99991,D,D309N,-2.18,D
50,ENST00000423118,ENSP00000399501,0.99991,D,D309N,-2.18,D
51,ENST00000262304,ENSP00000262304,0.999995,D,C210W,-1.48,T
51,ENST00000423118,ENSP00000399501,0.999995,D,C210W,-1.48,T
52,ENST00000262304,ENSP00000262304,0.983961,D,P158A,-2.65,D
52,ENST00000423118,ENSP00000399501,0.983961,D,P158A,-2.65,D
53,ENST00000262304,ENSP00000262304,0.988535,N,P43S,1.28,T
53,ENST00000423118,ENSP00000399501,0.988535,N,P43S,1.29,T
54,ENST00000262304,ENSP00000262304,1,N,C37G,0.8,T
54,ENST00000423118,ENSP00000399501,1,N,C37G,0.8,T
55,ENST00000262304,ENSP00000262304,1,N,L11Q,1.07,T
55,ENST00000423118,ENSP00000399501,1,N,L11Q,1.07,T
56,ENST00000262304,ENSP00000262304,0.99998,N,A4D,1.28,T
56,ENST00000423118,ENSP00000399501,0.99998,N,A4D,1.28,T
57,ENST00000262304,ENSP00000262304,0.999536,D,T4233R,0.72,T
57,ENST00000423118,ENSP00000399501,0.999536,D,T4232R,0.72,T
58,ENST00000262304,ENSP00000262304,1,D,D4227V,0.41,T
58,ENST00000423118,ENSP00000399501,1,D,D4226V,0.42,T
59,ENST00000262304,ENSP00000262304,0.999973,D,E4116V,1.0,T
59,ENST00000423118,ENSP00000399501,0.999973,D,E4115V,1.0,T
60,ENST00000262304,ENSP00000262304,0.998483,D,L3671R,0.78,T
60,ENST00000423118,ENSP00000399501,0.998483,D,L3670R,0.79,T
61,ENST00000262304,ENSP00000262304,1,D,R3272C,1.01,T
61,ENST00000423118,ENSP00000399501,1,D,R3272C,1.01,T
62,ENST00000262304,ENSP00000262304,0.999994,D,I3170N,-0.33,T
62,ENST00000423118,ENSP00000399501,0.999994,D,I3170N,-0.33,T
63,ENST00000262304,ENSP00000262304,1,D,V3124G,-1.37,T
63,ENST00000423118,ENSP00000399501,1,D,V3124G,-1.37,T
64,ENST00000262304,ENSP00000262304,1,D,V3008G,0.64,T
64,ENST00000423118,ENSP00000399501,1,D,V3008G,0.64,T
65,ENST00000262304,ENSP00000262304,1,D,V2905G,-0.82,T
65,ENST00000423118,ENSP00000399501,1,D,V2905G,-0.82,T
66,ENST00000262304,ENSP00000262304,0.99999,D,L2774Q,0.94,T
66,ENST00000423118,ENSP00000399501,0.99999,D,L2774Q,0.94,T
67,ENST00000262304,ENSP00000262304,1,D,V2658G,1.07,T
67,ENST00000423118,ENSP00000399501,1,D,V2658G,1.07,T
68,ENST00000262304,ENSP00000262304,0.999616,D,S2652Y,1.05,T
68,ENST00000423118,ENSP00000399501,0.999616,D,S2652Y,1.05,T
69,ENST00000262304,ENSP00000262304,0.999926,D,V2363E,-0.49,T
69,ENST00000423118,ENSP00000399501,0.999926,D,V2363E,-0.49,T
70,ENST00000262304,ENSP00000262304,0.999976,D,L2241R,-0.95,T
70,ENST00000423118,ENSP00000399501,0.999976,D,L2241R,-0.95,T
71,ENST00000262304,ENSP00000262304,1,D,S1452C,-0.08,T
71,ENST00000423118,ENSP00000399501,1,D,S1452C,-0.08,T
72,ENST00000262304,ENSP00000262304,1,N,A1177G,0.06,T
72,ENST00000423118,ENSP00000399501,1,N,A1177G,0.06,T
73,ENST00000262304,ENSP00000262304,0.998342,D,I932N,-0.32,T
73,ENST00000423118,ENSP00000399501,0.998342,D,I932N,-0.32,T
74,ENST00000262304,ENSP00000262304,0.999894,D,L589R,0.72,T
74,ENST00000423118,ENSP00000399501,0.999894,D,L589R,0.72,T
75,ENST00000262304,ENSP00000262304,0.998533,D,I468N,1.44,T
75,ENST00000423118,ENSP00000399501,0.998533,D,I468N,1.44,T
76,ENST00000262304,ENSP00000262304,0.998261,D,Y389D,1.17,T
76,ENST00000423118,ENSP00000399501,0.998261,D,Y389D,1.17,T
77,ENST00000262304,ENSP00000262304,0.821581,D,L4138R,1.08,T
77,ENST00000423118,ENSP00000399501,0.821581,D,L4139R,1.08,T
78,ENST00000262304,ENSP00000262304,0.993392,D,S3349C,1.05,T
78,ENST00000423118,ENSP00000399501,0.993392,D,S3349C,1.05,T
79,ENST00000262304,ENSP00000262304,0.999968,D,L2946Q,-0.87,T
79,ENST00000423118,ENSP00000399501,0.999968,D,L2946Q,-0.87,T
80,ENST00000262304,ENSP00000262304,0.99893,N,V2822A,1.07,T
80,ENST00000423118,ENSP00000399501,0.99893,N,V2822A,1.07,T
81,ENST00000262304,ENSP00000262304,0.99998,D,L2691R,0.93,T
81,ENST00000423118,ENSP00000399501,0.99998,D,L2691R,0.93,T
82,ENST00000262304,ENSP00000262304,0.99946,D,L2600R,-0.76,T
82,ENST00000423118,ENSP00000399501,0.99946,D,L2600R,-0.76,T
83,ENST00000262304,ENSP00000262304,1,D,P2470R,-0.63,T
83,ENST00000423118,ENSP00000399501,1,D,P2470R,-0.63,T
84,ENST00000262304,ENSP00000262304,0.979303,D,S2131R,-0.47,T
84,ENST00000423118,ENSP00000399501,0.979303,D,S2131R,-0.47,T
85,ENST00000262304,ENSP00000262304,0.921359,N,V2061G,-0.5,T
85,ENST00000423118,ENSP00000399501,0.921359,N,V2061G,-0.5,T
86,ENST00000262304,ENSP00000262304,1,D,P1028L,-0.01,T
86,ENST00000423118,ENSP00000399501,1,D,P1028L,-0.01,T
87,ENST00000262304,ENSP00000262304,0.99749,N,V926E,-0.4,T
87,ENST00000423118,ENSP00000399501,0.99749,N,V926E,-0.4,T
88,ENST00000262304,ENSP00000262304,0.991666,N,L836H,0.97,T
88,ENST00000423118,ENSP00000399501,0.991666,N,L836H,0.97,T
89,ENST00000262304,ENSP00000262304,0.951533,N,C653W,0.38,T
89,ENST00000423118,ENSP00000399501,0.951533,N,C653W,0.38,T
90,ENST00000262304,ENSP00000262304,0.999983,D,G3576R,0.08,T
90,ENST00000423118,ENSP00000399501,0.999983,D,G3577R,0.08,T
91,ENST00000262304,ENSP00000262304,0.999875,D,I3266K,1.08,T
91,ENST00000423118,ENSP00000399501,0.999875,D,I3266K,1.08,T
92,ENST00000262304,ENSP00000262304,0.999973,D,I2963T,1.01,T
92,ENST00000423118,ENSP00000399501,0.999973,D,I2963T,1.0,T
93,ENST00000262304,ENSP00000262304,0.999119,N,V2899G,-0.72,T
93,ENST00000423118,ENSP00000399501,0.999119,N,V2899G,-0.72,T
94,ENST00000262304,ENSP00000262304,1,D,P2709L,1.11,T
94,ENST00000423118,ENSP00000399501,1,D,P2709L,1.11,T
95,ENST00000262304,ENSP00000262304,0.999856,D,S2612P,-0.55,T
95,ENST00000423118,ENSP00000399501,0.999856,D,S2612P,-0.55,T
96,ENST00000262304,ENSP00000262304,0.999619,D,E2369V,-0.69,T
96,ENST00000423118,ENSP00000399501,0.999619,D,E2369V,-0.69,T
97,ENST00000262304,ENSP00000262304,0.999997,D,G2278R,-1.5,D
97,ENST00000423118,ENSP00000399501,0.999997,D,G2278R,-1.5,D
98,ENST00000262304,ENSP00000262304,0.999998,D,D2210H,-0.51,T
98,ENST00000423118,ENSP00000399501,0.999998,D,D2210H,-0.51,T
99,ENST00000262304,ENSP00000262304,0.999965,D,N2125I,0.12,T
99,ENST00000423118,ENSP00000399501,0.999965,D,N2125I,0.12,T
100,ENST00000262304,ENSP00000262304,0.757596,D,S1476F,-0.04,T
100,ENST00000423118,ENSP00000399501,0.757596,D,S1476F,-0.04,T
101,ENST00000262304,ENSP00000262304,0.814525,D,V1291A,-1.34,T
101,ENST00000423118,ENSP00000399501,0.814525,D,V1291A,-1.34,T
102,ENST00000262304,ENSP00000262304,0.999642,N,S1153W,-0.01,T
102,ENST00000423118,ENSP00000399501,0.999642,N,S1153W,-0.01,T
103,ENST00000262304,ENSP00000262304,1,D,P1069L,1.17,T
103,ENST00000423118,ENSP00000399501,1,D,P1069L,1.17,T
104,ENST00000262304,ENSP00000262304,0.999483,D,V817M,0.82,T
104,ENST00000423118,ENSP00000399501,0.999483,D,V817M,0.82,T
105,ENST00000262304,ENSP00000262304,0.934478,N,V573A,1.05,T
105,ENST00000423118,ENSP00000399501,0.934478,N,V573A,1.05,T
106,ENST00000262304,ENSP00000262304,0.999999,D,D73V,-2.81,D
106,ENST00000423118,ENSP00000399501,0.999999,D,D73V,-2.81,D
107,ENST00000262304,ENSP00000262304,0.999994,N,S4171C,1.09,T
107,ENST00000423118,ENSP00000399501,0.999994,N,S4172C,1.09,T
108,ENST00000262304,ENSP00000262304,0.917779,D,M3727R,-0.56,T
108,ENST00000423118,ENSP00000399501,0.917779,D,M3726R,-0.56,T
109,ENST00000262304,ENSP00000262304,1,N,S3711I,1.09,T
109,ENST00000423118,ENSP00000399501,1,N,S3710I,1.09,T
110,ENST00000262304,ENSP00000262304,0.996439,D,V3676E,1.04,T
110,ENST00000423118,ENSP00000399501,0.996439,D,V3675E,1.04,T
111,ENST00000262304,ENSP00000262304,0.960164,D,N3226Y,1.21,T
111,ENST00000423118,ENSP00000399501,0.960164,D,N3226Y,1.21,T
112,ENST00000262304,ENSP00000262304,0.999995,D,P3032T,-0.09,T
112,ENST00000423118,ENSP00000399501,0.999995,D,P3032T,-0.09,T
113,ENST00000262304,ENSP00000262304,0.999939,D,Y2991D,0.96,T
113,ENST00000423118,ENSP00000399501,0.999939,D,Y2991D,0.96,T
114,ENST00000262304,ENSP00000262304,1,D,V2618G,1.03,T
114,ENST00000423118,ENSP00000399501,1,D,V2618G,1.03,T
115,ENST00000262304,ENSP00000262304,1,D,P2575L,-0.54,T
115,ENST00000423118,ENSP00000399501,1,D,P2575L,-0.54,T
116,ENST00000262304,ENSP00000262304,0.999636,D,S2569Y,-0.51,T
116,ENST00000423118,ENSP00000399501,0.999636,D,S2569Y,-0.51,T
117,ENST00000262304,ENSP00000262304,0.999456,D,Y2185C,-1.29,T
117,ENST00000423118,ENSP00000399501,0.999456,D,Y2185C,-1.29,T
118,ENST00000262304,ENSP00000262304,0.996364,D,Y2168C,1.21,T
118,ENST00000423118,ENSP00000399501,0.996364,D,Y2168C,1.21,T
119,ENST00000262304,ENSP00000262304,0.700869,D,G1691R,-1.15,T
119,ENST00000423118,ENSP00000399501,0.700869,D,G1691R,-1.15,T
120,ENST00000262304,ENSP00000262304,0.99995,D,V1560E,-0.18,T
120,ENST00000423118,ENSP00000399501,0.99995,D,V1560E,-0.18,T
121,ENST00000262304,ENSP00000262304,0.962732,D,D1501Y,-0.85,T
121,ENST00000423118,ENSP00000399501,0.962732,D,D1501Y,-0.85,T
122,ENST00000262304,ENSP00000262304,0.967118,N,A1458G,2.41,T
122,ENST00000423118,ENSP00000399501,0.967118,N,A1458G,2.41,T
123,ENST00000262304,ENSP00000262304,0.999842,N,N1109K,-0.71,T
123,ENST00000423118,ENSP00000399501,0.999842,N,N1109K,-0.71,T
124,ENST00000262304,ENSP00000262304,1,D,G1099R,-3.44,D
124,ENST00000423118,ENSP00000399501,1,D,G1099R,-3.44,D
125,ENST00000262304,ENSP00000262304,0.982776,D,G724R,0.99,T
125,ENST00000423118,ENSP00000399501,0.982776,D,G724R,0.99,T
126,ENST00000262304,ENSP00000262304,0.984728,N,G712C,1.04,T
126,ENST00000423118,ENSP00000399501,0.984728,N,G712C,1.04,T
127,ENST00000262304,ENSP00000262304,0.996593,D,V333E,-0.99,T
127,ENST00000423118,ENSP00000399501,0.996593,D,V333E,-0.99,T
128,ENST00000262304,ENSP00000262304,0.999737,D,L79P,-0.5,T
128,ENST00000423118,ENSP00000399501,0.999737,D,L79P,-0.5,T
129,ENST00000262304,ENSP00000262304,1,N,G31W,1.28,T
129,ENST00000423118,ENSP00000399501,1,N,G31W,1.28,T
130,ENST00000262304,ENSP00000262304,1,N,R4288S,1.13,T
130,ENST00000423118,ENSP00000399501,1,N,R4289S,1.13,T
131,ENST00000262304,ENSP00000262304,0.999434,D,E4127K,0.32,T
131,ENST00000423118,ENSP00000399501,0.999434,D,E4128K,0.32,T
132,ENST00000262304,ENSP00000262304,0.99823,D,V3813G,-0.51,T
132,ENST00000423118,ENSP00000399501,0.99823,D,V3812G,-0.51,T
133,ENST00000262304,ENSP00000262304,0.99998,D,N1608Y,0.08,T
133,ENST00000423118,ENSP00000399501,0.99998,D,N1608Y,0.08,T
134,ENST00000262304,ENSP00000262304,0.993969,N,S1278R,0.11,T
134,ENST00000423118,ENSP00000399501,0.993969,N,S1278R,0.11,T
135,ENST00000262304,ENSP00000262304,0.819642,D,V577E,1.03,T
135,ENST00000423118,ENSP00000399501,0.819642,D,V577E,1.03,T
136,ENST00000262304,ENSP00000262304,0.999999,D,G382V,1.02,T
136,ENST00000423118,ENSP00000399501,0.999999,D,G382V,1.02,T
137,ENST00000262304,ENSP00000262304,0.99987,N,L327Q,0.25,T
137,ENST00000423118,ENSP00000399501,0.99987,N,L327Q,0.25,T
138,ENST00000262304,ENSP00000262304,0.99726,D,D97A,0.12,T
138,ENST00000423118,ENSP00000399501,0.99726,D,D97A,0.12,T
139,ENST00000262304,ENSP00000262304,0.965754,D,K4144E,0.57,T
139,ENST00000423118,ENSP00000399501,0.965754,D,K4145E,0.56,T
140,ENST00000262304,ENSP00000262304,0.996984,D,F4132V,0.99,T
140,ENST00000423118,ENSP00000399501,0.996984,D,F4133V,0.99,T
141,ENST00000262304,ENSP00000262304,0.829597,D,K4017N,-0.64,T
141,ENST00000423118,ENSP00000399501,0.829597,D,K4016N,-0.64,T
142,ENST00000262304,ENSP00000262304,0.999996,D,E3852K,-1.04,T
142,ENST00000423118,ENSP00000399501,0.999996,D,E3853K,-1.04,T
143,ENST00000262304,ENSP00000262304,0.999939,N,D2881V,1.28,T
143,ENST00000423118,ENSP00000399501,0.999939,N,D2881V,1.28,T
144,ENST00000262304,ENSP00000262304,0.99472,D,S2715R,1.27,T
144,ENST00000423118,ENSP00000399501,0.99472,D,S2715R,1.27,T
145,ENST00000262304,ENSP00000262304,1,D,V2356G,-0.74,T
145,ENST00000423118,ENSP00000399501,1,D,V2356G,-0.74,T
146,ENST00000262304,ENSP00000262304,0.999464,D,D2174H,-0.52,T
146,ENST00000423118,ENSP00000399501,0.999464,D,D2174H,-0.52,T
147,ENST00000262304,ENSP00000262304,0.993001,D,N1554T,0.23,T
147,ENST00000423118,ENSP00000399501,0.993001,D,N1554T,0.23,T
148,ENST00000262304,ENSP00000262304,0.999989,N,N890I,1.21,T
148,ENST00000423118,ENSP00000399501,0.999989,N,N890I,1.21,T
149,ENST00000262304,ENSP00000262304,1,N,P736R,1.25,T
149,ENST00000423118,ENSP00000399501,1,N,P736R,1.25,T
150,ENST00000262304,ENSP00000262304,0.987816,D,A503D,2.22,T
150,ENST00000423118,ENSP00000399501,0.987816,D,A503D,2.22,T
151,ENST00000262304,ENSP00000262304,0.839654,D,E371G,1.19,T
151,ENST00000423118,ENSP00000399501,0.839654,D,E371G,1.19,T
152,ENST00000262304,ENSP00000262304,0.979505,N,L265H,-0.39,T
152,ENST00000423118,ENSP00000399501,0.979505,N,L265H,-0.39,T
153,ENST00000262304,ENSP00000262304,0.970256,D,V145A,-2.58,D
153,ENST00000423118,ENSP00000399501,0.970256,D,V145A,-2.58,D
154,ENST00000262304,ENSP00000262304,0.968929,N,S4300I,1.12,T
154,ENST00000423118,ENSP00000399501,0.968929,N,S4301I,1.12,T
155,ENST00000262304,ENSP00000262304,0.999997,D,E3872K,-1.59,D
155,ENST00000423118,ENSP00000399501,0.999997,D,E3871K,-1.59,D
156,ENST00000262304,ENSP00000262304,0.917284,D,L3681V,1.19,T
156,ENST00000423118,ENSP00000399501,0.917284,D,L3682V,1.19,T
157,ENST00000262304,ENSP00000262304,0.872983,N,S2997G,1.21,T
157,ENST00000423118,ENSP00000399501,0.872983,N,S2997G,1.21,T
158,ENST00000262304,ENSP00000262304,1,D,P2952R,0.9,T
158,ENST00000423118,ENSP00000399501,1,D,P2952R,0.9,T
159,ENST00000262304,ENSP00000262304,0.999849,D,V1898E,-0.05,T
159,ENST00000423118,ENSP00000399501,0.999849,D,V1898E,-0.05,T
160,ENST00000262304,ENSP00000262304,0.999963,D,L1703M,0.0,T
160,ENST00000423118,ENSP00000399501,0.999963,D,L1703M,0.0,T
161,ENST00000262304,ENSP00000262304,0.999696,D,F1416V,-0.45,T
161,ENST00000423118,ENSP00000399501,0.999696,D,F1416V,-0.45,T
162,ENST00000262304,ENSP00000262304,0.998333,D,A1048V,-0.04,T
162,ENST00000423118,ENSP00000399501,0.998333,D,A1048V,-0.04,T
163,ENST00000262304,ENSP00000262304,0.999229,D,V700D,0.73,T
163,ENST00000423118,ENSP00000399501,0.999229,D,V700D,0.73,T
164,ENST00000262304,ENSP00000262304,1,N,G395C,1.16,T
164,ENST00000423118,ENSP00000399501,1,N,G395C,1.16,T
165,ENST00000262304,ENSP00000262304,1,N,A222E,0.08,T
165,ENST00000423118,ENSP00000399501,1,N,A222E,0.08,T
166,ENST00000262304,ENSP00000262304,0.998878,D,Y3688N,0.69,T
166,ENST00000423118,ENSP00000399501,0.998878,D,Y3689N,0.69,T
167,ENST00000262304,ENSP00000262304,0.999998,N,E3509V,1.04,T
167,ENST00000423118,ENSP00000399501,0.999998,N,E3508V,1.04,T
168,ENST00000262304,ENSP00000262304,0.982309,D,S3164T,-0.24,T
168,ENST00000423118,ENSP00000399501,0.982309,D,S3164T,-0.24,T
169,ENST00000262304,ENSP00000262304,0.999842,N,L2934Q,-1.16,T
169,ENST00000423118,ENSP00000399501,0.999842,N,L2934Q,-1.16,T
170,ENST00000262304,ENSP00000262304,0.99999,D,V2768A,0.96,T
170,ENST00000423118,ENSP00000399501,0.99999,D,V2768A,0.96,T
171,ENST00000262304,ENSP00000262304,0.999998,N,S2594G,-0.6,T
171,ENST00000423118,ENSP00000399501,0.999998,N,S2594G,-0.6,T
172,ENST00000262304,ENSP00000262304,0.995514,D,G2289C,-0.54,T
172,ENST00000423118,ENSP00000399501,0.995514,D,G2289C,-0.54,T
173,ENST00000262304,ENSP00000262304,0.999997,D,G1333D,-1.95,D
173,ENST00000423118,ENSP00000399501,0.999997,D,G1333D,-1.95,D
174,ENST00000262304,ENSP00000262304,0.996127,D,N983K,0.19,T
174,ENST00000423118,ENSP00000399501,0.996127,D,N983K,0.19,T
175,ENST00000262304,ENSP00000262304,0.504071,N,E360K,0.98,T
175,ENST00000423118,ENSP00000399501,0.504071,N,E360K,0.98,T
176,ENST00000262304,ENSP00000262304,0.999053,D,F3995I,-0.67,T
176,ENST00000423118,ENSP00000399501,0.999053,D,F3996I,-0.67,T
177,ENST00000262304,ENSP00000262304,0.999177,D,R3699C,1.21,T
177,ENST00000423118,ENSP00000399501,0.999177,D,R3700C,1.21,T
178,ENST00000262304,ENSP00000262304,0.749485,N,S3453Y,1.19,T
178,ENST00000423118,ENSP00000399501,0.749485,N,S3454Y,1.19,T
179,ENST00000262304,ENSP00000262304,0.998387,D,L3095R,1.17,T
179,ENST00000423118,ENSP00000399501,0.998387,D,L3095R,1.17,T
180,ENST00000262304,ENSP00000262304,0.997979,D,F2079V,-0.6,T
180,ENST00000423118,ENSP00000399501,0.997979,D,F2079V,-0.6,T
181,ENST00000262304,ENSP00000262304,0.996707,D,V1272L,-0.68,T
181,ENST00000423118,ENSP00000399501,0.996707,D,V1272L,-0.68,T
182,ENST00000262304,ENSP00000262304,0.989751,N,V1923A,-0.31,T
182,ENST00000423118,ENSP00000399501,0.989751,N,V1923A,-0.31,T
183,ENST00000262304,ENSP00000262304,0.998842,D,V1905I,-0.3,T
183,ENST00000423118,ENSP00000399501,0.998842,D,V1905I,-0.3,T
184,ENST00000262304,ENSP00000262304,0.909048,N,P793R,0.72,T
184,ENST00000423118,ENSP00000399501,0.909048,N,P793R,0.72,T
185,ENST00000262304,ENSP00000262304,0.999953,N,L4042Q,-0.65,T
185,ENST00000423118,ENSP00000399501,0.999953,N,L4043Q,-0.65,T
186,ENST00000262304,ENSP00000262304,0.99249,D,I2260L,-1.73,D
186,ENST00000423118,ENSP00000399501,0.99249,D,I2260L,-1.73,D
187,ENST00000262304,ENSP00000262304,0.937238,D,F1936V,0.75,T
187,ENST00000423118,ENSP00000399501,0.937238,D,F1936V,0.75,T
188,ENST00000262304,ENSP00000262304,0.997875,N,S3883I,-0.6,T
188,ENST00000423118,ENSP00000399501,0.997875,N,S3884I,-0.6,T
189,ENST00000262304,ENSP00000262304,0.999911,N,G3353W,1.28,T
189,ENST00000423118,ENSP00000399501,0.999911,N,G3353W,1.28,T
190,ENST00000262304,ENSP00000262304,0.954679,D,L3197M,-0.64,T
190,ENST00000423118,ENSP00000399501,0.954679,D,L3197M,-0.64,T
191,ENST00000262304,ENSP00000262304,0.997911,D,H2725L,1.17,T
191,ENST00000423118,ENSP00000399501,0.997911,D,H2725L,1.17,T
192,ENST00000262304,ENSP00000262304,0.999992,D,V1566A,-0.27,T
192,ENST00000423118,ENSP00000399501,0.999992,D,V1566A,-0.27,T
193,ENST00000262304,ENSP00000262304,0.834746,D,V1365M,-0.05,T
193,ENST00000423118,ENSP00000399501,0.834746,D,V1365M,-0.05,T
194,ENST00000262304,ENSP00000262304,0.999949,N,V1339G,0.05,T
194,ENST00000423118,ENSP00000399501,0.999949,N,V1339G,0.05,T
195,ENST00000262304,ENSP00000262304,1,N,P3762R,-0.42,T
195,ENST00000423118,ENSP00000399501,1,N,P3761R,-0.42,T
196,ENST00000262304,ENSP00000262304,0.500601,N,L3600I,0.89,T
196,ENST00000423118,ENSP00000399501,0.500601,N,L3601I,0.89,T
197,ENST00000262304,ENSP00000262304,1,D,A3050D,-0.35,T
197,ENST00000423118,ENSP00000399501,1,D,A3050D,-0.35,T
198,ENST00000262304,ENSP00000262304,0.989788,D,F2834S,1.06,T
198,ENST00000423118,ENSP00000399501,0.989788,D,F2834S,1.06,T
199,ENST00000262304,ENSP00000262304,0.999803,D,T1596A,0.06,T
199,ENST00000423118,ENSP00000399501,0.999803,D,T1596A,0.06,T
200,ENST00000262304,ENSP00000262304,0.987134,D,L4006I,-0.72,T
200,ENST00000423118,ENSP00000399501,0.987134,D,L4005I,-0.72,T
201,ENST00000262304,ENSP00000262304,0.999985,D,Y3337H,1.26,T
201,ENST00000423118,ENSP00000399501,0.999985,D,Y3337H,1.26,T
202,ENST00000262304,ENSP00000262304,0.99999,D,A1994V,-0.39,T
202,ENST00000423118,ENSP00000399501,0.99999,D,A1994V,-0.39,T
203,ENST00000262304,ENSP00000262304,0.893837,D,C665F,1.21,T
203,ENST00000423118,ENSP00000399501,0.893837,D,C665F,1.21,T
204,ENST00000262304,ENSP00000262304,0.999996,D,A3865P,-0.65,T
204,ENST00000423118,ENSP00000399501,0.999996,D,A3864P,-0.65,T
205,ENST00000262304,ENSP00000262304,0.999923,N,P3521R,1.3,T
205,ENST00000423118,ENSP00000399501,0.999923,N,P3522R,1.3,T
206,ENST00000262304,ENSP00000262304,0.859022,D,T2756N,1.31,T
206,ENST00000423118,ENSP00000399501,0.859022,D,T2756N,1.31,T
207,ENST00000262304,ENSP00000262304,0.999998,D,C2680S,1.25,T
207,ENST00000423118,ENSP00000399501,0.999998,D,C2680S,1.25,T
208,ENST00000262304,ENSP00000262304,0.998426,D,Y2386F,-0.46,T
208,ENST00000423118,ENSP00000399501,0.998426,D,Y2386F,-0.46,T
209,ENST00000262304,ENSP00000262304,1,N,R1285W,-0.3,T
209,ENST00000423118,ENSP00000399501,1,N,R1285W,-0.3,T
210,ENST00000262304,ENSP00000262304,0.989769,D,H1093D,-1.3,T
210,ENST00000423118,ENSP00000399501,0.989769,D,H1093D,-1.3,T
211,ENST00000262304,ENSP00000262304,1,N,V3476F,1.23,T
211,ENST00000423118,ENSP00000399501,1,N,V3475F,1.23,T
212,ENST00000262304,ENSP00000262304,0.96913,D,E3449Q,1.21,T
212,ENST00000423118,ENSP00000399501,0.96913,D,E3448Q,1.21,T
213,ENST00000262304,ENSP00000262304,0.999999,D,A2565S,-0.34,T
213,ENST00000423118,ENSP00000399501,0.999999,D,A2565S,-0.34,T
214,ENST00000262304,ENSP00000262304,1,N,V1971L,-0.28,T
214,ENST00000423118,ENSP00000399501,1,N,V1971L,-0.28,T
215,ENST00000262304,ENSP00000262304,0.978103,D,N1382H,1.12,T
215,ENST00000423118,ENSP00000399501,0.978103,D,N1382H,1.12,T
216,ENST00000262304,ENSP00000262304,1,N,T1237P,0.19,T
216,ENST00000423118,ENSP00000399501,1,N,T1237P,0.19,T
217,ENST00000262304,ENSP00000262304,0.994051,D,T1115R,-0.03,T
217,ENST00000423118,ENSP00000399501,0.994051,D,T1115R,-0.03,T
218,ENST00000262304,ENSP00000262304,0.999605,D,L1022Q,-0.41,T
218,ENST00000423118,ENSP00000399501,0.999605,D,L1022Q,-0.41,T
219,ENST00000262304,ENSP00000262304,0.988493,D,S995P,0.04,T
219,ENST00000423118,ENSP00000399501,0.988493,D,S995P,0.04,T
220,ENST00000262304,ENSP00000262304,0.919399,N,E3721A,-0.55,T
220,ENST00000423118,ENSP00000399501,0.919399,N,E3722A,-0.55,T
221,ENST00000262304,ENSP00000262304,0.820775,D,L3249V,1.15,T
221,ENST00000423118,ENSP00000399501,0.820775,D,L3249V,1.15,T
222,ENST00000262304,ENSP00000262304,0.62624,N,H2805Y,1.31,T
222,ENST00000423118,ENSP00000399501,0.62624,N,H2805Y,1.31,T
223,ENST00000262304,ENSP00000262304,0.9999,D,G1827A,0.58,T
223,ENST00000423118,ENSP00000399501,0.9999,D,G1827A,0.58,T
224,ENST00000262304,ENSP00000262304,0.996337,N,Q848H,1.3,T
224,ENST00000423118,ENSP00000399501,0.996337,N,Q848H,1.3,T
225,ENST00000262304,ENSP00000262304,0.999938,D,F3056Y,0.84,T
225,ENST00000423118,ENSP00000399501,0.999938,D,F3056Y,0.84,T
226,ENST00000262304,ENSP00000262304,0.999888,D,V1732F,0.07,T
226,ENST00000423118,ENSP00000399501,0.999888,D,V1732F,0.07,T
227,ENST00000262304,ENSP00000262304,0.999975,N,I1471L,1.29,T
227,ENST00000423118,ENSP00000399501,0.999975,N,I1471L,1.29,T
228,ENST00000262304,ENSP00000262304,0.910853,N,N113K,0.33,T
228,ENST00000423118,ENSP00000399501,0.910853,N,N113K,0.33,T
229,ENST00000262304,ENSP00000262304,0.999989,N,G3775R,-0.66,T
229,ENST00000423118,ENSP00000399501,0.999989,N,G3774R,-0.66,T
230,ENST00000262304,ENSP00000262304,0.999975,D,T1589R,0.11,T
230,ENST00000423118,ENSP00000399501,0.999975,D,T1589R,0.11,T
231,ENST00000262304,ENSP00000262304,0.936004,D,S3595G,-0.02,T
231,ENST00000423118,ENSP00000399501,0.936004,D,S3594G,-0.02,T
232,ENST00000262304,ENSP00000262304,0.980678,D,L3423V,0.43,T
232,ENST00000423118,ENSP00000399501,0.980678,D,L3424V,0.43,T
233,ENST00000262304,ENSP00000262304,0.981148,N,R2347G,-0.76,T
233,ENST00000423118,ENSP00000399501,0.981148,N,R2347G,-0.76,T
234,ENST00000262304,ENSP00000262304,1,N,S1352G,0.12,T
234,ENST00000423118,ENSP00000399501,1,N,S1352G,0.12,T
235,ENST00000262304,ENSP00000262304,0.582202,N,K3664N,1.13,T
235,ENST00000423118,ENSP00000399501,0.582202,N,K3665N,1.13,T
236,ENST00000262304,ENSP00000262304,0.840726,N,S2792R,1.17,T
236,ENST00000423118,ENSP00000399501,0.840726,N,S2792R,1.17,T
237,ENST00000262304,ENSP00000262304,0.998462,D,G823A,0.61,T
237,ENST00000423118,ENSP00000399501,0.998462,D,G823A,0.62,T
238,ENST00000262304,ENSP00000262304,0.967205,N,A4220G,0.94,T
238,ENST00000423118,ENSP00000399501,0.967205,N,A4221G,0.94,T
239,ENST00000262304,ENSP00000262304,0.999616,D,E2523G,-0.59,T
239,ENST00000423118,ENSP00000399501,0.999616,D,E2523G,-0.59,T
240,ENST00000262304,ENSP00000262304,0.999999,N,E3493V,1.17,T
240,ENST00000423118,ENSP00000399501,0.999999,N,E3492V,1.17,T
241,ENST00000262304,ENSP00000262304,0.981592,D,L1584I,-0.43,T
241,ENST00000423118,ENSP00000399501,0.981592,D,L1584I,-0.43,T
242,ENST00000262304,ENSP00000262304,0.999999,N,V1189L,-0.68,T
242,ENST00000423118,ENSP00000399501,0.999999,N,V1189L,-0.68,T
243,ENST00000262304,ENSP00000262304,0.503689,D,K2490Q,-0.53,T
243,ENST00000423118,ENSP00000399501,0.503689,D,K2490Q,-0.53,T
244,ENST00000262304,ENSP00000262304,0.999268,D,I3182L,-0.18,T
244,ENST00000423118,ENSP00000399501,0.999268,D,I3182L,-0.18,T
245,ENST00000262304,ENSP00000262304,0.888282,D,T2271R,-0.34,T
245,ENST00000423118,ENSP00000399501,0.888282,D,T2271R,-0.34,T
246,ENST00000262304,ENSP00000262304,0.995486,D,V509L,2.05,T
246,ENST00000423118,ENSP00000399501,0.995486,D,V509L,2.05,T
247,ENST00000262304,ENSP00000262304,0.999998,N,V452M,2.29,T
247,ENST00000423118,ENSP00000399501,0.999998,N,V452M,2.29,T
248,ENST00000262304,ENSP00000262304,0.995672,N,L4238M,0.98,T
248,ENST00000423118,ENSP00000399501,0.995672,N,L4239M,0.98,T
249,ENST00000262304,ENSP00000262304,0.989108,D,S4179R,1.27,T
249,ENST00000423118,ENSP00000399501,0.989108,D,S4178R,1.27,T
250,ENST00000262304,ENSP00000262304,0.996101,D,R3130L,-0.49,T
250,ENST00000423118,ENSP00000399501,0.996101,D,R3130L,-0.49,T
251,ENST00000262304,ENSP00000262304,0.995686,D,R2001W,0.11,T
251,ENST00000423118,ENSP00000399501,0.995686,D,R2001W,0.11,T
252,ENST00000262304,ENSP00000262304,0.999999,N,I1965L,-0.43,T
252,ENST00000423118,ENSP00000399501,0.999999,N,I1965L,-0.43,T
253,ENST00000262304,ENSP00000262304,0.989844,N,C885G,0.76,T
253,ENST00000423118,ENSP00000399501,0.989844,N,C885G,0.76,T
254,ENST00000262304,ENSP00000262304,0.705305,D,V1637L,1.28,T
254,ENST00000423118,ENSP00000399501,0.705305,D,V1637L,1.28,T
255,ENST00000262304,ENSP00000262304,0.999997,D,M1247I,-0.27,T
255,ENST00000423118,ENSP00000399501,0.999997,D,M1247I,-0.27,T
256,ENST00000262304,ENSP00000262304,1,N,G4036W,-0.49,T
256,ENST00000423118,ENSP00000399501,1,N,G4037W,-0.49,T
257,ENST00000262304,ENSP00000262304,0.642351,N,R3877S,-0.46,T
257,ENST00000423118,ENSP00000399501,0.642351,N,R3878S,-0.46,T
258,ENST00000262304,ENSP00000262304,0.971935,N,S2981P,1.11,T
258,ENST00000423118,ENSP00000399501,0.971935,N,S2981P,1.11,T
259,ENST00000262304,ENSP00000262304,0.693293,D,G2452C,-0.46,T
259,ENST00000423118,ENSP00000399501,0.693293,D,G2452C,-0.46,T
260,ENST00000262304,ENSP00000262304,0.999963,N,T1160P,0.06,T
260,ENST00000423118,ENSP00000399501,0.999963,N,T1160P,0.06,T
261,ENST00000262304,ENSP00000262304,0.701227,N,A271P,-0.23,T
261,ENST00000423118,ENSP00000399501,0.701227,N,A271P,-0.23,T
262,ENST00000262304,ENSP00000262304,0.797715,D,I3278F,1.34,T
262,ENST00000423118,ENSP00000399501,0.797715,D,I3278F,1.34,T
263,ENST00000262304,ENSP00000262304,1,N,R2203C,-0.5,T
263,ENST00000423118,ENSP00000399501,1,N,R2203C,-0.5,T
264,ENST00000262304,ENSP00000262304,1,N,D2025A,-0.34,T
264,ENST00000423118,ENSP00000399501,1,N,D2025A,-0.34,T
265,ENST00000262304,ENSP00000262304,0.999883,N,G3583R,1.4,T
265,ENST00000423118,ENSP00000399501,0.999934,N,G3582R,1.4,T
266,ENST00000262304,ENSP00000262304,0.973829,N,S3459W,1.22,T
266,ENST00000423118,ENSP00000399501,0.973829,N,S3460W,1.22,T
267,ENST00000262304,ENSP00000262304,0.999998,D,P2085T,-0.29,T
267,ENST00000423118,ENSP00000399501,0.999998,D,P2085T,-0.29,T
268,ENST00000262304,ENSP00000262304,1,N,P1977H,1.36,T
268,ENST00000423118,ENSP00000399501,1,N,P1977H,1.36,T
269,ENST00000262304,ENSP00000262304,0.999992,D,F1714L,-0.22,T
269,ENST00000423118,ENSP00000399501,0.999992,D,F1714L,-0.22,T
270,ENST00000262304,ENSP00000262304,0.844871,N,Q3738R,-0.5,T
270,ENST00000423118,ENSP00000399501,0.879354,N,Q3739R,-0.5,T
271,ENST00000262304,ENSP00000262304,0.999262,N,S2840G,1.22,T
271,ENST00000423118,ENSP00000399501,0.999262,N,S2840G,1.22,T
272,ENST00000262304,ENSP00000262304,0.94263,N,S3330R,1.07,T
272,ENST00000423118,ENSP00000399501,0.94263,N,S3330R,1.07,T
273,ENST00000262304,ENSP00000262304,0.816223,D,I2664L,1.23,T
273,ENST00000423118,ENSP00000399501,0.816223,D,I2664L,1.23,T
274,ENST00000262304,ENSP00000262304,0.997319,N,H2499D,-0.38,T
274,ENST00000423118,ENSP00000399501,0.997319,N,H2499D,-0.38,T
275,ENST00000262304,ENSP00000262304,1,N,L743V,0.93,T
275,ENST00000423118,ENSP00000399501,1,N,L743V,0.93,T
276,ENST00000262304,ENSP00000262304,0.991088,D,G1141S,-0.25,T
276,ENST00000423118,ENSP00000399501,0.991088,D,G1141S,-0.25,T
277,ENST00000262304,ENSP00000262304,0.999926,N,T1446I,-0.35,T
277,ENST00000423118,ENSP00000399501,0.999926,N,T1446I,-0.35,T
278,ENST00000262304,ENSP00000262304,0.999996,N,L4084M,-1.32,T
278,ENST00000423118,ENSP00000399501,0.999996,N,L4085M,-1.32,T
279,ENST00000262304,ENSP00000262304,0.638707,D,G2316E,-0.22,T
279,ENST00000423118,ENSP00000399501,0.638707,D,G2316E,-0.22,T
280,ENST00000262304,ENSP00000262304,1,N,T1767N,0.1,T
280,ENST00000423118,ENSP00000399501,1,N,T1767N,0.1,T
281,ENST00000262304,ENSP00000262304,0.988064,N,S3147C,-0.1,T
281,ENST00000423118,ENSP00000399501,0.988064,N,S3147C,-0.1,T
282,ENST00000262304,ENSP00000262304,0.999998,N,E2150K,1.24,T
282,ENST00000423118,ENSP00000399501,0.999998,N,E2150K,1.24,T
283,ENST00000262304,ENSP00000262304,0.957297,N,A774P,1.16,T
283,ENST00000423118,ENSP00000399501,0.957297,N,A774P,1.16,T
284,ENST00000262304,ENSP00000262304,1,N,S2893Y,-0.56,T
284,ENST00000423118,ENSP00000399501,1,N,S2893Y,-0.56,T
285,ENST00000262304,ENSP00000262304,0.999021,D,T1242M,-0.2,T
285,ENST00000423118,ENSP00000399501,0.999021,D,T1242M,-0.2,T
286,ENST00000262304,ENSP00000262304,0.973122,N,L1103V,1.04,T
286,ENST00000423118,ENSP00000399501,0.973122,N,L1103V,1.04,T
287,ENST00000262304,ENSP00000262304,0.560465,N,C660R,-0.56,T
287,ENST00000423118,ENSP00000399501,0.560465,N,C660R,-0.56,T
288,ENST00000262304,ENSP00000262304,0.995584,N,L532R,2.35,T
288,ENST00000423118,ENSP00000399501,0.995584,N,L532R,2.35,T
289,ENST00000262304,ENSP00000262304,0.700883,N,L3896F,-0.54,T
289,ENST00000423118,ENSP00000399501,0.570964,N,L3897F,-0.54,T
290,ENST00000262304,ENSP00000262304,0.998895,N,P2253R,-0.56,T
290,ENST00000423118,ENSP00000399501,0.998895,N,P2253R,-0.56,T
291,ENST00000262304,ENSP00000262304,0.999971,D,C259G,0.46,T
291,ENST00000423118,ENSP00000399501,0.999971,D,C259G,0.46,T
292,ENST00000262304,ENSP00000262304,0.995448,D,W439C,2.33,T
292,ENST00000423118,ENSP00000399501,0.995448,D,W439C,2.33,T
293,ENST00000262304,ENSP00000262304,1,N,A696E,1.18,T
293,ENST00000423118,ENSP00000399501,1,N,A696E,1.18,T
294,ENST00000262304,ENSP00000262304,0.998641,D,W4122C,1.35,T
294,ENST00000423118,ENSP00000399501,0.998641,D,W4121C,1.35,T
295,ENST00000262304,ENSP00000262304,0.924995,N,R3951L,-0.44,T
295,ENST00000423118,ENSP00000399501,0.924995,N,R3952L,-0.44,T
296,ENST00000262304,ENSP00000262304,1,N,P619Q,1.21,T
296,ENST00000423118,ENSP00000399501,1,N,P619Q,1.21,T
297,ENST00000262304,ENSP00000262304,0.99958,D,F1856L,-0.72,T
297,ENST00000423118,ENSP00000399501,0.99958,D,F1856L,-0.72,T
298,ENST00000262304,ENSP00000262304,1,N,A234P,0.54,T
298,ENST00000423118,ENSP00000399501,1,N,A234P,0.54,T
299,ENST00000262304,ENSP00000262304,0.919365,N,L3802R,-0.85,T
299,ENST00000423118,ENSP00000399501,0.919365,N,L3803R,-0.85,T
300,ENST00000262304,ENSP00000262304,0.960385,D,R3203G,-0.17,T
300,ENST00000423118,ENSP00000399501,0.960385,D,R3203G,-0.17,T
301,ENST00000262304,ENSP00000262304,0.824181,N,T3629P,1.27,T
301,ENST00000423118,ENSP00000399501,0.824181,N,T3628P,1.27,T
302,ENST00000262304,ENSP00000262304,0.988046,N,A2137S,-0.44,T
302,ENST00000423118,ENSP00000399501,0.988046,N,A2137S,-0.44,T
303,ENST00000262304,ENSP00000262304,0.984577,D,A3324S,1.14,T
303,ENST00000423118,ENSP00000399501,0.984577,D,A3324S,1.14,T
304,ENST00000262304,ENSP00000262304,0.999799,D,V951L,-0.31,T
304,ENST00000423118,ENSP00000399501,0.999799,D,V951L,-0.31,T
305,ENST00000262304,ENSP00000262304,0.998338,D,L3343V,0.68,T
305,ENST00000423118,ENSP00000399501,0.998338,D,L3343V,0.68,T
306,ENST00000262304,ENSP00000262304,0.964551,D,L3044V,-0.61,T
306,ENST00000423118,ENSP00000399501,0.964551,D,L3044V,-0.61,T
307,ENST00000262304,ENSP00000262304,0.996909,N,S1821F,0.08,T
307,ENST00000423118,ENSP00000399501,0.996909,N,S1821F,0.08,T
308,ENST00000262304,ENSP00000262304,1,N,R1266P,0.07,T
308,ENST00000423118,ENSP00000399501,1,N,R1266P,0.07,T
309,ENST00000262304,ENSP00000262304,0.839893,N,F3914L,-1.07,T
309,ENST00000423118,ENSP00000399501,0.839893,N,F3913L,-1.07,T
310,ENST00000262304,ENSP00000262304,0.806272,D,E1756Q,-0.35,T
310,ENST00000423118,ENSP00000399501,0.806272,D,E1756Q,-0.35,T
311,ENST00000262304,ENSP00000262304,0.998298,N,S1440Y,-0.06,T
311,ENST00000423118,ENSP00000399501,0.998298,N,S1440Y,-0.06,T
312,ENST00000262304,ENSP00000262304,0.942649,D,S123G,0.06,T
312,ENST00000423118,ENSP00000399501,0.942649,D,S123G,0.06,T
313,ENST00000262304,ENSP00000262304,0.999964,D,L811P,1.14,T
313,ENST00000423118,ENSP00000399501,0.999964,D,L811P,1.14,T
314,ENST00000262304,ENSP00000262304,1,N,A296V,-0.33,T
314,ENST00000423118,ENSP00000399501,1,N,A296V,-0.33,T
315,ENST00000262304,ENSP00000262304,0.999765,D,G1428D,-0.18,T
315,ENST00000423118,ENSP00000399501,0.999765,D,G1428D,-0.18,T
316,ENST00000262304,ENSP00000262304,0.935751,N,L86F,0.41,T
316,ENST00000423118,ENSP00000399501,0.935751,N,L86F,0.41,T
317,ENST00000262304,ENSP00000262304,0.995121,D,E2780D,1.15,T
317,ENST00000423118,ENSP00000399501,0.995121,D,E2780D,1.15,T
318,ENST00000262304,ENSP00000262304,0.841194,D,E1464V,1.21,T
318,ENST00000423118,ENSP00000399501,0.841194,D,E1464V,1.21,T
319,ENST00000262304,ENSP00000262304,0.971401,N,A140S,-2.62,D
319,ENST00000423118,ENSP00000399501,0.971401,N,A140S,-2.62,D
320,ENST00000262304,ENSP00000262304,0.998618,D,R4154H,0.81,T
320,ENST00000423118,ENSP00000399501,0.998618,D,R4153H,0.81,T
321,ENST00000262304,ENSP00000262304,0.982142,N,E914G,-0.28,T
321,ENST00000423118,ENSP00000399501,0.982142,N,E914G,-0.28,T
322,ENST00000262304,ENSP00000262304,0.995547,D,L3589I,0.02,T
322,ENST00000423118,ENSP00000399501,0.995547,D,L3588I,0.02,T
323,ENST00000262304,ENSP00000262304,0.553319,N,K3232T,1.1,T
323,ENST00000423118,ENSP00000399501,0.553319,N,K3232T,1.1,T
324,ENST00000262304,ENSP00000262304,0.999994,D,N1661S,0.09,T
324,ENST00000423118,ENSP00000399501,0.999994,D,N1661S,0.09,T
325,ENST00000262304,ENSP00000262304,1,N,G555R,1.4,T
325,ENST00000423118,ENSP00000399501,1,N,G555R,1.4,T
326,ENST00000262304,ENSP00000262304,0.984626,D,G177S,1.34,T
326,ENST00000423118,ENSP00000399501,0.984626,D,G177S,1.34,T
327,ENST00000262304,ENSP00000262304,0.975106,N,E434V,2.24,T
327,ENST00000423118,ENSP00000399501,0.975106,N,E434V,2.24,T
328,ENST00000262304,ENSP00000262304,0.988002,D,D2440H,-0.46,T
328,ENST00000423118,ENSP00000399501,0.988002,D,D2440H,-0.46,T
329,ENST00000262304,ENSP00000262304,0.950722,D,F3976L,-1.49,T
329,ENST00000423118,ENSP00000399501,0.950722,D,F3977L,-1.49,T
330,ENST00000262304,ENSP00000262304,1,N,A3571T,1.25,T
330,ENST00000423118,ENSP00000399501,1,N,A3570T,1.25,T
331,ENST00000262304,ENSP00000262304,0.972115,D,Y3734N,-0.45,T
331,ENST00000423118,ENSP00000399501,0.972115,D,Y3733N,-0.45,T
332,ENST00000262304,ENSP00000262304,0.99848,D,G340E,0.1,T
332,ENST00000423118,ENSP00000399501,0.99848,D,G340E,0.1,T
333,ENST00000262304,ENSP00000262304,1,N,Q4216K,1.38,T
333,ENST00000423118,ENSP00000399501,1,N,Q4215K,1.38,T
334,ENST00000262304,ENSP00000262304,0.998853,D,V1011I,-0.27,T
334,ENST00000423118,ENSP00000399501,0.998853,D,V1011I,-0.27,T
335,ENST00000262304,ENSP00000262304,0.999998,D,A3557T,0.94,T
335,ENST00000423118,ENSP00000399501,0.999998,D,A3558T,0.94,T
336,ENST00000262304,ENSP00000262304,0.999999,N,A1489T,-0.36,T
336,ENST00000423118,ENSP00000399501,0.999999,N,A1489T,-0.36,T
337,ENST00000262304,ENSP00000262304,0.99915,D,P497H,2.05,T
337,ENST00000423118,ENSP00000399501,0.99915,D,P497H,2.05,T
338,ENST00000262304,ENSP00000262304,0.999968,D,L2828P,1.33,T
338,ENST00000423118,ENSP00000399501,0.999968,D,L2828P,1.33,T
339,ENST00000262304,ENSP00000262304,1,N,S4072F,-0.58,T
339,ENST00000423118,ENSP00000399501,1,N,S4071F,-0.58,T
340,ENST00000262304,ENSP00000262304,0.999988,N,L1738F,0.78,T
340,ENST00000423118,ENSP00000399501,0.999988,N,L1738F,0.78,T
341,ENST00000262304,ENSP00000262304,1,N,H3311Q,1.43,T
341,ENST00000423118,ENSP00000399501,1,N,H3311Q,1.43,T
342,ENST00000262304,ENSP00000262304,1,N,L1064H,-0.39,T
342,ENST00000423118,ENSP00000399501,1,N,L1064H,-0.39,T
343,ENST00000262304,ENSP00000262304,0.844213,D,S2750C,1.21,T
343,ENST00000423118,ENSP00000399501,0.844213,D,S2750C,1.21,T
344,ENST00000262304,ENSP00000262304,0.802791,D,E1088K,-0.0,T
344,ENST00000423118,ENSP00000399501,0.802791,D,E1088K,-0.0,T
345,ENST00000262304,ENSP00000262304,0.999214,N,R3107C,1.25,T
345,ENST00000423118,ENSP00000399501,0.999214,N,R3107C,1.25,T
346,ENST00000262304,ENSP00000262304,0.995423,D,A2247S,-0.43,T
346,ENST00000423118,ENSP00000399501,0.995423,D,A2247S,-0.43,T
347,ENST00000262304,ENSP00000262304,0.991122,D,A3159T,-0.11,T
347,ENST00000423118,ENSP00000399501,0.991122,D,A3159T,-0.11,T
348,ENST00000262304,ENSP00000262304,1,N,P1886H,-0.4,T
348,ENST00000423118,ENSP00000399501,1,N,P1886H,-0.4,T
349,ENST00000262304,ENSP00000262304,0.957159,N,R2518S,-0.63,T
349,ENST00000423118,ENSP00000399501,0.957159,N,R2518S,-0.63,T
350,ENST00000262304,ENSP00000262304,0.999215,D,Y1750F,-0.43,T
350,ENST00000423118,ENSP00000399501,0.999215,D,Y1750F,-0.43,T
351,ENST00000262304,ENSP00000262304,0.557198,D,V1578L,0.05,T
351,ENST00000423118,ENSP00000399501,0.557198,D,V1578L,0.05,T
352,ENST00000262304,ENSP00000262304,0.971413,N,V49A,0.8,T
352,ENST00000423118,ENSP00000399501,0.971413,N,V49A,0.8,T
353,ENST00000262304,ENSP00000262304,0.898723,N,R3831S,-0.45,T
353,ENST00000423118,ENSP00000399501,0.898723,N,R3830S,-0.45,T
354,ENST00000262304,ENSP00000262304,0.97335,D,K2413M,-0.51,T
354,ENST00000423118,ENSP00000399501,0.97335,D,K2413M,-0.51,T
355,ENST00000262304,ENSP00000262304,0.999793,N,T2180P,-0.44,T
355,ENST00000423118,ENSP00000399501,0.999793,N,T2180P,-0.44,T
356,ENST00000262304,ENSP00000262304,0.853161,N,K2012N,1.22,T
356,ENST00000423118,ENSP00000399501,0.853161,N,K2012N,1.22,T
357,ENST00000262304,ENSP00000262304,0.997848,D,S527C,2.1,T
357,ENST00000423118,ENSP00000399501,0.997848,D,S527C,2.1,T
358,ENST00000262304,ENSP00000262304,0.999077,D,A3959S,-0.77,T
358,ENST00000423118,ENSP00000399501,0.999077,D,A3958S,-0.77,T
359,ENST00000262304,ENSP00000262304,1,N,T2073S,0.09,T
359,ENST00000423118,ENSP00000399501,1,N,T2073S,0.09,T
360,ENST00000262304,ENSP00000262304,1,N,P3359S,1.25,T
360,ENST00000423118,ENSP00000399501,1,N,P3359S,1.26,T
361,ENST00000262304,ENSP00000262304,1,N,A92V,0.35,T
361,ENST00000423118,ENSP00000399501,1,N,A92V,0.35,T
362,ENST00000262304,ENSP00000262304,0.946909,D,E2380D,1.21,T
362,ENST00000423118,ENSP00000399501,0.946909,D,E2380D,1.21,T
363,ENST00000262304,ENSP00000262304,0.908376,D,L521V,2.22,T
363,ENST00000423118,ENSP00000399501,0.908376,D,L521V,2.22,T
364,ENST00000262304,ENSP00000262304,0.99994,D,P755S,1.26,T
364,ENST00000423118,ENSP00000399501,0.99994,D,P755S,1.26,T
365,ENST00000262304,ENSP00000262304,1,N,I1434N,0.08,T
365,ENST00000423118,ENSP00000399501,1,N,I1434N,0.08,T
366,ENST00000262304,ENSP00000262304,0.855109,N,E353A,-0.31,T
366,ENST00000423118,ENSP00000399501,0.855109,N,E353A,-0.31,T
367,ENST00000262304,ENSP00000262304,1,N,S1134I,-0.11,T
367,ENST00000423118,ENSP00000399501,1,N,S1134I,-0.11,T
368,ENST00000262304,ENSP00000262304,1,N,Q474R,2.22,T
368,ENST00000423118,ENSP00000399501,1,N,Q474R,2.22,T
369,ENST00000262304,ENSP00000262304,1,N,A62G,1.28,T
369,ENST00000423118,ENSP00000399501,1,N,A62G,1.28,T
370,ENST00000262304,ENSP00000262304,1,N,T3963I,-0.55,T
370,ENST00000423118,ENSP00000399501,1,N,T3964I,-0.55,T
371,ENST00000262304,ENSP00000262304,1,N,N872I,1.34,T
371,ENST00000423118,ENSP00000399501,1,N,N872I,1.34,T
372,ENST00000262304,ENSP00000262304,0.995296,N,V278M,-0.32,T
372,ENST00000423118,ENSP00000399501,0.995296,N,V278M,-0.32,T
373,ENST00000262304,ENSP00000262304,0.679914,N,R4203P,1.25,T
373,ENST00000423118,ENSP00000399501,0.679914,N,R4202P,1.25,T
374,ENST00000262304,ENSP00000262304,1,N,L205V,0.53,T
374,ENST00000423118,ENSP00000399501,1,N,L205V,0.53,T
375,ENST00000262304,ENSP00000262304,0.971666,N,M446K,2.38,T
375,ENST00000423118,ENSP00000399501,0.971666,N,M446K,2.38,T
376,ENST00000262304,ENSP00000262304,1,N,W3527L,1.37,T
376,ENST00000423118,ENSP00000399501,1,N,W3528L,1.37,T
377,ENST00000262304,ENSP00000262304,0.999999,N,P4023A,-0.46,T
377,ENST00000423118,ENSP00000399501,0.999999,N,P4024A,-0.46,T
378,ENST00000262304,ENSP00000262304,1,N,G3790C,-0.5,T
378,ENST00000423118,ENSP00000399501,1,N,G3791C,-0.5,T
379,ENST00000262304,ENSP00000262304,0.972004,N,S4054P,-0.51,T
379,ENST00000423118,ENSP00000399501,0.972004,N,S4053P,-0.51,T
380,ENST00000262304,ENSP00000262304,1,N,R1298S,1.38,T
380,ENST00000423118,ENSP00000399501,1,N,R1298S,1.38,T
381,ENST00000262304,ENSP00000262304,1,N,T2322K,-0.45,T
381,ENST00000423118,ENSP00000399501,1,N,T2322K,-0.45,T
382,ENST00000262304,ENSP00000262304,1,N,A321S,0.06,T
382,ENST00000423118,ENSP00000399501,1,N,A321S,0.06,T
383,ENST00000262304,ENSP00000262304,1,D,C3284S,0.42,T
383,ENST00000423118,ENSP00000399501,1,D,C3284S,0.42,T
384,ENST00000262304,ENSP00000262304,1,N,A1322G,-0.14,T
384,ENST00000423118,ENSP00000399501,1,N,A1322G,-0.14,T
385,ENST00000262304,ENSP00000262304,0.999802,N,G595V,1.5,T
385,ENST00000423118,ENSP00000399501,0.999802,N,G595V,1.5,T
386,ENST00000262304,ENSP00000262304,0.999933,N,Y1316C,0.16,T
386,ENST00000423118,ENSP00000399501,0.999933,N,Y1316C,0.16,T
387,ENST00000262304,ENSP00000262304,0.999948,N,D186E,0.38,T
387,ENST00000423118,ENSP00000399501,0.999948,N,D186E,0.38,T
388,ENST00000262304,ENSP00000262304,0.984306,N,R2464G,-0.45,T
388,ENST00000423118,ENSP00000399501,0.984306,N,R2464G,-0.45,T
389,ENST00000262304,ENSP00000262304,1,N,S366T,1.27,T
389,ENST00000423118,ENSP00000399501,1,N,S366T,1.27,T
390,ENST00000262304,ENSP00000262304,0.960547,N,L405R,2.27,T
390,ENST00000423118,ENSP00000399501,0.960547,N,L405R,2.27,T
391,ENST00000262304,ENSP00000262304,0.998253,N,P2975R,1.36,T
391,ENST00000423118,ENSP00000399501,0.998253,N,P2975R,1.36,T
392,ENST00000262304,ENSP00000262304,1,N,A240P,0.42,T
392,ENST00000423118,ENSP00000399501,1,N,A240P,0.42,T
393,ENST00000262304,ENSP00000262304,0.999994,N,R1207C,-0.29,T
393,ENST00000423118,ENSP00000399501,0.999994,N,R1207C,-0.29,T
394,ENST00000262304,ENSP00000262304,0.595323,N,L2924F,-0.84,T
394,ENST00000423118,ENSP00000399501,0.595323,N,L2924F,-0.84,T
395,ENST00000262304,ENSP00000262304,0.830214,N,N1518K,0.03,T
395,ENST00000423118,ENSP00000399501,0.830214,N,N1518K,0.03,T
396,ENST00000262304,ENSP00000262304,0.999991,D,C3289W,1.22,T
396,ENST00000423118,ENSP00000399501,0.999991,D,C3289W,1.22,T
397,ENST00000262304,ENSP00000262304,0.983462,N,P2224T,-0.55,T
397,ENST00000423118,ENSP00000399501,0.983462,N,P2224T,-0.55,T
398,ENST00000262304,ENSP00000262304,1,N,D706A,1.1,T
398,ENST00000423118,ENSP00000399501,1,N,D706A,1.1,T
399,ENST00000262304,ENSP00000262304,0.999124,D,A3296T,0.93,T
399,ENST00000423118,ENSP00000399501,0.999124,D,A3296T,0.93,T
400,ENST00000262304,ENSP00000262304,0.999977,N,S1803R,-0.32,T
400,ENST00000423118,ENSP00000399501,0.999977,N,S1803R,-0.32,T
401,ENST00000262304,ENSP00000262304,0.999999,N,L3545M,1.27,T
401,ENST00000423118,ENSP00000399501,0.999999,N,L3544M,1.27,T
402,ENST00000262304,ENSP00000262304,0.999932,N,S2295C,-0.61,T
402,ENST00000423118,ENSP00000399501,0.999932,N,S2295C,-0.61,T
403,ENST00000262304,ENSP00000262304,1,N,L4282Q,1.26,T
403,ENST00000423118,ENSP00000399501,1,N,L4283Q,1.26,T
404,ENST00000262304,ENSP00000262304,0.995858,N,S3904A,-0.46,T
404,ENST00000423118,ENSP00000399501,0.995858,N,S3903A,-0.46,T
405,ENST00000262304,ENSP00000262304,1,N,R2985T,1.35,T
405,ENST00000423118,ENSP00000399501,1,N,R2985T,1.35,T
406,ENST00000262304,ENSP00000262304,0.997453,N,V1005F,0.08,T
406,ENST00000423118,ENSP00000399501,0.997453,N,V1005F,0.08,T
407,ENST00000262304,ENSP00000262304,1,N,E2738Q,1.21,T
407,ENST00000423118,ENSP00000399501,1,N,E2738Q,1.21,T
408,ENST00000262304,ENSP00000262304,1,N,G1042C,0.11,T
408,ENST00000423118,ENSP00000399501,1,N,G1042C,0.11,T
409,ENST00000262304,ENSP00000262304,0.999992,N,A2817T,1.36,T
409,ENST00000423118,ENSP00000399501,0.999992,N,A2817T,1.36,T
410,ENST00000262304,ENSP00000262304,1,N,G1744D,0.41,T
410,ENST00000423118,ENSP00000399501,1,N,G1744D,0.41,T
411,ENST00000262304,ENSP00000262304,0.985619,N,S2426N,-0.57,T
411,ENST00000423118,ENSP00000399501,0.985619,N,S2426N,-0.57,T
412,ENST00000262304,ENSP00000262304,0.992446,D,V423L,2.21,T
412,ENST00000423118,ENSP00000399501,0.992446,D,V423L,2.21,T
413,ENST00000262304,ENSP00000262304,0.817059,D,E151D,-2.61,D
413,ENST00000423118,ENSP00000399501,0.817059,D,E151D,-2.61,D
414,ENST00000262304,ENSP00000262304,1,N,T303K,0.13,T
414,ENST00000423118,ENSP00000399501,1,N,T303K,0.13,T
415,ENST00000262304,ENSP00000262304,0.985092,D,E3660Q,1.25,T
415,ENST00000423118,ENSP00000399501,0.985092,D,E3659Q,1.25,T
416,ENST00000262304,ENSP00000262304,1,N,S216P,0.46,T
416,ENST00000423118,ENSP00000399501,1,N,S216P,0.46,T
417,ENST00000262304,ENSP00000262304,1,N,E2419D,-0.49,T
417,ENST00000423118,ENSP00000399501,1,N,E2419D,-0.49,T
418,ENST00000262304,ENSP00000262304,0.995621,N,L284Q,-0.17,T
418,ENST00000423118,ENSP00000399501,0.995621,N,L284Q,-0.17,T
419,ENST00000262304,ENSP00000262304,1,N,L3909M,-0.62,T
419,ENST00000423118,ENSP00000399501,1,N,L3908M,-0.62,T
420,ENST00000262304,ENSP00000262304,0.703425,D,R3845S,-0.58,T
420,ENST00000423118,ENSP00000399501,0.639285,D,R3846S,-0.58,T
421,ENST00000262304,ENSP00000262304,0.624587,N,T2341S,-0.68,T
421,ENST00000423118,ENSP00000399501,0.624587,N,T2341S,-0.68,T
422,ENST00000262304,ENSP00000262304,1,N,M3089I,1.57,T
422,ENST00000423118,ENSP00000399501,1,N,M3089I,1.57,T
423,ENST00000262304,ENSP00000262304,0.995208,D,N1017H,-0.4,T
423,ENST00000423118,ENSP00000399501,0.995208,D,N1017H,-0.4,T
424,ENST00000262304,ENSP00000262304,1,N,Q3488R,1.3,T
424,ENST00000423118,ENSP00000399501,1,N,Q3487R,1.3,T
425,ENST00000262304,ENSP00000262304,1,N,A1959T,0.04,T
425,ENST00000423118,ENSP00000399501,1,N,A1959T,0.04,T
426,ENST00000262304,ENSP00000262304,0.985379,N,F1625Y,-0.27,T
426,ENST00000423118,ENSP00000399501,0.985379,N,F1625Y,-0.27,T
427,ENST00000262304,ENSP00000262304,1,N,V1513I,-0.38,T
427,ENST00000423118,ENSP00000399501,1,N,V1513I,-0.38,T
428,ENST00000262304,ENSP00000262304,1,N,A3635P,1.25,T
428,ENST00000423118,ENSP00000399501,1,N,A3634P,1.25,T
429,ENST00000262304,ENSP00000262304,1,N,A2581E,-0.41,T
429,ENST00000423118,ENSP00000399501,1,N,A2581E,-0.41,T
430,ENST00000262304,ENSP00000262304,1,N,G805V,1.32,T
430,ENST00000423118,ENSP00000399501,1,N,G805V,1.32,T
431,ENST00000262304,ENSP00000262304,1,N,S584G,1.26,T
431,ENST00000423118,ENSP00000399501,1,N,S584G,1.26,T
432,ENST00000262304,ENSP00000262304,0.999997,N,S2397R,-0.47,T
432,ENST00000423118,ENSP00000399501,0.999997,N,S2397R,-0.47,T
433,ENST00000262304,ENSP00000262304,0.999485,N,K1953N,0.1,T
433,ENST00000423118,ENSP00000399501,0.999485,N,K1953N,0.1,T
434,ENST00000262304,ENSP00000262304,0.955095,N,R1547P,-0.14,T
434,ENST00000423118,ENSP00000399501,0.955095,N,R1547P,-0.14,T
435,ENST00000262304,ENSP00000262304,0.999969,N,L1910P,0.09,T
435,ENST00000423118,ENSP00000399501,0.999969,N,L1910P,0.09,T
436,ENST00000262304,ENSP00000262304,0.980869,D,S1869T,0.21,T
436,ENST00000423118,ENSP00000399501,0.980869,D,S1869T,0.21,T
437,ENST00000262304,ENSP00000262304,0.999114,N,Q2196L,-0.47,T
437,ENST00000423118,ENSP00000399501,0.999114,N,Q2196L,-0.47,T
438,ENST00000262304,ENSP00000262304,0.999859,N,R799L,1.37,T
438,ENST00000423118,ENSP00000399501,0.999859,N,R799L,1.37,T
439,ENST00000262304,ENSP00000262304,0.782328,N,W4090S,-0.43,T
439,ENST00000423118,ENSP00000399501,0.782328,N,W4091S,-0.43,T
440,ENST00000262304,ENSP00000262304,1,N,D1797E,-0.23,T
440,ENST00000423118,ENSP00000399501,1,N,D1797E,-0.23,T
441,ENST00000262304,ENSP00000262304,0.613102,N,E4158D,1.19,T
441,ENST00000423118,ENSP00000399501,0.613102,N,E4159D,1.19,T
442,ENST00000262304,ENSP00000262304,1,N,W1399G,0.19,T
442,ENST00000423118,ENSP00000399501,1,N,W1399G,0.19,T
443,ENST00000262304,ENSP00000262304,1,N,T761N,1.3,T
443,ENST00000423118,ENSP00000399501,1,N,T761N,1.3,T
444,ENST00000262304,ENSP00000262304,0.93843,N,W1405G,0.11,T
444,ENST00000423118,ENSP00000399501,0.93843,N,W1405G,0.11,T
445,ENST00000262304,ENSP00000262304,1,N,V780L,1.41,T
445,ENST00000423118,ENSP00000399501,1,N,V780L,1.41,T
446,ENST00000262304,ENSP00000262304,0.999988,N,E128V,-2.55,D
446,ENST00000423118,ENSP00000399501,0.999988,N,E128V,-2.55,D
447,ENST00000262304,ENSP00000262304,0.949017,N,E4209D,1.2,T
447,ENST00000423118,ENSP00000399501,0.949017,N,E4208D,1.2,T
448,ENST00000262304,ENSP00000262304,0.994063,N,A486G,2.22,T
448,ENST00000423118,ENSP00000399501,0.994063,N,A486G,2.22,T
449,ENST00000262304,ENSP00000262304,1,N,T938R,-0.43,T
449,ENST00000423118,ENSP00000399501,1,N,T938R,-0.43,T
450,ENST00000262304,ENSP00000262304,1,N,S903R,-0.32,T
450,ENST00000423118,ENSP00000399501,1,N,S903R,-0.32,T
451,ENST00000262304,ENSP00000262304,1,N,A2483G,1.05,T
451,ENST00000423118,ENSP00000399501,1,N,A2483G,1.05,T
452,ENST00000262304,ENSP00000262304,1,N,A1422T,0.2,T
452,ENST00000423118,ENSP00000399501,1,N,A1422T,0.2,T
453,ENST00000262304,ENSP00000262304,0.957737,N,L2018R,0.18,T
453,ENST00000423118,ENSP00000399501,0.957737,N,L2018R,0.18,T
454,ENST00000262304,ENSP00000262304,1,N,L4196V,1.26,T
454,ENST00000423118,ENSP00000399501,1,N,L4197V,1.26,T
455,ENST00000262304,ENSP00000262304,0.999538,N,W861G,1.28,T
455,ENST00000423118,ENSP00000399501,0.999538,N,W861G,1.28,T
456,ENST00000262304,ENSP00000262304,1,N,A199T,0.56,T
456,ENST00000423118,ENSP00000399501,1,N,A199T,0.56,T
457,ENST00000262304,ENSP00000262304,0.97625,N,R3890S,-0.45,T
457,ENST00000423118,ENSP00000399501,0.97625,N,R3891S,-0.45,T
458,ENST00000262304,ENSP00000262304,1,N,P549A,1.38,T
458,ENST00000423118,ENSP00000399501,1,N,P549A,1.38,T
459,ENST00000262304,ENSP00000262304,1,N,L3933I,1.24,T
459,ENST00000423118,ENSP00000399501,1,N,L3932I,1.24,T
460,ENST00000262304,ENSP00000262304,0.999999,N,A134S,-2.61,D
460,ENST00000423118,ENSP00000399501,0.999999,N,A134S,-2.61,D
461,ENST00000262304,ENSP00000262304,1,N,H1851D,0.2,T
461,ENST00000423118,ENSP00000399501,1,N,H1851D,0.2,T
462,ENST00000262304,ENSP00000262304,0.598402,D,R3209S,-0.08,T
462,ENST00000423118,ENSP00000399501,0.598402,D,R3209S,-0.08,T
463,ENST00000262304,ENSP00000262304,0.991747,N,P537A,1.29,T
463,ENST00000423118,ENSP00000399501,0.991747,N,P537A,1.29,T
464,ENST00000262304,ENSP00000262304,1,N,V908L,-0.21,T
464,ENST00000423118,ENSP00000399501,1,N,V908L,-0.21,T
465,ENST00000262304,ENSP00000262304,0.999964,N,T1346S,-0.16,T
465,ENST00000423118,ENSP00000399501,0.999964,N,T1346S,-0.16,T
466,ENST00000262304,ENSP00000262304,0.996595,N,A2511T,-0.47,T
466,ENST00000423118,ENSP00000399501,0.996595,N,A2511T,-0.47,T
467,ENST00000262304,ENSP00000262304,0.998482,N,D2912G,-0.46,T
467,ENST00000423118,ENSP00000399501,0.998482,N,D2912G,-0.46,T
468,ENST00000262304,ENSP00000262304,1,N,A879T,1.24,T
468,ENST00000423118,ENSP00000399501,1,N,A879T,1.24,T
469,ENST00000262304,ENSP00000262304,1,N,S1845N,-0.44,T
469,ENST00000423118,ENSP00000399501,1,N,S1845N,-0.44,T
470,ENST00000262304,ENSP00000262304,1,N,V2731A,1.36,T
470,ENST00000423118,ENSP00000399501,1,N,V2731A,1.36,T
471,ENST00000262304,ENSP00000262304,0.942401,N,A2552V,-0.34,T
471,ENST00000423118,ENSP00000399501,0.942401,N,A2552V,-0.34,T
472,ENST00000262304,ENSP00000262304,1,N,L3318V,1.3,T
472,ENST00000423118,ENSP00000399501,1,N,L3318V,1.3,T
473,ENST00000262304,ENSP00000262304,1,N,P480R,2.43,T
473,ENST00000423118,ENSP00000399501,1,N,P480R,2.43,T
474,ENST00000262304,ENSP00000262304,1,N,P630R,1.33,T
474,ENST00000423118,ENSP00000399501,1,N,P630R,1.33,T
475,ENST00000262304,ENSP00000262304,1,N,P252R,0.46,T
475,ENST00000423118,ENSP00000399501,1,N,P252R,0.46,T
476,ENST00000262304,ENSP00000262304,1,N,T3503I,1.45,T
476,ENST00000423118,ENSP00000399501,1,N,T3502I,1.45,T
477,ENST00000262304,ENSP00000262304,0.999983,N,Q1696H,-0.0,T
477,ENST00000423118,ENSP00000399501,0.999983,N,Q1696H,-0.0,T
478,ENST00000262304,ENSP00000262304,1,N,S614R,1.36,T
478,ENST00000423118,ENSP00000399501,1,N,S614R,1.36,T
479,ENST00000262304,ENSP00000262304,1,N,A2629T,1.3,T
479,ENST00000423118,ENSP00000399501,1,N,A2629T,1.3,T
480,ENST00000262304,ENSP00000262304,0.997183,N,V3430M,1.37,T
480,ENST00000423118,ENSP00000399501,0.997183,N,V3429M,1.37,T
481,ENST00000262304,ENSP00000262304,0.963264,D,Y1370F,-0.3,T
481,ENST00000423118,ENSP00000399501,0.963264,D,Y1370F,-0.3,T
482,ENST00000262304,ENSP00000262304,1,N,H2634Q,1.45,T
482,ENST00000423118,ENSP00000399501,1,N,H2634Q,1.45,T
483,ENST00000262304,ENSP00000262304,0.982727,N,G228D,0.58,T
483,ENST00000423118,ENSP00000399501,0.982727,N,G228D,0.58,T
484,ENST00000262304,ENSP00000262304,0.999587,N,V4047L,-0.38,T
484,ENST00000423118,ENSP00000399501,0.999587,N,V4048L,-0.38,T
485,ENST00000262304,ENSP00000262304,1,N,A2091D,0.07,T
485,ENST00000423118,ENSP00000399501,1,N,A2091D,0.07,T
486,ENST00000262304,ENSP00000262304,1,N,A3442G,1.28,T
486,ENST00000423118,ENSP00000399501,1,N,A3441G,1.28,T
487,ENST00000262304,ENSP00000262304,1,N,A678S,1.34,T
487,ENST00000423118,ENSP00000399501,1,N,A678S,1.34,T
488,ENST00000262304,ENSP00000262304,1,N,E1929D,0.12,T
488,ENST00000423118,ENSP00000399501,1,N,E1929D,0.12,T
489,ENST00000262304,ENSP00000262304,0.95428,N,E542D,1.3,T
489,ENST00000423118,ENSP00000399501,0.95428,N,E542D,1.3,T
490,ENST00000262304,ENSP00000262304,1,N,L3825Q,-0.41,T
490,ENST00000423118,ENSP00000399501,1,N,L3824Q,-0.41,T
491,ENST00000262304,ENSP00000262304,0.989675,N,W1530L,0.16,T
491,ENST00000423118,ENSP00000399501,0.989675,N,W1530L,0.16,T
492,ENST00000262304,ENSP00000262304,1,N,W1720R,-0.22,T
492,ENST00000423118,ENSP00000399501,1,N,W1720R,-0.22,T
493,ENST00000262304,ENSP00000262304,1,N,H2546Q,-0.26,T
493,ENST00000423118,ENSP00000399501,1,N,H2546Q,-0.26,T
494,ENST00000262304,ENSP00000262304,0.999999,N,G842D,1.44,T
494,ENST00000423118,ENSP00000399501,0.999999,N,G842D,1.44,T
495,ENST00000262304,ENSP00000262304,0.975803,N,A291T,0.22,T
495,ENST00000423118,ENSP00000399501,0.975803,N,A291T,0.22,T
496,ENST00000262304,ENSP00000262304,1,N,Q2067H,-0.28,T
496,ENST00000423118,ENSP00000399501,1,N,Q2067H,-0.28,T
497,ENST00000262304,ENSP00000262304,1,N,V192A,0.59,T
497,ENST00000423118,ENSP00000399501,1,N,V192A,0.59,T
498,ENST00000262304,ENSP00000262304,0.999987,N,I377L,1.57,T
498,ENST00000423118,ENSP00000399501,0.999987,N,I377L,1.57,T
499,ENST00000262304,ENSP00000262304,1,N,S1183A,0.05,T
499,ENST00000423118,ENSP00000399501,1,N,S1183A,0.05,T
500,ENST00000262304,ENSP00000262304,0.998751,N,S3499T,1.28,T
500,ENST00000423118,ENSP00000399501,0.998751,N,S3498T,1.28,T
501,ENST00000262304,ENSP00000262304,0.999992,N,Q1393R,0.17,T
501,ENST00000423118,ENSP00000399501,0.999992,N,Q1393R,0.17,T
502,ENST00000262304,ENSP00000262304,0.999994,N,D315N,0.17,T
502,ENST00000423118,ENSP00000399501,0.999994,N,D315N,0.17,T
503,ENST00000262304,ENSP00000262304,1,N,H2887L,1.44,T
503,ENST00000423118,ENSP00000399501,1,N,H2887L,1.44,T
504,ENST00000262304,ENSP00000262304,0.999996,N,A2857S,-0.59,T
504,ENST00000423118,ENSP00000399501,0.999996,N,A2857S,-0.59,T
505,ENST00000262304,ENSP00000262304,1,N,G25S,1.4,T
505,ENST00000423118,ENSP00000399501,1,N,G25S,1.4,T
506,ENST00000262304,ENSP00000262304,1,N,Q1172K,0.21,T
506,ENST00000423118,ENSP00000399501,1,N,Q1172K,0.21,T
507,ENST00000262304,ENSP00000262304,0.999886,N,E3786K,-0.41,T
507,ENST00000423118,ENSP00000399501,0.999886,N,E3785K,-0.41,T
508,ENST00000262304,ENSP00000262304,1,N,Q562K,1.38,T
508,ENST00000423118,ENSP00000399501,1,N,Q562K,1.38,T
509,ENST00000262304,ENSP00000262304,1,N,G2102A,-0.12,T
509,ENST00000423118,ENSP00000399501,1,N,G2102A,-0.12,T
510,ENST00000262304,ENSP00000262304,1,N,V1655E,0.08,T
510,ENST00000423118,ENSP00000399501,1,N,V1655E,0.08,T
511,ENST00000262304,ENSP00000262304,0.997127,D,G4097V,-0.28,T
511,ENST00000423118,ENSP00000399501,0.997127,D,G4096V,-0.28,T
512,ENST00000262304,ENSP00000262304,1,N,H4243Q,1.54,T
512,ENST00000423118,ENSP00000399501,1,N,H4244Q,1.54,T
513,ENST00000262304,ENSP00000262304,1,N,I4104L,-0.59,T
513,ENST00000423118,ENSP00000399501,1,N,I4105L,-0.59,T
514,ENST00000262304,ENSP00000262304,1,N,Q4060K,-0.28,T
514,ENST00000423118,ENSP00000399501,1,N,Q4059K,-0.28,T
515,ENST00000262304,ENSP00000262304,0.999179,N,G3989S,-0.43,T
515,ENST00000423118,ENSP00000399501,0.999179,N,G3988S,-0.43,T
516,ENST00000262304,ENSP00000262304,0.997873,N,A3641E,1.49,T
516,ENST00000423118,ENSP00000399501,0.997873,N,A3640E,1.49,T
517,ENST00000262304,ENSP00000262304,1,N,A3301V,1.47,T
517,ENST00000423118,ENSP00000399501,1,N,A3301V,1.47,T
518,ENST00000262304,ENSP00000262304,0.900501,N,M3141T,0.13,T
518,ENST00000423118,ENSP00000399501,0.900501,N,M3141T,0.13,T
519,ENST00000262304,ENSP00000262304,0.998923,N,M3078L,1.74,T
519,ENST00000423118,ENSP00000399501,0.998923,N,M3078L,1.74,T
520,ENST00000262304,ENSP00000262304,1,N,P2674A,1.49,T
520,ENST00000423118,ENSP00000399501,1,N,P2674A,1.49,T
521,ENST00000262304,ENSP00000262304,1,N,S2534T,-0.46,T
521,ENST00000423118,ENSP00000399501,1,N,S2534T,-0.46,T
522,ENST00000262304,ENSP00000262304,0.953876,N,T2445I,-0.48,T
522,ENST00000423118,ENSP00000399501,0.953876,N,T2445I,-0.48,T
523,ENST00000262304,ENSP00000262304,0.999996,N,G2310A,-0.41,T
523,ENST00000423118,ENSP00000399501,0.999996,N,G2310A,-0.41,T
524,ENST00000262304,ENSP00000262304,1,N,A1809V,1.35,T
524,ENST00000423118,ENSP00000399501,1,N,A1809V,1.35,T
525,ENST00000262304,ENSP00000262304,0.989499,N,D1709N,1.55,T
525,ENST00000423118,ENSP00000399501,0.989499,N,D1709N,1.55,T
526,ENST00000262304,ENSP00000262304,0.99511,N,A1358S,0.25,T
526,ENST00000423118,ENSP00000399501,0.99511,N,A1358S,0.25,T
527,ENST00000262304,ENSP00000262304,1,N,M1219L,1.46,T
527,ENST00000423118,ENSP00000399501,1,N,M1219L,1.47,T
528,ENST00000262304,ENSP00000262304,0.999811,N,R684K,1.48,T
528,ENST00000423118,ENSP00000399501,0.999811,N,R684K,1.48,T
529,ENST00000262304,ENSP00000262304,1,N,G347E,-0.22,T
529,ENST00000423118,ENSP00000399501,1,N,G347E,-0.22,T
530,ENST00000262304,ENSP00000262304,1,N,S246A,0.58,T
530,ENST00000423118,ENSP00000399501,1,N,S246A,0.58,T
531,ENST00000262304,ENSP00000262304,0.876814,D,L3417H,0.96,T
531,ENST00000423118,ENSP00000399501,0.876814,D,L3418H,0.94,T
532,ENST00000262304,ENSP00000262304,0.998811,D,L3365Q,1.0,T
532,ENST00000423118,ENSP00000399501,0.998811,D,L3365Q,0.99,T
533,ENST00000262304,ENSP00000262304,0.999926,D,G3925E,-0.86,T
533,ENST00000423118,ENSP00000399501,0.999926,D,G3926E,-0.86,T
534,ENST00000262304,ENSP00000262304,1,N,F3383I,1.35,T
534,ENST00000423118,ENSP00000399501,1,N,F3383I,1.34,T
535,ENST00000262304,ENSP00000262304,0.999972,D,Q2558L,-0.48,T
535,ENST00000423118,ENSP00000399501,0.999972,D,Q2558L,-0.48,T
536,ENST00000262304,ENSP00000262304,0.982575,D,D3377Y,1.16,T
536,ENST00000423118,ENSP00000399501,0.982575,D,D3377Y,1.18,T
537,ENST00000262304,ENSP00000262304,0.979003,D,L1572Q,0.04,T
537,ENST00000423118,ENSP00000399501,0.979003,D,L1572Q,0.04,T
538,ENST00000262304,ENSP00000262304,0.999814,N,C4066Y,1.29,T
538,ENST00000423118,ENSP00000399501,0.999814,N,C4065Y,1.29,T
539,ENST00000262304,ENSP00000262304,0.999895,D,Y3819S,-1.56,D
539,ENST00000423118,ENSP00000399501,0.999895,D,Y3818S,-1.56,D
540,ENST00000262304,ENSP00000262304,0.967894,D,S4191A,0.91,T
540,ENST00000423118,ENSP00000399501,0.967894,D,S4190A,0.91,T
541,ENST00000262304,ENSP00000262304,0.67393,N,K3397T,1.19,T
541,ENST00000423118,ENSP00000399501,0.67393,N,K3396T,1.16,T
542,ENST00000262304,ENSP00000262304,0.995785,D,K3260N,1.3,T
542,ENST00000423118,ENSP00000399501,0.995785,D,K3260N,1.3,T
543,ENST00000262304,ENSP00000262304,0.591801,N,P3412A,1.36,T
543,ENST00000423118,ENSP00000399501,0.591801,N,P3411A,1.36,T
544,ENST00000262304,ENSP00000262304,0.999938,D,A2375P,-0.52,T
544,ENST00000423118,ENSP00000399501,0.999938,D,A2375P,-0.52,T
545,ENST00000262304,ENSP00000262304,0.999986,D,K972T,-0.27,T
545,ENST00000423118,ENSP00000399501,0.999986,D,K972T,-0.27,T
546,ENST00000262304,ENSP00000262304,0.979169,D,K3607Q,-0.44,T
546,ENST00000423118,ENSP00000399501,0.979169,D,K3606Q,-0.44,T
547,ENST00000262304,ENSP00000262304,1,N,A4255V,1.28,T
547,ENST00000423118,ENSP00000399501,1,N,A4256V,1.27,T
548,ENST00000262304,ENSP00000262304,0.993627,D,P2940A,-1.18,T
548,ENST00000423118,ENSP00000399501,0.993627,D,P2940A,-1.18,T
549,ENST00000262304,ENSP00000262304,0.595166,D,S3857R,-0.56,T
549,ENST00000423118,ENSP00000399501,0.595166,D,S3858R,-0.56,T
550,ENST00000262304,ENSP00000262304,0.999981,D,R3255H,1.15,T
550,ENST00000423118,ENSP00000399501,0.999981,D,R3255H,1.15,T
551,ENST00000262304,ENSP00000262304,1,D,G2403V,-0.31,T
551,ENST00000423118,ENSP00000399501,1,D,G2403V,-0.31,T
552,ENST00000262304,ENSP00000262304,0.999998,D,R1602S,0.27,T
552,ENST00000423118,ENSP00000399501,0.999998,D,R1602S,0.27,T
553,ENST00000262304,ENSP00000262304,0.875158,N,A920P,1.19,T
553,ENST00000423118,ENSP00000399501,0.875158,N,A920P,1.19,T
554,ENST00000262304,ENSP00000262304,0.993833,N,T3718P,-0.57,T
554,ENST00000423118,ENSP00000399501,0.993833,N,T3717P,-0.57,T
555,ENST00000262304,ENSP00000262304,0.791547,D,L3401R,1.24,T
555,ENST00000423118,ENSP00000399501,0.791547,D,L3402R,1.21,T
556,ENST00000262304,ENSP00000262304,0.997743,N,P1941R,0.21,T
556,ENST00000423118,ENSP00000399501,0.997743,N,P1941R,0.21,T
557,ENST00000262304,ENSP00000262304,0.767191,N,A4277P,1.12,T
557,ENST00000423118,ENSP00000399501,0.767191,N,A4276P,1.12,T
558,ENST00000262304,ENSP00000262304,0.654724,D,H3622Q,1.37,T
558,ENST00000423118,ENSP00000399501,0.654724,D,H3623Q,1.37,T
559,ENST00000262304,ENSP00000262304,0.99853,N,Q164H,1.2,T
559,ENST00000423118,ENSP00000399501,0.99853,N,Q164H,1.2,T
560,ENST00000262304,ENSP00000262304,0.999998,D,A2918T,-0.72,T
560,ENST00000423118,ENSP00000399501,0.999998,D,A2918T,-0.72,T
561,ENST00000262304,ENSP00000262304,0.894486,N,R462S,2.3,T
561,ENST00000423118,ENSP00000399501,0.894486,N,R462S,2.3,T
562,ENST00000262304,ENSP00000262304,1,D,C492R,2.36,T
562,ENST00000423118,ENSP00000399501,1,D,C492R,2.36,T
563,ENST00000262304,ENSP00000262304,0.757419,D,F1075Y,1.24,T
563,ENST00000423118,ENSP00000399501,0.757419,D,F1075Y,1.24,T
564,ENST00000262304,ENSP00000262304,0.999973,D,E2335V,-0.69,T
564,ENST00000423118,ENSP00000399501,0.999973,D,E2335V,-0.69,T
565,ENST00000262304,ENSP00000262304,1,N,S1679G,0.11,T
565,ENST00000423118,ENSP00000399501,1,N,S1679G,0.11,T
566,ENST00000262304,ENSP00000262304,0.999051,D,T2352I,-0.71,T
566,ENST00000423118,ENSP00000399501,0.999051,D,T2352I,-0.71,T
567,ENST00000262304,ENSP00000262304,0.999993,D,K2786M,1.12,T
567,ENST00000423118,ENSP00000399501,0.999993,D,K2786M,1.12,T
568,ENST00000262304,ENSP00000262304,0.968503,D,S4185T,0.87,T
568,ENST00000423118,ENSP00000399501,0.968503,D,S4184T,0.87,T
569,ENST00000262304,ENSP00000262304,0.995872,N,S458P,2.13,T
569,ENST00000423118,ENSP00000399501,0.995872,N,S458P,2.13,T
570,ENST00000262304,ENSP00000262304,0.995794,D,V2143A,-1.34,T
570,ENST00000423118,ENSP00000399501,0.995794,D,V2143A,-1.34,T
571,ENST00000262304,ENSP00000262304,1,D,C2300Y,-1.04,T
571,ENST00000423118,ENSP00000399501,1,D,C2300Y,-1.04,T
572,ENST00000262304,ENSP00000262304,0.985794,N,G417W,1.89,T
572,ENST00000423118,ENSP00000399501,0.985794,N,G417W,1.89,T
573,ENST00000262304,ENSP00000262304,1,N,F1862L,-0.53,T
573,ENST00000423118,ENSP00000399501,1,N,F1862L,-0.53,T
574,ENST00000262304,ENSP00000262304,0.681868,N,P648T,1.24,T
574,ENST00000423118,ENSP00000399501,0.681868,N,P648T,1.24,T
575,ENST00000262304,ENSP00000262304,0.9937,N,V1260A,-0.35,T
575,ENST00000423118,ENSP00000399501,0.9937,N,V1260A,-0.35,T
576,ENST00000262304,ENSP00000262304,1,N,N1880I,-0.27,T
576,ENST00000423118,ENSP00000399501,1,N,N1880I,-0.27,T
577,ENST00000262304,ENSP00000262304,0.999861,N,L4269P,0.96,T
577,ENST00000423118,ENSP00000399501,0.999861,N,L4270P,0.96,T
578,ENST00000262304,ENSP00000262304,0.999934,D,E3389K,1.29,T
578,ENST00000423118,ENSP00000399501,0.999147,D,E3389K,1.19,T
579,ENST00000262304,ENSP00000262304,0.742651,N,S4078T,-0.53,T
579,ENST00000423118,ENSP00000399501,0.742651,N,S4079T,-0.53,T
580,ENST00000262304,ENSP00000262304,0.747491,N,R2392C,-0.47,T
580,ENST00000423118,ENSP00000399501,0.747491,N,R2392C,-0.47,T
581,ENST00000262304,ENSP00000262304,0.999988,N,V3062L,1.13,T
581,ENST00000423118,ENSP00000399501,0.999988,N,V3062L,1.13,T
582,ENST00000262304,ENSP00000262304,0.766722,N,P602A,1.37,T
582,ENST00000423118,ENSP00000399501,0.766722,N,P602A,1.37,T
583,ENST00000262304,ENSP00000262304,0.999936,D,I2762T,1.13,T
583,ENST00000423118,ENSP00000399501,0.999936,D,I2762T,1.13,T
584,ENST00000262304,ENSP00000262304,0.999997,N,N1791K,0.09,T
584,ENST00000423118,ENSP00000399501,0.999997,N,N1791K,0.09,T
585,ENST00000262304,ENSP00000262304,0.999998,N,Q3982L,-0.55,T
585,ENST00000423118,ENSP00000399501,0.999998,N,Q3981L,-0.55,T
586,ENST00000262304,ENSP00000262304,0.64582,N,E2869D,-0.71,T
586,ENST00000423118,ENSP00000399501,0.64582,N,E2869D,-0.71,T
587,ENST00000262304,ENSP00000262304,1,N,S1121T,-0.14,T
587,ENST00000423118,ENSP00000399501,1,N,S1121T,-0.14,T
588,ENST00000262304,ENSP00000262304,0.984011,D,Y3797S,-0.99,T
588,ENST00000423118,ENSP00000399501,0.984011,D,Y3796S,-0.99,T
589,ENST00000262304,ENSP00000262304,0.670251,N,W3938G,-0.43,T
589,ENST00000423118,ENSP00000399501,0.535839,N,W3939G,-0.43,T
590,ENST00000262304,ENSP00000262304,0.589673,D,E119Q,0.31,T
590,ENST00000423118,ENSP00000399501,0.589673,D,E119Q,0.31,T
591,ENST00000262304,ENSP00000262304,1,N,P2744S,1.37,T
591,ENST00000423118,ENSP00000399501,1,N,P2744S,1.37,T
592,ENST00000262304,ENSP00000262304,0.994384,N,R2408G,-0.42,T
592,ENST00000423118,ENSP00000399501,0.994384,N,R2408G,-0.42,T
593,ENST00000262304,ENSP00000262304,0.999606,N,L3515M,1.19,T
593,ENST00000423118,ENSP00000399501,0.999606,N,L3516M,1.19,T
594,ENST00000262304,ENSP00000262304,1,N,T1773A,0.2,T
594,ENST00000423118,ENSP00000399501,1,N,T1773A,0.2,T
595,ENST00000262304,ENSP00000262304,0.999987,D,D3779V,-1.22,T
595,ENST00000423118,ENSP00000399501,0.999987,D,D3780V,-1.22,T
596,ENST00000262304,ENSP00000262304,0.993528,N,K2875N,-1.03,T
596,ENST00000423118,ENSP00000399501,0.993528,N,K2875N,-1.03,T
597,ENST00000262304,ENSP00000262304,1,N,S1128P,-0.31,T
597,ENST00000423118,ENSP00000399501,1,N,S1128P,-0.31,T
598,ENST00000262304,ENSP00000262304,1,N,Q2969L,1.33,T
598,ENST00000423118,ENSP00000399501,1,N,Q2969L,1.33,T
599,ENST00000262304,ENSP00000262304,1,N,S1684L,-0.03,T
599,ENST00000423118,ENSP00000399501,1,N,S1684L,-0.03,T
600,ENST00000262304,ENSP00000262304,0.997456,N,Q1483E,0.24,T
600,ENST00000423118,ENSP00000399501,0.997456,N,Q1483E,0.24,T
601,ENST00000262304,ENSP00000262304,1,N,E1388Q,1.23,T
601,ENST00000423118,ENSP00000399501,1,N,E1388Q,1.23,T
602,ENST00000262304,ENSP00000262304,0.769069,D,F3392I,1.26,T
602,ENST00000423118,ENSP00000399501,0.597577,D,F3391I,1.24,T
603,ENST00000262304,ENSP00000262304,1,N,A830P,1.28,T
603,ENST00000423118,ENSP00000399501,1,N,A830P,1.28,T
604,ENST00000262304,ENSP00000262304,1,N,G55A,1.15,T
604,ENST00000423118,ENSP00000399501,1,N,G55A,1.15,T
605,ENST00000262304,ENSP00000262304,0.999993,N,S1815I,0.06,T
605,ENST00000423118,ENSP00000399501,0.999993,N,S1815I,0.06,T
606,ENST00000262304,ENSP00000262304,0.8987,N,V3751L,-0.71,T
606,ENST00000423118,ENSP00000399501,0.8987,N,V3752L,-0.71,T
607,ENST00000262304,ENSP00000262304,0.961425,N,R2477G,-0.44,T
607,ENST00000423118,ENSP00000399501,0.961425,N,R2477G,-0.44,T
608,ENST00000262304,ENSP00000262304,0.81983,N,S3002A,1.33,T
608,ENST00000423118,ENSP00000399501,0.81983,N,S3002A,1.33,T
609,ENST00000262304,ENSP00000262304,0.974459,D,W3808R,-0.67,T
609,ENST00000423118,ENSP00000399501,0.974459,D,W3807R,-0.67,T
610,ENST00000262304,ENSP00000262304,1,N,D2930G,-0.5,T
610,ENST00000423118,ENSP00000399501,1,N,D2930G,-0.5,T
611,ENST00000262304,ENSP00000262304,0.999939,N,E2328D,-0.43,T
611,ENST00000423118,ENSP00000399501,0.999939,N,E2328D,-0.43,T
612,ENST00000262304,ENSP00000262304,0.999998,N,P786L,1.51,T
612,ENST00000423118,ENSP00000399501,0.999998,N,P786L,1.51,T
613,ENST00000262304,ENSP00000262304,0.659832,D,T1524S,0.07,T
613,ENST00000423118,ENSP00000399501,0.659832,D,T1524S,0.07,T
614,ENST00000262304,ENSP00000262304,0.971716,D,I2697V,1.25,T
614,ENST00000423118,ENSP00000399501,0.971716,D,I2697V,1.25,T
615,ENST00000262304,ENSP00000262304,1,N,P3970A,-0.48,T
615,ENST00000423118,ENSP00000399501,1,N,P3971A,-0.48,T
616,ENST00000262304,ENSP00000262304,1,N,A69T,-2.59,D
616,ENST00000423118,ENSP00000399501,1,N,A69T,-2.59,D
617,ENST00000262304,ENSP00000262304,0.999962,N,E1761V,0.31,T
617,ENST00000423118,ENSP00000399501,0.999962,N,E1761V,0.31,T
618,ENST00000262304,ENSP00000262304,0.991014,D,P2156A,1.25,T
618,ENST00000423118,ENSP00000399501,0.991014,D,P2156A,1.25,T
619,ENST00000262304,ENSP00000262304,0.991332,N,A2640G,1.26,T
619,ENST00000423118,ENSP00000399501,0.991332,N,A2640G,1.26,T
620,ENST00000262304,ENSP00000262304,1,N,N854K,1.36,T
620,ENST00000423118,ENSP00000399501,1,N,N854K,1.36,T
621,ENST00000262304,ENSP00000262304,1,N,D1310H,0.15,T
621,ENST00000423118,ENSP00000399501,1,N,D1310H,0.15,T
622,ENST00000262304,ENSP00000262304,0.905911,N,T1649S,0.1,T
622,ENST00000423118,ENSP00000399501,0.905911,N,T1649S,0.1,T
623,ENST00000262304,ENSP00000262304,0.999633,N,S867G,1.21,T
623,ENST00000423118,ENSP00000399501,0.999633,N,S867G,1.21,T
624,ENST00000262304,ENSP00000262304,0.912712,D,I2646V,1.02,T
624,ENST00000423118,ENSP00000399501,0.912712,D,I2646V,1.02,T
625,ENST00000262304,ENSP00000262304,0.998759,D,A989P,0.29,T
625,ENST00000423118,ENSP00000399501,0.998759,D,A989P,0.29,T
626,ENST00000262304,ENSP00000262304,0.9915,D,E3020A,-0.6,T
626,ENST00000423118,ENSP00000399501,0.9915,D,E3020A,-0.6,T
627,ENST00000262304,ENSP00000262304,1,N,L636V,1.37,T
627,ENST00000423118,ENSP00000399501,1,N,L636V,1.37,T
628,ENST00000262304,ENSP00000262304,0.948108,D,V1231I,0.11,T
628,ENST00000423118,ENSP00000399501,0.948108,D,V1231I,0.11,T
629,ENST00000262304,ENSP00000262304,0.999985,N,S2113F,0.07,T
629,ENST00000423118,ENSP00000399501,0.999985,N,S2113F,0.07,T
630,ENST00000262304,ENSP00000262304,1,N,A1620T,0.04,T
630,ENST00000423118,ENSP00000399501,1,N,A1620T,0.04,T
631,ENST00000262304,ENSP00000262304,0.977986,N,L3617V,1.01,T
631,ENST00000423118,ENSP00000399501,0.977986,N,L3616V,1.01,T
632,ENST00000262304,ENSP00000262304,1,N,P1982L,0.33,T
632,ENST00000423118,ENSP00000399501,1,N,P1982L,0.33,T
633,ENST00000262304,ENSP00000262304,0.99002,D,D2119E,0.3,T
633,ENST00000423118,ENSP00000399501,0.99002,D,D2119E,0.3,T
634,ENST00000262304,ENSP00000262304,0.999988,N,E2810D,1.34,T
634,ENST00000423118,ENSP00000399501,0.999988,N,E2810D,1.34,T
635,ENST00000262304,ENSP00000262304,1,N,A3552T,1.36,T
635,ENST00000423118,ENSP00000399501,1,N,A3551T,1.36,T
636,ENST00000262304,ENSP00000262304,1,N,T4029S,-0.55,T
636,ENST00000423118,ENSP00000399501,1,N,T4030S,-0.55,T
637,ENST00000262304,ENSP00000262304,1,N,S1254A,0.1,T
637,ENST00000423118,ENSP00000399501,1,N,S1254A,0.1,T
638,ENST00000262304,ENSP00000262304,0.999998,N,A3534T,1.24,T
638,ENST00000423118,ENSP00000399501,0.999998,N,A3533T,1.24,T
639,ENST00000262304,ENSP00000262304,0.972022,N,N1541T,-0.08,T
639,ENST00000423118,ENSP00000399501,0.972022,N,N1541T,-0.08,T
640,ENST00000262304,ENSP00000262304,1,N,S1536R,0.08,T
640,ENST00000423118,ENSP00000399501,1,N,S1536R,0.08,T
641,ENST00000262304,ENSP00000262304,0.975022,N,E624D,1.28,T
641,ENST00000423118,ENSP00000399501,0.975022,N,E624D,1.28,T
642,ENST00000262304,ENSP00000262304,1,N,V896A,1.21,T
642,ENST00000423118,ENSP00000399501,1,N,V896A,1.21,T
643,ENST00000262304,ENSP00000262304,0.993442,D,P3038A,-0.25,T
643,ENST00000423118,ENSP00000399501,0.993442,D,P3038A,-0.25,T
644,ENST00000262304,ENSP00000262304,0.637588,N,F2043L,0.16,T
644,ENST00000423118,ENSP00000399501,0.637588,N,F2043L,0.16,T
645,ENST00000262304,ENSP00000262304,0.993709,N,W1893G,0.2,T
645,ENST00000423118,ENSP00000399501,0.993709,N,W1893G,0.2,T
646,ENST00000262304,ENSP00000262304,1,N,S3482T,1.31,T
646,ENST00000423118,ENSP00000399501,1,N,S3481T,1.32,T
647,ENST00000262304,ENSP00000262304,0.999922,N,L1631F,-0.39,T
647,ENST00000423118,ENSP00000399501,0.999922,N,L1631F,-0.39,T
648,ENST00000262304,ENSP00000262304,0.961731,N,E2037D,0.24,T
648,ENST00000423118,ENSP00000399501,0.961731,N,E2037D,0.24,T
649,ENST00000262304,ENSP00000262304,0.997943,N,K2685N,1.21,T
649,ENST00000423118,ENSP00000399501,0.997943,N,K2685N,1.21,T
650,ENST00000262304,ENSP00000262304,1,N,P642A,1.45,T
650,ENST00000423118,ENSP00000399501,1,N,P642A,1.45,T
651,ENST00000262304,ENSP00000262304,0.796109,N,Y2007H,0.15,T
651,ENST00000423118,ENSP00000399501,0.796109,N,Y2007H,0.15,T
652,ENST00000262304,ENSP00000262304,1,N,R4249S,1.2,T
652,ENST00000423118,ENSP00000399501,1,N,R4250S,1.2,T
653,ENST00000262304,ENSP00000262304,0.994496,D,C3084S,1.29,T
653,ENST00000423118,ENSP00000399501,0.994496,D,C3084S,1.29,T
654,ENST00000262304,ENSP00000262304,0.677782,D,R2162Q,1.3,T
654,ENST00000423118,ENSP00000399501,0.677782,D,R2162Q,1.3,T
655,ENST00000262304,ENSP00000262304,0.539229,D,T2703A,1.35,T
655,ENST00000423118,ENSP00000399501,0.539229,D,T2703A,1.35,T
656,ENST00000262304,ENSP00000262304,0.999691,N,W516R,2.3,T
656,ENST00000423118,ENSP00000399501,0.999691,N,W516R,2.3,T
657,ENST00000262304,ENSP00000262304,0.999994,N,V1947A,0.18,T
657,ENST00000423118,ENSP00000399501,0.999994,N,V1947A,0.18,T
658,ENST00000262304,ENSP00000262304,1,N,E411V,2.41,T
658,ENST00000423118,ENSP00000399501,1,N,E411V,2.41,T
659,ENST00000262304,ENSP00000262304,0.999999,N,N1834D,0.1,T
659,ENST00000423118,ENSP00000399501,0.999999,N,N1834D,0.1,T
660,ENST00000262304,ENSP00000262304,1,N,S4262Y,1.23,T
660,ENST00000423118,ENSP00000399501,1,N,S4263Y,1.23,T
661,ENST00000262304,ENSP00000262304,1,N,H3768Q,-0.4,T
661,ENST00000423118,ENSP00000399501,1,N,H3767Q,-0.4,T
662,ENST00000262304,ENSP00000262304,1,N,A2504D,1.39,T
662,ENST00000423118,ENSP00000399501,1,N,A2504D,1.39,T
663,ENST00000262304,ENSP00000262304,0.622276,N,S689F,1.17,T
663,ENST00000423118,ENSP00000399501,0.622276,N,S689F,1.17,T
664,ENST00000262304,ENSP00000262304,0.999954,N,W18S,1.31,T
664,ENST00000423118,ENSP00000399501,0.999954,N,W18S,1.31,T
665,ENST00000262304,ENSP00000262304,0.999727,N,E2056Q,-0.34,T
665,ENST00000423118,ENSP00000399501,0.999727,N,E2056Q,-0.34,T
666,ENST00000262304,ENSP00000262304,0.790922,N,V2031E,0.32,T
666,ENST00000423118,ENSP00000399501,0.790922,N,V2031E,0.32,T
667,ENST00000262304,ENSP00000262304,1,N,A2799T,1.34,T
667,ENST00000423118,ENSP00000399501,1,N,A2799T,1.34,T
668,ENST00000262304,ENSP00000262304,0.91371,N,P1495R,-0.07,T
668,ENST00000423118,ENSP00000399501,0.91371,N,P1495R,-0.07,T
669,ENST00000262304,ENSP00000262304,0.999656,N,K102R,0.34,T
669,ENST00000423118,ENSP00000399501,0.999656,N,K102R,0.34,T
670,ENST00000262304,ENSP00000262304,1,N,R1672T,1.43,T
670,ENST00000423118,ENSP00000399501,1,N,R1672T,1.43,T
671,ENST00000262304,ENSP00000262304,0.997139,N,S1726T,0.04,T
671,ENST00000423118,ENSP00000399501,0.997139,N,S1726T,0.04,T
672,ENST00000262304,ENSP00000262304,1,N,S730A,1.37,T
672,ENST00000423118,ENSP00000399501,1,N,S730A,1.37,T
673,ENST00000262304,ENSP00000262304,1,N,Y1147S,0.4,T
673,ENST00000423118,ENSP00000399501,1,N,Y1147S,0.4,T
674,ENST00000262304,ENSP00000262304,1,N,L3564V,1.16,T
674,ENST00000423118,ENSP00000399501,1,N,L3563V,1.16,T
675,ENST00000262304,ENSP00000262304,1,N,R1213S,1.41,T
675,ENST00000423118,ENSP00000399501,1,N,R1213S,1.41,T
676,ENST00000262304,ENSP00000262304,1,N,P2108T,-0.04,T
676,ENST00000423118,ENSP00000399501,1,N,P2108T,-0.04,T
677,ENST00000262304,ENSP00000262304,1,N,A1035S,0.16,T
677,ENST00000423118,ENSP00000399501,1,N,A1035S,0.16,T
678,ENST00000262304,ENSP00000262304,0.999969,N,E2049V,0.24,T
678,ENST00000423118,ENSP00000399501,0.999969,N,E2049V,0.24,T
679,ENST00000262304,ENSP00000262304,1,N,T3921A,-0.42,T
679,ENST00000423118,ENSP00000399501,1,N,T3920A,-0.42,T
680,ENST00000262304,ENSP00000262304,0.994088,D,P955A,0.79,T
680,ENST00000423118,ENSP00000399501,0.994088,D,P955A,0.79,T
681,ENST00000262304,ENSP00000262304,1,N,D3072A,1.39,T
681,ENST00000423118,ENSP00000399501,1,N,D3072A,1.39,T
682,ENST00000262304,ENSP00000262304,1,N,A1201S,0.22,T
682,ENST00000423118,ENSP00000399501,1,N,A1201S,0.22,T
