GENE_ID,TRANSCRIPT,TRANSCRIPT CHANGE,PROTEIN CHANGE,AA_POS,AA_CHANGE,MUTATION,ALLELE COUNT,ALLELE FREQUENCY
MAPT,ENST00000262410,ENST00000262410.5:c.13C>T,ENSP00000262410.5:p.Arg5Cys,5,R/C,R5C,2,1.647e-05
MAPT,ENST00000262410,ENST00000262410.5:c.14G>A,ENSP00000262410.5:p.Arg5His,5,R/H,R5H,7,5.765e-05
MAPT,ENST00000262410,ENST00000262410.5:c.25G>A,ENSP00000262410.5:p.Glu9Lys,9,E/K,E9K,3,2.471e-05
MAPT,ENST00000262410,ENST00000262410.5:c.37G>A,ENSP00000262410.5:p.Asp13Asn,13,D/N,D13N,1,8.236e-06
MAPT,ENST00000262410,ENST00000262410.5:c.43G>A,ENSP00000262410.5:p.Ala15Thr,15,A/T,A15T,1,8.236e-06
MAPT,ENST00000262410,ENST00000262410.5:c.47G>T,ENSP00000262410.5:p.Gly16Val,16,G/V,G16V,1,8.236e-06
MAPT,ENST00000262410,ENST00000262410.5:c.49A>T,ENSP00000262410.5:p.Thr17Ser,17,T/S,T17S,1,8.236e-06
MAPT,ENST00000262410,ENST00000262410.5:c.50C>T,ENSP00000262410.5:p.Thr17Met,17,T/M,T17M,26,0.0002141
MAPT,ENST00000262410,ENST00000262410.5:c.55G>A,ENSP00000262410.5:p.Gly19Arg,19,G/R,G19R,4,3.295e-05
MAPT,ENST00000262410,ENST00000262410.5:c.62G>T,ENSP00000262410.5:p.Gly21Val,21,G/V,G21V,3,2.471e-05
MAPT,ENST00000262410,ENST00000262410.5:c.64G>A,ENSP00000262410.5:p.Asp22Asn,22,D/N,D22N,2,1.647e-05
MAPT,ENST00000262410,ENST00000262410.5:c.80G>A,ENSP00000262410.5:p.Gly27Glu,27,G/E,G27E,9,7.413e-05
MAPT,ENST00000262410,ENST00000262410.5:c.82G>A,ENSP00000262410.5:p.Gly28Ser,28,G/S,G28S,1,8.236e-06
MAPT,ENST00000262410,ENST00000262410.5:c.88A>G,ENSP00000262410.5:p.Thr30Ala,30,T/A,T30A,8,6.589e-05
MAPT,ENST00000262410,ENST00000262410.5:c.89C>T,ENSP00000262410.5:p.Thr30Ile,30,T/I,T30I,12,9.884e-05
MAPT,ENST00000262410,ENST00000262410.5:c.108G>T,ENSP00000262410.5:p.Glu36Asp,36,E/D,E36D,3,2.471e-05
MAPT,ENST00000262410,ENST00000262410.5:c.116C>T,ENSP00000262410.5:p.Thr39Met,39,T/M,T39M,3,2.471e-05
MAPT,ENST00000262410,ENST00000262410.5:c.121G>A,ENSP00000262410.5:p.Ala41Thr,41,A/T,A41T,6,4.942e-05
MAPT,ENST00000262410,ENST00000262410.5:c.134A>T,ENSP00000262410.5:p.Glu45Val,45,E/V,E45V,4,3.295e-05
MAPT,ENST00000262410,ENST00000262410.5:c.139C>T,ENSP00000262410.5:p.Pro47Ser,47,P/S,P47S,1,8.236e-06
MAPT,ENST00000262410,ENST00000262410.5:c.142C>G,ENSP00000262410.5:p.Leu48Val,48,L/V,L48V,1,8.236e-06
MAPT,ENST00000262410,ENST00000262410.5:c.154A>G,ENSP00000262410.5:p.Thr52Ala,52,T/A,T52A,1,8.236e-06
MAPT,ENST00000262410,ENST00000262410.5:c.176C>T,ENSP00000262410.5:p.Pro59Leu,59,P/L,P59L,28,0.0002306
MAPT,ENST00000262410,ENST00000262410.5:c.179G>T,ENSP00000262410.5:p.Gly60Val,60,G/V,G60V,1,8.236e-06
MAPT,ENST00000262410,ENST00000262410.5:c.200A>G,ENSP00000262410.5:p.Lys67Arg,67,K/R,K67R,1,8.236e-06
MAPT,ENST00000262410,ENST00000262410.5:c.205A>G,ENSP00000262410.5:p.Thr69Ala,69,T/A,T69A,2,1.647e-05
MAPT,ENST00000262410,ENST00000262410.5:c.212C>G,ENSP00000262410.5:p.Thr71Arg,71,T/R,T71R,1,8.236e-06
MAPT,ENST00000262410,ENST00000262410.5:c.215C>T,ENSP00000262410.5:p.Ala72Val,72,A/V,A72V,1,8.236e-06
MAPT,ENST00000262410,ENST00000262410.5:c.224T>C,ENSP00000262410.5:p.Val75Ala,75,V/A,V75A,1,8.249e-06
MAPT,ENST00000262410,ENST00000262410.5:c.227C>A,ENSP00000262410.5:p.Thr76Lys,76,T/K,T76K,6,4.9489e-05
MAPT,ENST00000262410,ENST00000262410.5:c.227C>T,ENSP00000262410.5:p.Thr76Ile,76,T/I,T76I,6,4.9489e-05
MAPT,ENST00000262410,ENST00000262410.5:c.232C>A,ENSP00000262410.5:p.Pro78Thr,78,P/T,P78T,2,1.6496e-05
MAPT,ENST00000262410,ENST00000262410.5:c.232C>G,ENSP00000262410.5:p.Pro78Ala,78,P/A,P78A,2,1.6496e-05
MAPT,ENST00000262410,ENST00000262410.5:c.244G>A,ENSP00000262410.5:p.Glu82Lys,82,E/K,E82K,1,8.247e-06
MAPT,ENST00000262410,ENST00000262410.5:c.246G>C,ENSP00000262410.5:p.Glu82Asp,82,E/D,E82D,1,8.247e-06
MAPT,ENST00000262410,ENST00000262410.5:c.256G>A,ENSP00000262410.5:p.Gly86Ser,86,G/S,G86S,2,1.65e-05
MAPT,ENST00000262410,ENST00000262410.5:c.269C>T,ENSP00000262410.5:p.Ala90Val,90,A/V,A90V,2,1.65e-05
MAPT,ENST00000262410,ENST00000262410.5:c.271G>A,ENSP00000262410.5:p.Ala91Thr,91,A/T,A91T,3,2.475e-05
MAPT,ENST00000262410,ENST00000262410.5:c.272C>T,ENSP00000262410.5:p.Ala91Val,91,A/V,A91V,8,6.601e-05
MAPT,ENST00000262410,ENST00000262410.5:c.278C>T,ENSP00000262410.5:p.Pro93Leu,93,P/L,P93L,1,8.253e-06
MAPT,ENST00000262410,ENST00000262410.5:c.284C>T,ENSP00000262410.5:p.Thr95Met,95,T/M,T95M,10,8.255e-05
MAPT,ENST00000262410,ENST00000262410.5:c.305C>G,ENSP00000262410.5:p.Thr102Arg,102,T/R,T102R,1,8.27e-06
MAPT,ENST00000262410,ENST00000262410.5:c.311A>C,ENSP00000262410.5:p.Glu104Ala,104,E/A,E104A,1,8.236e-06
MAPT,ENST00000262410,ENST00000262410.5:c.319G>A,ENSP00000262410.5:p.Gly107Ser,107,G/S,G107S,1,8.236e-06
MAPT,ENST00000262410,ENST00000262410.5:c.320G>A,ENSP00000262410.5:p.Gly107Asp,107,G/D,G107D,9,7.413e-05
MAPT,ENST00000262410,ENST00000262410.5:c.320G>T,ENSP00000262410.5:p.Gly107Val,107,G/V,G107V,9,7.413e-05
MAPT,ENST00000262410,ENST00000262410.5:c.348C>A,ENSP00000262410.5:p.Asp116Glu,116,D/E,D116E,3,2.4706e-05
MAPT,ENST00000262410,ENST00000262410.5:c.349G>A,ENSP00000262410.5:p.Glu117Lys,117,E/K,E117K,2,1.647e-05
MAPT,ENST00000262410,ENST00000262410.5:c.353C>G,ENSP00000262410.5:p.Ala118Gly,118,A/G,A118G,8,6.589e-05
MAPT,ENST00000262410,ENST00000262410.5:c.373G>A,ENSP00000262410.5:p.Glu125Lys,125,E/K,E125K,1,8.236e-06
MAPT,ENST00000262410,ENST00000262410.5:c.376C>T,ENSP00000262410.5:p.Pro126Ser,126,P/S,P126S,6,4.944e-05
MAPT,ENST00000262410,ENST00000262410.5:c.394G>A,ENSP00000262410.5:p.Val132Ile,132,V/I,V132I,3,2.472e-05
MAPT,ENST00000262410,ENST00000262410.5:c.404G>T,ENSP00000262410.5:p.Gly135Val,135,G/V,G135V,2,1.648e-05
MAPT,ENST00000262410,ENST00000262410.5:c.410T>C,ENSP00000262410.5:p.Leu137Pro,137,L/P,L137P,3,2.473e-05
MAPT,ENST00000262410,ENST00000262410.5:c.413G>A,ENSP00000262410.5:p.Arg138Gln,138,R/Q,R138Q,2,1.648e-05
MAPT,ENST00000262410,ENST00000262410.5:c.418C>T,ENSP00000262410.5:p.Pro140Ser,140,P/S,P140S,55,0.0004534
MAPT,ENST00000262410,ENST00000262410.5:c.469C>G,ENSP00000262410.5:p.Pro157Ala,157,P/A,P157A,3,2.478e-05
MAPT,ENST00000262410,ENST00000262410.5:c.497C>T,ENSP00000262410.5:p.Ala166Val,166,A/V,A166V,1,8.259e-06
MAPT,ENST00000262410,ENST00000262410.5:c.502C>T,ENSP00000262410.5:p.Arg168Cys,168,R/C,R168C,3,2.478e-05
MAPT,ENST00000262410,ENST00000262410.5:c.529G>A,ENSP00000262410.5:p.Asp177Asn,177,D/N,D177N,1,8.265e-06
MAPT,ENST00000262410,ENST00000262410.5:c.530A>T,ENSP00000262410.5:p.Asp177Val,177,D/V,D177V,13,0.0001074
MAPT,ENST00000262410,ENST00000262410.5:c.541G>A,ENSP00000262410.5:p.Gly181Ser,181,G/S,G181S,1,8.262e-06
MAPT,ENST00000262410,ENST00000262410.5:c.542G>A,ENSP00000262410.5:p.Gly181Asp,181,G/D,G181D,2,1.652e-05
MAPT,ENST00000262410,ENST00000262410.5:c.545G>A,ENSP00000262410.5:p.Arg182His,182,R/H,R182H,1,8.256e-06
MAPT,ENST00000262410,ENST00000262410.5:c.550G>A,ENSP00000262410.5:p.Ala184Thr,184,A/T,A184T,2,1.6506e-05
MAPT,ENST00000262410,ENST00000262410.5:c.550G>T,ENSP00000262410.5:p.Ala184Ser,184,A/S,A184S,2,1.6506e-05
MAPT,ENST00000262410,ENST00000262410.5:c.577C>A,ENSP00000262410.5:p.Leu193Ile,193,L/I,L193I,2,1.65e-05
MAPT,ENST00000262410,ENST00000262410.5:c.584A>G,ENSP00000262410.5:p.Asp195Gly,195,D/G,D195G,1,8.252e-06
MAPT,ENST00000262410,ENST00000262410.5:c.591C>G,ENSP00000262410.5:p.His197Gln,197,H/Q,H197Q,1,8.273e-06
MAPT,ENST00000262410,ENST00000262410.5:c.598G>T,ENSP00000262410.5:p.Gly200Trp,200,G/W,G200W,2,1.656e-05
MAPT,ENST00000262410,ENST00000262410.5:c.599G>C,ENSP00000262410.5:p.Gly200Ala,200,G/A,G200A,4,3.312e-05
MAPT,ENST00000262410,ENST00000262410.5:c.599G>A,ENSP00000262410.5:p.Gly200Glu,200,G/E,G200E,4,3.312e-05
MAPT,ENST00000262410,ENST00000262410.5:c.605C>T,ENSP00000262410.5:p.Pro202Leu,202,P/L,P202L,17431,0.14402484999999998
MAPT,ENST00000262410,ENST00000262410.5:c.605C>A,ENSP00000262410.5:p.Pro202Gln,202,P/Q,P202Q,17431,0.14402484999999998
MAPT,ENST00000262410,ENST00000262410.5:c.608T>C,ENSP00000262410.5:p.Leu203Pro,203,L/P,L203P,1,8.269e-06
MAPT,ENST00000262410,ENST00000262410.5:c.610A>C,ENSP00000262410.5:p.Lys204Gln,204,K/Q,K204Q,1,8.266e-06
MAPT,ENST00000262410,ENST00000262410.5:c.613G>T,ENSP00000262410.5:p.Gly205Trp,205,G/W,G205W,2,1.652e-05
MAPT,ENST00000262410,ENST00000262410.5:c.623G>A,ENSP00000262410.5:p.Gly208Asp,208,G/D,G208D,7,5.771e-05
MAPT,ENST00000262410,ENST00000262410.5:c.626A>G,ENSP00000262410.5:p.Lys209Arg,209,K/R,K209R,1,8.243e-06
MAPT,ENST00000262410,ENST00000262410.5:c.635C>T,ENSP00000262410.5:p.Pro212Leu,212,P/L,P212L,2,1.648e-05
MAPT,ENST00000262410,ENST00000262410.5:c.637G>A,ENSP00000262410.5:p.Gly213Arg,213,G/R,G213R,466,0.003841
MAPT,ENST00000262410,ENST00000262410.5:c.650A>T,ENSP00000262410.5:p.Glu217Val,217,E/V,E217V,1,8.242e-06
MAPT,ENST00000262410,ENST00000262410.5:c.664C>A,ENSP00000262410.5:p.Arg222Ser,222,R/S,R222S,30,0.00024734400000000004
MAPT,ENST00000262410,ENST00000262410.5:c.664C>T,ENSP00000262410.5:p.Arg222Cys,222,R/C,R222C,30,0.00024734400000000004
MAPT,ENST00000262410,ENST00000262410.5:c.667G>A,ENSP00000262410.5:p.Asp223Asn,223,D/N,D223N,5,4.122e-05
MAPT,ENST00000262410,ENST00000262410.5:c.671T>G,ENSP00000262410.5:p.Val224Gly,224,V/G,V224G,269,0.002218
MAPT,ENST00000262410,ENST00000262410.5:c.673G>A,ENSP00000262410.5:p.Asp225Asn,225,D/N,D225N,2,1.649e-05
MAPT,ENST00000262410,ENST00000262410.5:c.683C>T,ENSP00000262410.5:p.Ser228Phe,228,S/F,S228F,2,1.6504e-05
MAPT,ENST00000262410,ENST00000262410.5:c.683C>G,ENSP00000262410.5:p.Ser228Cys,228,S/C,S228C,2,1.6504e-05
MAPT,ENST00000262410,ENST00000262410.5:c.689A>G,ENSP00000262410.5:p.Gln230Arg,230,Q/R,Q230R,4750,0.039
MAPT,ENST00000262410,ENST00000262410.5:c.695C>G,ENSP00000262410.5:p.Ser232Cys,232,S/C,S232C,2,1.652e-05
MAPT,ENST00000262410,ENST00000262410.5:c.695C>T,ENSP00000262410.5:p.Ser232Phe,232,S/F,S232F,2,1.652e-05
MAPT,ENST00000262410,ENST00000262410.5:c.698C>G,ENSP00000262410.5:p.Pro233Arg,233,P/R,P233R,1,8.26e-06
MAPT,ENST00000262410,ENST00000262410.5:c.706A>G,ENSP00000262410.5:p.Lys236Glu,236,K/E,K236E,2,1.653e-05
MAPT,ENST00000262410,ENST00000262410.5:c.709G>A,ENSP00000262410.5:p.Ala237Thr,237,A/T,A237T,2,1.654e-05
MAPT,ENST00000262410,ENST00000262410.5:c.725A>G,ENSP00000262410.5:p.Asp242Gly,242,D/G,D242G,1,8.275e-06
MAPT,ENST00000262410,ENST00000262410.5:c.727G>A,ENSP00000262410.5:p.Gly243Arg,243,G/R,G243R,1,8.274e-06
MAPT,ENST00000262410,ENST00000262410.5:c.730C>T,ENSP00000262410.5:p.Arg244Trp,244,R/W,R244W,2,1.655e-05
MAPT,ENST00000262410,ENST00000262410.5:c.731G>A,ENSP00000262410.5:p.Arg244Gln,244,R/Q,R244Q,4,3.3081000000000004e-05
MAPT,ENST00000262410,ENST00000262410.5:c.731G>T,ENSP00000262410.5:p.Arg244Leu,244,R/L,R244L,4,3.3081000000000004e-05
MAPT,ENST00000262410,ENST00000262410.5:c.742A>C,ENSP00000262410.5:p.Thr248Pro,248,T/P,T248P,1,8.263e-06
MAPT,ENST00000262410,ENST00000262410.5:c.743C>G,ENSP00000262410.5:p.Thr248Arg,248,T/R,T248R,1,8.262e-06
MAPT,ENST00000262410,ENST00000262410.5:c.748G>A,ENSP00000262410.5:p.Ala250Thr,250,A/T,A250T,3,2.477e-05
MAPT,ENST00000262410,ENST00000262410.5:c.769C>G,ENSP00000262410.5:p.Pro257Ala,257,P/A,P257A,1,8.244e-06
MAPT,ENST00000262410,ENST00000262410.5:c.773G>C,ENSP00000262410.5:p.Gly258Ala,258,G/A,G258A,4,3.297e-05
MAPT,ENST00000262410,ENST00000262410.5:c.782C>T,ENSP00000262410.5:p.Ala261Val,261,A/V,A261V,3,2.472e-05
MAPT,ENST00000262410,ENST00000262410.5:c.785A>G,ENSP00000262410.5:p.Glu262Gly,262,E/G,E262G,1,8.238e-06
MAPT,ENST00000262410,ENST00000262410.5:c.796C>A,ENSP00000262410.5:p.Pro266Thr,266,P/T,P266T,1,8.237e-06
MAPT,ENST00000262410,ENST00000262410.5:c.799C>G,ENSP00000262410.5:p.Leu267Val,267,L/V,L267V,1,8.237e-06
MAPT,ENST00000262410,ENST00000262410.5:c.817T>C,ENSP00000262410.5:p.Ser273Pro,273,S/P,S273P,4,3.2946999999999995e-05
MAPT,ENST00000262410,ENST00000262410.5:c.817T>G,ENSP00000262410.5:p.Ser273Ala,273,S/A,S273A,4,3.2946999999999995e-05
MAPT,ENST00000262410,ENST00000262410.5:c.818C>T,ENSP00000262410.5:p.Ser273Phe,273,S/F,S273F,1,8.237e-06
MAPT,ENST00000262410,ENST00000262410.5:c.838C>G,ENSP00000262410.5:p.Pro280Ala,280,P/A,P280A,1,8.236e-06
MAPT,ENST00000262410,ENST00000262410.5:c.845C>T,ENSP00000262410.5:p.Ser282Leu,282,S/L,S282L,24,0.0001977
MAPT,ENST00000262410,ENST00000262410.5:c.853G>A,ENSP00000262410.5:p.Asp285Asn,285,D/N,D285N,17580,0.145
MAPT,ENST00000262410,ENST00000262410.5:c.855C>G,ENSP00000262410.5:p.Asp285Glu,285,D/E,D285E,14849,0.12200823699999999
MAPT,ENST00000262410,ENST00000262410.5:c.856G>A,ENSP00000262410.5:p.Gly286Arg,286,G/R,G286R,1,8.237e-06
MAPT,ENST00000262410,ENST00000262410.5:c.859C>T,ENSP00000262410.5:p.Pro287Ser,287,P/S,P287S,1,8.237e-06
MAPT,ENST00000262410,ENST00000262410.5:c.860C>T,ENSP00000262410.5:p.Pro287Leu,287,P/L,P287L,1,8.237e-06
MAPT,ENST00000262410,ENST00000262410.5:c.866T>C,ENSP00000262410.5:p.Val289Ala,289,V/A,V289A,17579,0.145
MAPT,ENST00000262410,ENST00000262410.5:c.868G>C,ENSP00000262410.5:p.Gly290Arg,290,G/R,G290R,1,8.237e-06
MAPT,ENST00000262410,ENST00000262410.5:c.871C>T,ENSP00000262410.5:p.Arg291Trp,291,R/W,R291W,10,8.237e-05
MAPT,ENST00000262410,ENST00000262410.5:c.877A>G,ENSP00000262410.5:p.Lys293Glu,293,K/E,K293E,1,8.236e-06
MAPT,ENST00000262410,ENST00000262410.5:c.878A>G,ENSP00000262410.5:p.Lys293Arg,293,K/R,K293R,11,9.06e-05
MAPT,ENST00000262410,ENST00000262410.5:c.890C>T,ENSP00000262410.5:p.Ala297Val,297,A/V,A297V,5,4.1187e-05
MAPT,ENST00000262410,ENST00000262410.5:c.890C>G,ENSP00000262410.5:p.Ala297Gly,297,A/G,A297G,5,4.1187e-05
MAPT,ENST00000262410,ENST00000262410.5:c.899A>C,ENSP00000262410.5:p.Glu300Ala,300,E/A,E300A,1,8.236e-06
MAPT,ENST00000262410,ENST00000262410.5:c.905C>T,ENSP00000262410.5:p.Thr302Met,302,T/M,T302M,1,8.236e-06
MAPT,ENST00000262410,ENST00000262410.5:c.907T>C,ENSP00000262410.5:p.Phe303Leu,303,F/L,F303L,1,8.236e-06
MAPT,ENST00000262410,ENST00000262410.5:c.913G>A,ENSP00000262410.5:p.Val305Met,305,V/M,V305M,3,2.471e-05
MAPT,ENST00000262410,ENST00000262410.5:c.914T>G,ENSP00000262410.5:p.Val305Gly,305,V/G,V305G,1,8.236e-06
MAPT,ENST00000262410,ENST00000262410.5:c.917A>C,ENSP00000262410.5:p.Glu306Ala,306,E/A,E306A,1,8.236e-06
MAPT,ENST00000262410,ENST00000262410.5:c.925C>T,ENSP00000262410.5:p.Pro309Ser,309,P/S,P309S,1,8.236e-06
MAPT,ENST00000262410,ENST00000262410.5:c.931G>A,ENSP00000262410.5:p.Val311Met,311,V/M,V311M,4,3.295e-05
MAPT,ENST00000262410,ENST00000262410.5:c.935A>C,ENSP00000262410.5:p.Gln312Pro,312,Q/P,Q312P,1,8.236e-06
MAPT,ENST00000262410,ENST00000262410.5:c.939G>T,ENSP00000262410.5:p.Lys313Asn,313,K/N,K313N,3,2.4706e-05
MAPT,ENST00000262410,ENST00000262410.5:c.946G>A,ENSP00000262410.5:p.Ala316Thr,316,A/T,A316T,1,8.237e-06
MAPT,ENST00000262410,ENST00000262410.5:c.947C>G,ENSP00000262410.5:p.Ala316Gly,316,A/G,A316G,2,1.6474e-05
MAPT,ENST00000262410,ENST00000262410.5:c.947C>T,ENSP00000262410.5:p.Ala316Val,316,A/V,A316V,2,1.6474e-05
MAPT,ENST00000262410,ENST00000262410.5:c.953C>T,ENSP00000262410.5:p.Ser318Leu,318,S/L,S318L,2086,0.01703295
MAPT,ENST00000262410,ENST00000262410.5:c.961C>T,ENSP00000262410.5:p.His321Tyr,321,H/Y,H321Y,3,2.471e-05
MAPT,ENST00000262410,ENST00000262410.5:c.968G>A,ENSP00000262410.5:p.Gly323Glu,323,G/E,G323E,2,1.648e-05
MAPT,ENST00000262410,ENST00000262410.5:c.973G>A,ENSP00000262410.5:p.Ala325Thr,325,A/T,A325T,1,8.243e-06
MAPT,ENST00000262410,ENST00000262410.5:c.976G>A,ENSP00000262410.5:p.Ala326Thr,326,A/T,A326T,1,8.246e-06
MAPT,ENST00000262410,ENST00000262410.5:c.991C>T,ENSP00000262410.5:p.Pro331Ser,331,P/S,P331S,1,8.258e-06
MAPT,ENST00000262410,ENST00000262410.5:c.1001G>A,ENSP00000262410.5:p.Gly334Glu,334,G/E,G334E,7,5.783e-05
MAPT,ENST00000262410,ENST00000262410.5:c.1003C>G,ENSP00000262410.5:p.Pro335Ala,335,P/A,P335A,1,8.264e-06
MAPT,ENST00000262410,ENST00000262410.5:c.1004C>A,ENSP00000262410.5:p.Pro335Gln,335,P/Q,P335Q,1,8.264e-06
MAPT,ENST00000262410,ENST00000262410.5:c.1016G>C,ENSP00000262410.5:p.Gly339Ala,339,G/A,G339A,1,8.26e-06
MAPT,ENST00000262410,ENST00000262410.5:c.1019C>T,ENSP00000262410.5:p.Pro340Leu,340,P/L,P340L,2,1.652e-05
MAPT,ENST00000262410,ENST00000262410.5:c.1036A>G,ENSP00000262410.5:p.Thr346Ala,346,T/A,T346A,2,1.652e-05
MAPT,ENST00000262410,ENST00000262410.5:c.1044G>C,ENSP00000262410.5:p.Glu348Asp,348,E/D,E348D,2,1.6526e-05
MAPT,ENST00000262410,ENST00000262410.5:c.1063T>C,ENSP00000262410.5:p.Ser355Pro,355,S/P,S355P,1,8.27e-06
MAPT,ENST00000262410,ENST00000262410.5:c.1064C>T,ENSP00000262410.5:p.Ser355Phe,355,S/F,S355F,3,2.481e-05
MAPT,ENST00000262410,ENST00000262410.5:c.1064C>G,ENSP00000262410.5:p.Ser355Cys,355,S/C,S355C,3,2.481e-05
MAPT,ENST00000262410,ENST00000262410.5:c.1069A>G,ENSP00000262410.5:p.Lys357Glu,357,K/E,K357E,2,1.654e-05
MAPT,ENST00000262410,ENST00000262410.5:c.1087C>T,ENSP00000262410.5:p.Pro363Ser,363,P/S,P363S,1,8.279e-06
MAPT,ENST00000262410,ENST00000262410.5:c.1088C>T,ENSP00000262410.5:p.Pro363Leu,363,P/L,P363L,1,8.279e-06
MAPT,ENST00000262410,ENST00000262410.5:c.1090C>T,ENSP00000262410.5:p.Arg364Trp,364,R/W,R364W,1,8.279e-06
MAPT,ENST00000262410,ENST00000262410.5:c.1091G>C,ENSP00000262410.5:p.Arg364Pro,364,R/P,R364P,4,3.3108e-05
MAPT,ENST00000262410,ENST00000262410.5:c.1091G>A,ENSP00000262410.5:p.Arg364Gln,364,R/Q,R364Q,4,3.3108e-05
MAPT,ENST00000262410,ENST00000262410.5:c.1094G>A,ENSP00000262410.5:p.Gly365Glu,365,G/E,G365E,3,2.483e-05
MAPT,ENST00000262410,ENST00000262410.5:c.1102G>A,ENSP00000262410.5:p.Val368Ile,368,V/I,V368I,2,1.656e-05
MAPT,ENST00000262410,ENST00000262410.5:c.1108C>T,ENSP00000262410.5:p.Arg370Trp,370,R/W,R370W,17269,0.143
MAPT,ENST00000262410,ENST00000262410.5:c.1109G>A,ENSP00000262410.5:p.Arg370Gln,370,R/Q,R370Q,1,8.28e-06
MAPT,ENST00000262410,ENST00000262410.5:c.1114C>G,ENSP00000262410.5:p.Pro372Ala,372,P/A,P372A,2,1.656e-05
MAPT,ENST00000262410,ENST00000262410.5:c.1118A>C,ENSP00000262410.5:p.Gln373Pro,373,Q/P,Q373P,2,1.656e-05
MAPT,ENST00000262410,ENST00000262410.5:c.1130G>A,ENSP00000262410.5:p.Arg377His,377,R/H,R377H,7,5.765e-05
MAPT,ENST00000262410,ENST00000262410.5:c.1132A>T,ENSP00000262410.5:p.Met378Leu,378,M/L,M378L,1,8.236e-06
MAPT,ENST00000262410,ENST00000262410.5:c.1136T>A,ENSP00000262410.5:p.Val379Asp,379,V/D,V379D,2,1.647e-05
MAPT,ENST00000262410,ENST00000262410.5:c.1139G>A,ENSP00000262410.5:p.Ser380Asn,380,S/N,S380N,40,0.0003295
MAPT,ENST00000262410,ENST00000262410.5:c.1141A>G,ENSP00000262410.5:p.Lys381Glu,381,K/E,K381E,1,8.236e-06
MAPT,ENST00000262410,ENST00000262410.5:c.1153G>A,ENSP00000262410.5:p.Gly385Arg,385,G/R,G385R,4,3.295e-05
MAPT,ENST00000262410,ENST00000262410.5:c.1165G>A,ENSP00000262410.5:p.Asp389Asn,389,D/N,D389N,1,8.237e-06
MAPT,ENST00000262410,ENST00000262410.5:c.1181A>G,ENSP00000262410.5:p.Lys394Arg,394,K/R,K394R,1,8.237e-06
MAPT,ENST00000262410,ENST00000262410.5:c.1184C>T,ENSP00000262410.5:p.Thr395Ile,395,T/I,T395I,2,1.647e-05
MAPT,ENST00000262410,ENST00000262410.5:c.1186T>C,ENSP00000262410.5:p.Ser396Pro,396,S/P,S396P,1,8.236e-06
MAPT,ENST00000262410,ENST00000262410.5:c.1193G>A,ENSP00000262410.5:p.Arg398His,398,R/H,R398H,2,1.647e-05
MAPT,ENST00000262410,ENST00000262410.5:c.1208C>T,ENSP00000262410.5:p.Thr403Ile,403,T/I,T403I,2,1.647e-05
MAPT,ENST00000262410,ENST00000262410.5:c.1214A>G,ENSP00000262410.5:p.Lys405Arg,405,K/R,K405R,1,8.236e-06
MAPT,ENST00000262410,ENST00000262410.5:c.1217A>G,ENSP00000262410.5:p.Asn406Ser,406,N/S,N406S,1,8.236e-06
MAPT,ENST00000262410,ENST00000262410.5:c.1222C>A,ENSP00000262410.5:p.Pro408Thr,408,P/T,P408T,3,2.471e-05
MAPT,ENST00000262410,ENST00000262410.5:c.1228C>T,ENSP00000262410.5:p.Leu410Phe,410,L/F,L410F,16,0.0001318
MAPT,ENST00000262410,ENST00000262410.5:c.1234C>T,ENSP00000262410.5:p.Pro412Ser,412,P/S,P412S,1,8.236e-06
MAPT,ENST00000262410,ENST00000262410.5:c.1246A>G,ENSP00000262410.5:p.Thr416Ala,416,T/A,T416A,1,8.236e-06
MAPT,ENST00000262410,ENST00000262410.5:c.1247C>T,ENSP00000262410.5:p.Thr416Ile,416,T/I,T416I,1,8.236e-06
MAPT,ENST00000262410,ENST00000262410.5:c.1270A>G,ENSP00000262410.5:p.Ile424Val,424,I/V,I424V,1,8.236e-06
MAPT,ENST00000262410,ENST00000262410.5:c.1271T>G,ENSP00000262410.5:p.Ile424Ser,424,I/S,I424S,1,8.236e-06
MAPT,ENST00000262410,ENST00000262410.5:c.1280C>T,ENSP00000262410.5:p.Ser427Phe,427,S/F,S427F,177,0.001458
MAPT,ENST00000262410,ENST00000262410.5:c.1284C>A,ENSP00000262410.5:p.Ser428Arg,428,S/R,S428R,1,8.236e-06
MAPT,ENST00000262410,ENST00000262410.5:c.1291G>A,ENSP00000262410.5:p.Val431Met,431,V/M,V431M,1,8.236e-06
MAPT,ENST00000262410,ENST00000262410.5:c.1297C>T,ENSP00000262410.5:p.Pro433Ser,433,P/S,P433S,1,8.236e-06
MAPT,ENST00000262410,ENST00000262410.5:c.1300G>C,ENSP00000262410.5:p.Glu434Gln,434,E/Q,E434Q,1,8.236e-06
MAPT,ENST00000262410,ENST00000262410.5:c.1310C>T,ENSP00000262410.5:p.Ser437Phe,437,S/F,S437F,1,8.236e-06
MAPT,ENST00000262410,ENST00000262410.5:c.1315C>T,ENSP00000262410.5:p.Pro439Ser,439,P/S,P439S,1,8.236e-06
MAPT,ENST00000262410,ENST00000262410.5:c.1321T>C,ENSP00000262410.5:p.Tyr441His,441,Y/H,Y441H,33402,0.275
MAPT,ENST00000262410,ENST00000262410.5:c.1324G>A,ENSP00000262410.5:p.Val442Ile,442,V/I,V442I,1,8.236e-06
MAPT,ENST00000262410,ENST00000262410.5:c.1339T>C,ENSP00000262410.5:p.Ser447Pro,447,S/P,S447P,17587,0.145
MAPT,ENST00000262410,ENST00000262410.5:c.1343G>A,ENSP00000262410.5:p.Arg448Gln,448,R/Q,R448Q,2,1.647e-05
MAPT,ENST00000262410,ENST00000262410.5:c.1382G>A,ENSP00000262410.5:p.Gly461Glu,461,G/E,G461E,7,5.765e-05
MAPT,ENST00000262410,ENST00000262410.5:c.1403T>C,ENSP00000262410.5:p.Ile468Thr,468,I/T,I468T,96,0.0007907
MAPT,ENST00000262410,ENST00000262410.5:c.1405G>A,ENSP00000262410.5:p.Ala469Thr,469,A/T,A469T,163,0.001342236
MAPT,ENST00000262410,ENST00000262410.5:c.1405G>T,ENSP00000262410.5:p.Ala469Ser,469,A/S,A469S,163,0.001342236
MAPT,ENST00000262410,ENST00000262410.5:c.1414C>T,ENSP00000262410.5:p.Arg472Trp,472,R/W,R472W,7,5.765e-05
MAPT,ENST00000262410,ENST00000262410.5:c.1427C>T,ENSP00000262410.5:p.Pro476Leu,476,P/L,P476L,1,8.236e-06
MAPT,ENST00000262410,ENST00000262410.5:c.1445A>G,ENSP00000262410.5:p.Gln482Arg,482,Q/R,Q482R,4,3.2946e-05
MAPT,ENST00000262410,ENST00000262410.5:c.1445A>C,ENSP00000262410.5:p.Gln482Pro,482,Q/P,Q482P,4,3.2946e-05
MAPT,ENST00000262410,ENST00000262410.5:c.1448C>T,ENSP00000262410.5:p.Ala483Val,483,A/V,A483V,1,8.236e-06
MAPT,ENST00000262410,ENST00000262410.5:c.1451A>G,ENSP00000262410.5:p.Asn484Ser,484,N/S,N484S,3,2.471e-05
MAPT,ENST00000262410,ENST00000262410.5:c.1453G>A,ENSP00000262410.5:p.Ala485Thr,485,A/T,A485T,1,8.236e-06
MAPT,ENST00000262410,ENST00000262410.5:c.1454C>A,ENSP00000262410.5:p.Ala485Asp,485,A/D,A485D,1,8.236e-06
MAPT,ENST00000262410,ENST00000262410.5:c.1460G>A,ENSP00000262410.5:p.Arg487Lys,487,R/K,R487K,1,8.236e-06
MAPT,ENST00000262410,ENST00000262410.5:c.1474A>C,ENSP00000262410.5:p.Thr492Pro,492,T/P,T492P,2,1.647e-05
MAPT,ENST00000262410,ENST00000262410.5:c.1481C>T,ENSP00000262410.5:p.Pro494Leu,494,P/L,P494L,1,8.236e-06
MAPT,ENST00000262410,ENST00000262410.5:c.1483G>A,ENSP00000262410.5:p.Ala495Thr,495,A/T,A495T,511,0.004209
MAPT,ENST00000262410,ENST00000262410.5:c.1507G>A,ENSP00000262410.5:p.Gly503Ser,503,G/S,G503S,1,8.236e-06
MAPT,ENST00000262410,ENST00000262410.5:c.1531C>T,ENSP00000262410.5:p.Arg511Cys,511,R/C,R511C,1,8.272e-06
MAPT,ENST00000262410,ENST00000262410.5:c.1532G>A,ENSP00000262410.5:p.Arg511His,511,R/H,R511H,1,8.277e-06
MAPT,ENST00000262410,ENST00000262410.5:c.1552G>A,ENSP00000262410.5:p.Gly518Ser,518,G/S,G518S,2,1.657e-05
MAPT,ENST00000262410,ENST00000262410.5:c.1561G>A,ENSP00000262410.5:p.Gly521Ser,521,G/S,G521S,1,8.276e-06
MAPT,ENST00000262410,ENST00000262410.5:c.1570G>A,ENSP00000262410.5:p.Gly524Ser,524,G/S,G524S,1,8.265e-06
MAPT,ENST00000262410,ENST00000262410.5:c.1576C>T,ENSP00000262410.5:p.Arg526Cys,526,R/C,R526C,3,2.476e-05
MAPT,ENST00000262410,ENST00000262410.5:c.1577G>A,ENSP00000262410.5:p.Arg526His,526,R/H,R526H,13,0.0001073
MAPT,ENST00000262410,ENST00000262410.5:c.1582C>T,ENSP00000262410.5:p.Arg528Cys,528,R/C,R528C,3,2.474e-05
MAPT,ENST00000262410,ENST00000262410.5:c.1583G>A,ENSP00000262410.5:p.Arg528His,528,R/H,R528H,1,8.246e-06
MAPT,ENST00000262410,ENST00000262410.5:c.1586C>A,ENSP00000262410.5:p.Thr529Asn,529,T/N,T529N,1,8.243e-06
MAPT,ENST00000262410,ENST00000262410.5:c.1601C>T,ENSP00000262410.5:p.Thr534Ile,534,T/I,T534I,3,2.472e-05
MAPT,ENST00000262410,ENST00000262410.5:c.1601C>A,ENSP00000262410.5:p.Thr534Asn,534,T/N,T534N,3,2.472e-05
MAPT,ENST00000262410,ENST00000262410.5:c.1612C>T,ENSP00000262410.5:p.Arg538Trp,538,R/W,R538W,1,8.239e-06
MAPT,ENST00000262410,ENST00000262410.5:c.1613G>A,ENSP00000262410.5:p.Arg538Gln,538,R/Q,R538Q,1,8.239e-06
MAPT,ENST00000262410,ENST00000262410.5:c.1666G>A,ENSP00000262410.5:p.Ala556Thr,556,A/T,A556T,93,0.000766037
MAPT,ENST00000262410,ENST00000262410.5:c.1666G>T,ENSP00000262410.5:p.Ala556Ser,556,A/S,A556S,93,0.000766037
MAPT,ENST00000262410,ENST00000262410.5:c.1672A>G,ENSP00000262410.5:p.Ser558Gly,558,S/G,S558G,1,8.237e-06
MAPT,ENST00000262410,ENST00000262410.5:c.1687G>A,ENSP00000262410.5:p.Ala563Thr,563,A/T,A563T,24,0.0001977
MAPT,ENST00000262410,ENST00000262410.5:c.1693G>A,ENSP00000262410.5:p.Val565Met,565,V/M,V565M,9,7.413e-05
MAPT,ENST00000262410,ENST00000262410.5:c.1693G>C,ENSP00000262410.5:p.Val565Leu,565,V/L,V565L,9,7.413e-05
MAPT,ENST00000262410,ENST00000262410.5:c.1702C>G,ENSP00000262410.5:p.Pro568Ala,568,P/A,P568A,1,8.237e-06
MAPT,ENST00000262410,ENST00000262410.5:c.1717G>A,ENSP00000262410.5:p.Val573Ile,573,V/I,V573I,1,8.237e-06
MAPT,ENST00000262410,ENST00000262410.5:c.1790A>G,ENSP00000262410.5:p.Lys597Arg,597,K/R,K597R,1,8.311e-06
MAPT,ENST00000262410,ENST00000262410.5:c.1810G>A,ENSP00000262410.5:p.Val604Ile,604,V/I,V604I,2,1.656e-05
MAPT,ENST00000262410,ENST00000262410.5:c.1849G>A,ENSP00000262410.5:p.Val617Ile,617,V/I,V617I,22,0.0001833
MAPT,ENST00000262410,ENST00000262410.5:c.1861G>A,ENSP00000262410.5:p.Gly621Ser,621,G/S,G621S,2,1.677e-05
MAPT,ENST00000262410,ENST00000262410.5:c.2005T>C,ENSP00000262410.5:p.Ser669Pro,669,S/P,S669P,2,1.647e-05
MAPT,ENST00000262410,ENST00000262410.5:c.2012T>C,ENSP00000262410.5:p.Ile671Thr,671,I/T,I671T,2,1.6472e-05
MAPT,ENST00000262410,ENST00000262410.5:c.2024A>G,ENSP00000262410.5:p.Asp675Gly,675,D/G,D675G,1,8.236e-06
MAPT,ENST00000262410,ENST00000262410.5:c.2038G>A,ENSP00000262410.5:p.Val680Ile,680,V/I,V680I,2,1.647e-05
MAPT,ENST00000262410,ENST00000262410.5:c.2086C>T,ENSP00000262410.5:p.Arg696Cys,696,R/C,R696C,1,8.236e-06
MAPT,ENST00000262410,ENST00000262410.5:c.2098A>G,ENSP00000262410.5:p.Lys700Glu,700,K/E,K700E,1,8.236e-06
MAPT,ENST00000262410,ENST00000262410.5:c.2104A>G,ENSP00000262410.5:p.Lys702Glu,702,K/E,K702E,1,8.236e-06
MAPT,ENST00000262410,ENST00000262410.5:c.2116G>A,ENSP00000262410.5:p.Gly706Arg,706,G/R,G706R,2,1.647e-05
MAPT,ENST00000262410,ENST00000262410.5:c.2120C>T,ENSP00000262410.5:p.Ala707Val,707,A/V,A707V,1,8.236e-06
MAPT,ENST00000262410,ENST00000262410.5:c.2143G>A,ENSP00000262410.5:p.Val715Met,715,V/M,V715M,1,8.236e-06
MAPT,ENST00000262410,ENST00000262410.5:c.2144T>C,ENSP00000262410.5:p.Val715Ala,715,V/A,V715A,1,8.236e-06
MAPT,ENST00000262410,ENST00000262410.5:c.2167C>T,ENSP00000262410.5:p.Arg723Trp,723,R/W,R723W,1,8.236e-06
MAPT,ENST00000262410,ENST00000262410.5:c.2168G>A,ENSP00000262410.5:p.Arg723Gln,723,R/Q,R723Q,1,8.236e-06
MAPT,ENST00000262410,ENST00000262410.5:c.2179A>C,ENSP00000262410.5:p.Asn727His,727,N/H,N727H,1,8.236e-06
MAPT,ENST00000262410,ENST00000262410.5:c.2189C>T,ENSP00000262410.5:p.Ser730Phe,730,S/F,S730F,1,8.236e-06
MAPT,ENST00000262410,ENST00000262410.5:c.2191A>G,ENSP00000262410.5:p.Thr731Ala,731,T/A,T731A,2,1.647e-05
MAPT,ENST00000262410,ENST00000262410.5:c.2194G>A,ENSP00000262410.5:p.Gly732Ser,732,G/S,G732S,3,2.471e-05
MAPT,ENST00000262410,ENST00000262410.5:c.2203G>A,ENSP00000262410.5:p.Asp735Asn,735,D/N,D735N,2,1.647e-05
MAPT,ENST00000262410,ENST00000262410.5:c.2206A>G,ENSP00000262410.5:p.Met736Val,736,M/V,M736V,1,8.236e-06
MAPT,ENST00000262410,ENST00000262410.5:c.2207T>C,ENSP00000262410.5:p.Met736Thr,736,M/T,M736T,1,8.236e-06
MAPT,ENST00000262410,ENST00000262410.5:c.2221C>A,ENSP00000262410.5:p.Gln741Lys,741,Q/K,Q741K,4,3.295e-05
MAPT,ENST00000262410,ENST00000262410.5:c.2227G>A,ENSP00000262410.5:p.Ala743Thr,743,A/T,A743T,3,2.471e-05
MAPT,ENST00000262410,ENST00000262410.5:c.2231C>T,ENSP00000262410.5:p.Thr744Met,744,T/M,T744M,2,1.647e-05
MAPT,ENST00000262410,ENST00000262410.5:c.2236G>A,ENSP00000262410.5:p.Ala746Thr,746,A/T,A746T,1,8.236e-06
MAPT,ENST00000262410,ENST00000262410.5:c.2242G>A,ENSP00000262410.5:p.Glu748Lys,748,E/K,E748K,1,8.236e-06
MAPT,ENST00000262410,ENST00000262410.5:c.2255C>T,ENSP00000262410.5:p.Ser752Phe,752,S/F,S752F,1,8.236e-06
