AA_POS,AA,a4v,HSA,NHSA,a4vAHS,ConSurf_index
1,M,-0.404,0,0,0,-0.9
2,A,-0.404,0,0,0,-0.813
3,E,-0.404,0,0,0,-0.697
4,P,-0.404,0,0,0,-0.568
5,R,-0.404,0,0,0,-1.053
6,Q,-0.174,0,0,0,-0.881
7,E,-0.385,0,0,0,0.282
8,F,-0.548,0,0,0,-0.737
9,E,-0.514,0,0,0,1.266
10,V,-0.487,0,0,0,0.767
11,M,-0.423,0,0,0,-0.105
12,E,-0.325,0,0,0,-0.101
13,D,-0.091,0,0,0,-1.055
14,H,-0.3,0,0,0,-0.745
15,A,-0.046,0,0,0,-0.755
16,G,-0.239,0,0,0,-0.035
17,T,-0.489,0,0,0,0.821
18,Y,-0.473,0,0,0,-0.242
19,G,-0.391,0,0,0,0.196
20,L,-0.464,0,0,0,0.595
21,G,-0.573,0,0,0,0.644
22,D,-0.573,0,0,0,0.333
23,R,-0.607,0,0,0,-0.388
24,K,-0.607,0,0,0,-0.203
25,D,-0.573,0,0,0,-0.482
26,Q,-0.615,0,0,0,-0.302
27,G,-0.661,0,0,0,-0.159
28,G,-0.606,0,0,0,1.091
29,Y,-0.66,0,0,0,-0.379
30,T,-0.687,0,0,0,-0.363
31,M,-0.649,0,0,0,1.197
32,H,-0.585,0,0,0,-0.029
33,Q,-0.704,0,0,0,0.112
34,D,-0.669,0,0,0,-0.657
35,Q,-0.942,0,0,0,0.88
36,E,-0.93,0,0,0,1.607
37,G,-1.062,0,0,0,0.097
38,D,-0.842,0,0,0,-0.203
39,T,-0.815,0,0,0,2.425
40,D,-0.777,0,0,0,1.669
41,A,-0.691,0,0,0,1.079
42,G,-0.593,0,0,0,0.776
43,L,-0.419,0,0,0,0.227
44,K,-0.364,0,0,0,-0.718
45,E,-0.364,0,0,0,0.261
46,S,-0.228,0,0,0,-0.438
47,P,-0.239,0,0,0,0.247
48,L,-0.319,0,0,0,0.268
49,Q,-0.611,0,0,0,-0.397
50,T,-0.575,0,0,0,-0.018
51,P,-0.473,0,0,0,-0.616
52,T,-0.575,0,0,0,0.175
53,E,-0.673,0,0,0,-0.083
54,D,-0.829,0,0,0,-0.683
55,G,-0.766,0,0,0,-0.198
56,S,-0.778,0,0,0,-0.64
57,E,-0.876,0,0,0,-0.291
58,E,-0.876,0,0,0,-0.793
59,P,-0.774,0,0,0,-0.094
60,G,-0.774,0,0,0,0.099
61,S,-0.729,0,0,0,-0.913
62,E,-0.787,0,0,0,-0.236
63,T,-0.685,0,0,0,-0.237
64,S,-0.571,0,0,0,-0.915
65,D,-0.571,0,0,0,-0.503
66,A,-0.537,0,0,0,-0.693
67,K,-0.514,0,0,0,-0.531
68,S,-0.514,0,0,0,-0.756
69,T,-0.666,0,0,0,-0.704
70,P,-0.494,0,0,0,-0.457
71,T,-0.342,0,0,0,-0.718
72,A,-0.342,0,0,0,-0.299
73,E,-0.288,0,0,0,-0.69
74,D,-0.136,0,0,0,-0.968
75,V,0.024,0.044,0,0.024,0.356
76,T,-0.113,0,0,0,-0.749
77,A,-0.227,0,0,0,-0.943
78,P,-0.272,0,0,0,-0.45
79,L,-0.147,0,0,0,-0.593
80,V,-0.01,0.01,0,-0.01,-0.746
81,D,-0.204,0,0,0,-0.171
82,E,-0.274,0,0,0,-0.607
83,G,-0.383,0,0,0,1.048
84,A,-0.356,0,0,0,0.311
85,P,-0.484,0,0,0,0.384
86,G,-0.633,0,0,0,0.457
87,K,-0.578,0,0,0,0.645
88,Q,-0.48,0,0,0,-0.522
89,A,-0.525,0,0,0,-0.221
90,A,-0.536,0,0,0,0.052
91,A,-0.634,0,0,0,-0.628
92,Q,-0.42,0,0,0,-0.726
93,P,-0.365,0,0,0,0.889
94,H,-0.382,0,0,0,0.404
95,T,-0.427,0,0,0,1.771
96,E,-0.438,0,0,0,-0.623
97,I,-0.45,0,0,0,-1.033
98,P,-0.341,0,0,0,-0.791
99,E,-0.439,0,0,0,-0.745
100,G,-0.473,0,0,0,-0.598
101,T,-0.462,0,0,0,-0.764
102,T,-0.383,0,0,0,-0.86
103,A,-0.383,0,0,0,-0.561
104,E,-0.401,0,0,0,-0.459
105,E,-0.439,0,0,0,-0.619
106,A,-0.405,0,0,0,-0.672
107,G,-0.421,0,0,0,-0.588
108,I,-0.433,0,0,0,-0.157
109,G,-0.305,0,0,0,-0.481
110,D,-0.305,0,0,0,-0.345
111,T,-0.343,0,0,0,-0.683
112,P,-0.468,0,0,0,-0.629
113,S,-0.423,0,0,0,0.698
114,L,-0.592,0,0,0,0.024
115,E,-0.592,0,0,0,-0.991
116,D,-0.519,0,0,0,-0.752
117,E,-0.359,0,0,0,-0.096
118,A,-0.344,0,0,0,-0.651
119,A,-0.429,0,0,0,-0.313
120,G,-0.683,0,0,0,-0.597
121,H,-0.585,0,0,0,-0.438
122,V,-0.546,0,0,0,0.088
123,T,-0.444,0,0,0,0.126
124,Q,-0.49,0,0,0,-0.303
125,E,-0.571,0,0,0,0.101
126,P,-0.378,0,0,0,0.618
127,E,-0.139,0,0,0,2.231
128,S,-0.396,0,0,0,0.887
129,G,-0.509,0,0,0,2.737
130,K,-0.446,0,0,0,2.313
131,V,-0.158,0,0,0,2.86
132,V,-0.003,0.051,0,0.005,0.803
133,Q,0.013,0.051,0,0.005,0.764
134,E,-0.089,0,0,0,0.544
135,G,-0.07,0,0,0,1.658
136,F,-0.034,0,0,0,2.723
137,L,-0.21,0,0,0,0.124
138,R,-0.385,0,0,0,2.634
139,E,-0.322,0,0,0,-0.063
140,P,-0.068,0,0,0,2.499
141,G,-0.046,0,0,0,1.797
142,P,-0.299,0,0,0,1.907
143,P,-0.537,0,0,0,2.365
144,G,-0.298,0,0,0,0.796
145,L,-0.087,0,0,0,0.289
146,S,-0.084,0,0,0,1.286
147,H,-0.084,0,0,0,2.903
148,Q,0.029,0.148,0,0.029,-0.247
149,L,0.029,0.148,0,0.029,1.507
150,M,0.029,0.148,0,0.029,2.751
151,S,-0.099,0,0,0,1.132
152,G,-0.103,0,0,0,2.732
153,M,0.116,0.136,0,0.116,2.724
154,P,0.354,0,0,0,0.17
155,G,0.198,0.225,0,0.092,1.251
156,A,-0.013,0.225,0,0.092,0.442
157,P,-0.035,0,0,0,0.021
158,L,-0.017,0.003,0,-0.017,1.674
159,L,-0.212,0,0,0,1.033
160,P,-0.31,0,0,0,0.171
161,E,-0.265,0,0,0,1.35
162,G,-0.276,0,0,0,0.782
163,P,-0.358,0,0,0,1.788
164,R,-0.596,0,0,0,0.23
165,E,-0.752,0,0,0,0.372
166,A,-0.748,0,0,0,-0.155
167,T,-0.668,0,0,0,0.651
168,R,-0.634,0,0,0,2.537
169,Q,-0.652,0,0,0,0.51
170,P,-0.57,0,0,0,-0.373
171,S,-0.57,0,0,0,1.089
172,G,-0.734,0,0,0,0.521
173,T,-0.734,0,0,0,0.775
174,G,-0.749,0,0,0,0.536
175,P,-0.686,0,0,0,-0.013
176,E,-0.704,0,0,0,0.584
177,D,-0.79,0,0,0,-0.338
178,T,-0.835,0,0,0,0.646
179,E,-0.824,0,0,0,0.537
180,G,-0.806,0,0,0,0.802
181,G,-0.904,0,0,0,0.24
182,R,-0.65,0,0,0,1.438
183,H,-0.358,0,0,0,2.67
184,A,-0.428,0,0,0,2.688
185,P,-0.394,0,0,0,1.187
186,E,-0.457,0,0,0,0.543
187,L,-0.283,0,0,0,1.062
188,L,-0.045,0,0,0,2.204
189,K,0.001,0.021,0,0.001,1.228
190,H,-0.163,0,0,0,2.572
191,Q,-0.007,0.06,0,0.01,-0.147
192,L,0.027,0.06,0,0.01,1.997
193,L,-0.21,0,0,0,2.533
194,G,-0.464,0,0,0,2.064
195,D,-0.428,0,0,0,1.712
196,L,-0.364,0,0,0,0.358
197,H,-0.283,0,0,0,2.513
198,Q,-0.283,0,0,0,1.195
199,E,-0.493,0,0,0,1.083
200,G,-0.493,0,0,0,0.491
201,P,-0.329,0,0,0,2.658
202,P,-0.503,0,0,0,2.174
203,L,-0.458,0,0,0,2.539
204,K,-0.431,0,0,0,0.349
205,G,-0.431,0,0,0,1.642
206,A,-0.495,0,0,0,2.517
207,G,-0.495,0,0,0,0.818
208,G,-0.513,0,0,0,1.598
209,K,-0.665,0,0,0,-0.234
210,E,-0.665,0,0,0,-0.86
211,R,-0.745,0,0,0,-0.239
212,P,-0.87,0,0,0,2.165
213,G,-0.677,0,0,0,1.07
214,S,-0.795,0,0,0,1.607
215,K,-0.839,0,0,0,2.439
216,E,-0.877,0,0,0,2.577
217,E,-0.877,0,0,0,0.242
218,V,-1.014,0,0,0,0.414
219,D,-0.82,0,0,0,-0.546
220,E,-0.96,0,0,0,-0.282
221,D,-1.004,0,0,0,-0.784
222,R,-0.902,0,0,0,-0.368
223,D,-0.801,0,0,0,-0.608
224,V,-0.976,0,0,0,0.448
225,D,-0.921,0,0,0,-0.898
226,E,-0.96,0,0,0,-0.869
227,S,-0.819,0,0,0,-0.684
228,S,-0.737,0,0,0,-0.293
229,P,-0.6,0,0,0,0.45
230,Q,-0.772,0,0,0,-0.441
231,D,-0.69,0,0,0,0.747
232,S,-0.565,0,0,0,-0.512
233,P,-0.565,0,0,0,0.665
234,P,-0.568,0,0,0,0.364
235,S,-0.541,0,0,0,-0.648
236,K,-0.541,0,0,0,0.251
237,A,-0.541,0,0,0,1.84
238,S,-0.563,0,0,0,-0.123
239,P,-0.646,0,0,0,0.148
240,A,-0.646,0,0,0,2.2
241,Q,-0.649,0,0,0,2.087
242,D,-0.676,0,0,0,1.418
243,G,-0.688,0,0,0,1.464
244,R,-0.664,0,0,0,0.986
245,P,-0.637,0,0,0,2.912
246,P,-0.747,0,0,0,0.367
247,Q,-0.763,0,0,0,2.037
248,T,-0.599,0,0,0,0.671
249,A,-0.565,0,0,0,2.122
250,A,-0.479,0,0,0,0.18
251,R,-0.283,0,0,0,0.989
252,E,-0.283,0,0,0,-0.093
253,A,-0.22,0,0,0,-0.282
254,T,-0.046,0,0,0,1.882
255,S,-0.073,0,0,0,0.012
256,I,-0.073,0,0,0,2.831
257,P,-0.089,0,0,0,2.545
258,G,-0.009,0.022,0,-0.009,1.38
259,F,-0.009,0.022,0,-0.009,2.315
260,P,0.171,0,0,0,1.123
261,A,0.167,0.837,0.167,0.147,0.855
262,E,0.127,0.837,0.167,0.147,2.233
263,G,0.127,0.837,0.167,0.147,0.213
264,A,0.321,0.837,0.167,0.147,0.05
265,I,-0.006,0.837,0.167,0.147,0.652
266,P,0.184,0,0,0,0.006
267,L,0.313,0.333,0,0.313,0.537
268,P,0.415,0,0,0,-0.627
269,V,0.379,2.652,0.295,0.275,0.231
270,D,0.527,2.652,0.295,0.275,0.187
271,F,0.334,2.652,0.295,0.275,1.136
272,L,0.35,2.652,0.295,0.275,0.013
273,S,0.097,2.652,0.295,0.275,0.77
274,K,0.293,2.652,0.295,0.275,0.652
275,V,0.117,2.652,0.295,0.275,0.778
276,S,0.281,2.652,0.295,0.275,0.643
277,T,0.095,2.652,0.295,0.275,0.707
278,E,-0.159,0,0,0,-0.161
279,I,-0.163,0,0,0,0.455
280,P,-0.245,0,0,0,2.306
281,A,-0.439,0,0,0,1.149
282,S,-0.442,0,0,0,0.927
283,E,-0.454,0,0,0,0.294
284,P,-0.181,0,0,0,0.747
285,D,-0.395,0,0,0,2.704
286,G,-0.478,0,0,0,1.689
287,P,-0.478,0,0,0,0.928
288,S,-0.536,0,0,0,1.968
289,V,-0.456,0,0,0,0.807
290,G,-0.538,0,0,0,1.007
291,R,-0.538,0,0,0,2.67
292,A,-0.492,0,0,0,0.869
293,K,-0.492,0,0,0,0.066
294,G,-0.34,0,0,0,0.78
295,Q,-0.613,0,0,0,1.163
296,D,-0.405,0,0,0,2.093
297,A,-0.307,0,0,0,1.208
298,P,-0.144,0,0,0,0.453
299,L,-0.153,0,0,0,-0.449
300,E,0.04,1.902,0.211,0.191,0.224
301,F,0.024,1.902,0.211,0.191,0.615
302,T,0.356,1.902,0.211,0.191,0.511
303,F,0.345,1.902,0.211,0.191,0.454
304,H,0.345,1.902,0.211,0.191,0.092
305,V,0.101,1.902,0.211,0.191,0.087
306,E,0.374,1.902,0.211,0.191,-0.535
307,I,0.103,1.902,0.211,0.191,-0.424
308,T,0.033,1.902,0.211,0.191,0.624
309,P,-0.255,0,0,0,0.174
310,N,-0.273,0,0,0,-0.055
311,V,-0.421,0,0,0,1.478
312,Q,-0.387,0,0,0,0.967
313,K,-0.579,0,0,0,1.184
314,E,-0.693,0,0,0,0.227
315,Q,-0.791,0,0,0,1.234
316,A,-0.766,0,0,0,0.941
317,H,-0.786,0,0,0,2.763
318,S,-0.723,0,0,0,0.14
319,E,-0.751,0,0,0,0.997
320,E,-0.626,0,0,0,0.839
321,H,-0.517,0,0,0,0.439
322,L,-0.354,0,0,0,1.648
323,G,-0.291,0,0,0,-0.187
324,R,-0.313,0,0,0,1.839
325,A,-0.188,0,0,0,0.518
326,A,-0.09,0,0,0,1.361
327,F,-0.044,0,0,0,1.773
328,P,-0.298,0,0,0,0.197
329,G,-0.298,0,0,0,1.272
330,A,-0.216,0,0,0,1.137
331,P,-0.341,0,0,0,0.824
332,G,-0.341,0,0,0,0.666
333,E,-0.613,0,0,0,0.198
334,G,-0.631,0,0,0,0.844
335,P,-0.613,0,0,0,2.558
336,E,-0.636,0,0,0,0.681
337,A,-0.481,0,0,0,0.812
338,R,-0.481,0,0,0,2.451
339,G,-0.481,0,0,0,1.517
340,P,-0.599,0,0,0,0.476
341,S,-0.583,0,0,0,0.999
342,L,-0.539,0,0,0,1.407
343,G,-0.664,0,0,0,0.638
344,E,-0.555,0,0,0,0.062
345,D,-0.673,0,0,0,0.443
346,T,-0.517,0,0,0,0.676
347,K,-0.521,0,0,0,1.929
348,E,-0.775,0,0,0,0.841
349,A,-0.757,0,0,0,0.49
350,D,-0.655,0,0,0,1.551
351,L,-0.616,0,0,0,1.154
352,P,-0.687,0,0,0,2.619
353,E,-0.714,0,0,0,0.678
354,P,-0.616,0,0,0,0.777
355,S,-0.616,0,0,0,0.253
356,E,-0.452,0,0,0,2.472
357,K,-0.581,0,0,0,-0.301
358,Q,-0.581,0,0,0,0.772
359,P,-0.565,0,0,0,0.299
360,A,-0.584,0,0,0,0.699
361,A,-0.641,0,0,0,0.398
362,A,-0.543,0,0,0,1.911
363,P,-0.314,0,0,0,1.159
364,R,-0.229,0,0,0,0.171
365,G,-0.311,0,0,0,0.264
366,K,-0.163,0,0,0,0.103
367,P,-0.19,0,0,0,-0.071
368,V,-0.299,0,0,0,0.677
369,S,-0.143,0,0,0,-0.94
370,R,-0.115,0,0,0,-0.748
371,V,-0.069,0,0,0,-0.638
372,P,-0.097,0,0,0,-0.839
373,Q,0.016,0.171,0,0.023,-0.427
374,L,0.016,0.171,0,0.023,-0.346
375,K,0.016,0.171,0,0.023,-0.608
376,A,0.044,0.171,0,0.023,-0.175
377,R,-0.128,0,0,0,-0.414
378,M,-0.182,0,0,0,0.592
379,V,-0.237,0,0,0,0.395
380,S,-0.411,0,0,0,0.026
381,K,-0.341,0,0,0,-0.595
382,S,-0.386,0,0,0,0.307
383,K,-0.3,0,0,0,-0.445
384,D,-0.55,0,0,0,-0.305
385,G,-0.862,0,0,0,-0.362
386,T,-0.92,0,0,0,0.129
387,G,-0.92,0,0,0,-0.04
388,S,-0.896,0,0,0,0.778
389,D,-0.896,0,0,0,0.614
390,D,-0.744,0,0,0,0.097
391,K,-0.722,0,0,0,0.004
392,K,-0.722,0,0,0,-0.502
393,A,-0.786,0,0,0,1.812
394,K,-0.786,0,0,0,-0.792
395,T,-0.646,0,0,0,-0.349
396,S,-0.482,0,0,0,-0.797
397,T,-0.482,0,0,0,-0.754
398,R,-0.412,0,0,0,-0.621
399,S,-0.283,0,0,0,-0.432
400,S,-0.283,0,0,0,-0.145
401,A,-0.387,0,0,0,-0.937
402,K,-0.473,0,0,0,0.735
403,T,-0.489,0,0,0,-0.427
404,L,-0.322,0,0,0,0.456
405,K,-0.169,0,0,0,0.706
406,N,-0.169,0,0,0,2.625
407,R,-0.196,0,0,0,-0.84
408,P,-0.196,0,0,0,0.033
409,C,-0.276,0,0,0,-0.473
410,L,-0.432,0,0,0,-0.111
411,S,-0.362,0,0,0,-0.268
412,P,-0.274,0,0,0,-0.379
413,K,-0.209,0,0,0,1.053
414,H,-0.206,0,0,0,-0.651
415,P,-0.287,0,0,0,-0.225
416,T,-0.58,0,0,0,-0.246
417,P,-0.583,0,0,0,-0.282
418,G,-0.428,0,0,0,-0.237
419,S,-0.177,0,0,0,-0.738
420,S,-0.195,0,0,0,-0.441
421,D,-0.195,0,0,0,0.239
422,P,-0.208,0,0,0,-0.554
423,L,-0.204,0,0,0,0.27
424,I,-0.186,0,0,0,-0.44
425,Q,-0.162,0,0,0,0.752
426,P,0.009,0,0,0,-0.467
427,S,0.231,0.502,0,0.231,-0.451
428,S,0.231,0.502,0,0.231,-0.722
429,P,-0.023,0,0,0,-0.144
430,A,-0.219,0,0,0,-0.75
431,V,-0.137,0,0,0,-0.336
432,C,-0.133,0,0,0,0.091
433,P,-0.133,0,0,0,-0.49
434,E,-0.137,0,0,0,0.139
435,P,-0.191,0,0,0,0.118
436,P,-0.083,0,0,0,-0.386
437,S,-0.083,0,0,0,-0.716
438,S,-0.164,0,0,0,-0.255
439,P,-0.161,0,0,0,-0.644
440,K,0.113,0.756,0.108,0.088,-0.417
441,Y,0.128,0.756,0.108,0.088,0.365
442,V,0.132,0.756,0.108,0.088,0.219
443,S,0.046,0.756,0.108,0.088,-0.803
444,S,0.058,0.756,0.108,0.088,-0.164
445,V,0.04,0.756,0.108,0.088,-0.2
446,T,0.098,0.756,0.108,0.088,-0.587
447,S,-0.034,0,0,0,0.446
448,R,-0.228,0,0,0,-0.453
449,T,-0.204,0,0,0,0.138
450,G,-0.262,0,0,0,-0.062
451,S,-0.535,0,0,0,-0.259
452,S,-0.438,0,0,0,0.101
453,G,-0.496,0,0,0,-0.307
454,A,-0.258,0,0,0,0.661
455,K,-0.328,0,0,0,-0.102
456,E,-0.328,0,0,0,-0.32
457,M,-0.305,0,0,0,0.752
458,K,-0.445,0,0,0,-0.017
459,L,-0.445,0,0,0,0.876
460,K,-0.526,0,0,0,-0.554
461,G,-0.456,0,0,0,0.759
462,A,-0.412,0,0,0,0.972
463,D,-0.329,0,0,0,0.466
464,G,-0.248,0,0,0,2.449
465,K,-0.388,0,0,0,-0.323
466,T,-0.334,0,0,0,0.949
467,K,-0.398,0,0,0,0.152
468,I,-0.443,0,0,0,0.836
469,A,-0.279,0,0,0,0.58
470,T,-0.234,0,0,0,0.081
471,P,-0.18,0,0,0,0.893
472,R,-0.196,0,0,0,-0.234
473,G,-0.16,0,0,0,0.791
474,A,-0.437,0,0,0,0.2
475,A,-0.519,0,0,0,0.336
476,P,-0.553,0,0,0,1.182
477,P,-0.634,0,0,0,1.221
478,G,-0.525,0,0,0,0.417
479,Q,-0.595,0,0,0,0.107
480,K,-0.595,0,0,0,-0.024
481,G,-0.606,0,0,0,0.681
482,Q,-0.688,0,0,0,1.487
483,A,-0.492,0,0,0,0.39
484,N,-0.474,0,0,0,0.063
485,A,-0.365,0,0,0,-0.143
486,T,-0.365,0,0,0,0.102
487,R,-0.331,0,0,0,-0.224
488,I,-0.25,0,0,0,-0.403
489,P,-0.277,0,0,0,-0.474
490,A,-0.162,0,0,0,-0.282
491,K,-0.189,0,0,0,-0.091
492,T,-0.259,0,0,0,-0.411
493,P,-0.161,0,0,0,-0.339
494,P,-0.357,0,0,0,0.353
495,A,-0.357,0,0,0,0.576
496,P,-0.38,0,0,0,-0.548
497,K,-0.322,0,0,0,0.236
498,T,-0.356,0,0,0,-0.483
499,P,-0.454,0,0,0,0.427
500,P,-0.454,0,0,0,0.238
501,S,-0.481,0,0,0,1.471
502,S,-0.536,0,0,0,0.712
503,G,-0.478,0,0,0,-0.703
504,E,-0.512,0,0,0,0.161
505,P,-0.648,0,0,0,-0.088
506,P,-0.731,0,0,0,0.371
507,K,-0.731,0,0,0,-0.457
508,S,-0.753,0,0,0,-0.873
509,G,-0.599,0,0,0,-0.326
510,D,-0.497,0,0,0,-0.393
511,R,-0.493,0,0,0,-0.947
512,S,-0.493,0,0,0,-1.01
513,G,-0.457,0,0,0,-0.844
514,Y,-0.457,0,0,0,-0.396
515,S,-0.439,0,0,0,-0.955
516,S,-0.321,0,0,0,-1.019
517,P,-0.223,0,0,0,-0.97
518,G,-0.226,0,0,0,-0.451
519,S,-0.226,0,0,0,-1.018
520,P,-0.358,0,0,0,-1.103
521,G,-0.444,0,0,0,-0.422
522,T,-0.444,0,0,0,-0.731
523,P,-0.527,0,0,0,-0.866
524,G,-0.493,0,0,0,-0.843
525,S,-0.496,0,0,0,-0.963
526,R,-0.493,0,0,0,-0.636
527,S,-0.318,0,0,0,-0.805
528,R,-0.334,0,0,0,-0.395
529,T,-0.318,0,0,0,-0.719
530,P,-0.3,0,0,0,-0.963
531,S,-0.304,0,0,0,-0.833
532,L,-0.206,0,0,0,-0.469
533,P,-0.292,0,0,0,-0.809
534,T,-0.307,0,0,0,-0.675
535,P,-0.323,0,0,0,-0.676
536,P,-0.377,0,0,0,-0.372
537,T,-0.435,0,0,0,-0.142
538,R,-0.416,0,0,0,-0.291
539,E,-0.389,0,0,0,-0.434
540,P,-0.229,0,0,0,-0.466
541,K,-0.054,0,0,0,-0.698
542,K,-0.136,0,0,0,-0.812
543,V,-0.136,0,0,0,-1.071
544,A,-0.054,0,0,0,-0.924
545,V,0.044,0.263,0,0.046,-0.915
546,V,-0.01,0.263,0,0.046,-0.918
547,R,0.048,0.263,0,0.046,-0.955
548,T,0.102,0.263,0,0.046,-0.87
549,P,-0.07,0,0,0,-0.99
550,P,-0.093,0,0,0,-0.753
551,K,-0.241,0,0,0,-0.825
552,S,-0.471,0,0,0,-1.029
553,P,-0.385,0,0,0,-0.861
554,S,-0.483,0,0,0,-0.626
555,S,-0.327,0,0,0,-0.757
556,A,-0.409,0,0,0,0.128
557,K,-0.339,0,0,0,-0.555
558,S,-0.315,0,0,0,-0.28
559,R,-0.315,0,0,0,-0.861
560,L,-0.144,0,0,0,0.679
561,Q,-0.147,0,0,0,-0.572
562,T,-0.061,0,0,0,0.116
563,A,-0.007,0.013,0,-0.007,-0.359
564,P,-0.147,0,0,0,-0.289
565,V,0.091,0.111,0,0.091,-0.503
566,P,-0.119,0,0,0,-1.105
567,M,-0.126,0,0,0,-0.729
568,P,0.034,0,0,0,-0.878
569,D,-0.048,0,0,0,-0.87
570,L,-0.044,0,0,0,-0.839
571,K,-0.274,0,0,0,-0.913
572,N,-0.078,0,0,0,-1.005
573,V,-0.209,0,0,0,-0.614
574,K,-0.205,0,0,0,0.509
575,S,-0.053,0,0,0,-1.09
576,K,-0.307,0,0,0,-1.026
577,I,-0.34,0,0,0,-0.918
578,G,-0.097,0,0,0,-0.968
579,S,-0.326,0,0,0,-1.027
580,T,-0.335,0,0,0,-0.942
581,E,-0.421,0,0,0,-0.434
582,N,-0.366,0,0,0,-1.006
583,L,-0.581,0,0,0,-0.702
584,K,-0.581,0,0,0,-0.931
585,H,-0.602,0,0,0,-0.975
586,Q,-0.673,0,0,0,-0.756
587,P,-0.399,0,0,0,-0.869
588,G,-0.393,0,0,0,-0.837
589,G,-0.353,0,0,0,-0.826
590,G,-0.102,0,0,0,-0.722
591,K,-0.127,0,0,0,-0.625
592,V,-0.1,0,0,0,-1.004
593,Q,-0.154,0,0,0,-0.883
594,I,0.02,0.04,0,0.02,-1.146
595,I,-0.098,0,0,0,-0.183
596,N,0.076,0.25,0,0.105,-0.931
597,K,0.134,0.25,0,0.105,-1.03
598,K,-0.129,0,0,0,-1.031
599,L,0.127,0.147,0,0.127,-0.662
600,D,-0.15,0,0,0,-1.134
601,L,-0.342,0,0,0,-0.584
602,S,-0.309,0,0,0,-0.838
603,N,-0.169,0,0,0,-0.631
604,V,-0.133,0,0,0,-0.914
605,Q,-0.285,0,0,0,-1.051
606,S,-0.203,0,0,0,-1.032
607,K,-0.495,0,0,0,0.258
608,C,-0.587,0,0,0,-1.081
609,G,-0.303,0,0,0,-0.973
610,S,-0.533,0,0,0,-1.153
611,K,-0.515,0,0,0,-1.123
612,D,-0.343,0,0,0,-0.965
613,N,-0.289,0,0,0,-1.146
614,I,-0.392,0,0,0,-0.852
615,K,-0.392,0,0,0,-0.935
616,H,-0.414,0,0,0,-0.986
617,V,-0.356,0,0,0,-0.31
618,P,-0.044,0,0,0,-0.882
619,G,-0.038,0,0,0,-0.971
620,G,-0.038,0,0,0,-1.095
621,G,0.192,2.478,0.31,0.29,-0.971
622,S,0.391,2.478,0.31,0.29,-1.022
623,V,0.161,2.478,0.31,0.29,-1.145
624,Q,0.161,2.478,0.31,0.29,-0.815
625,I,0.355,2.478,0.31,0.29,-1.147
626,V,0.237,2.478,0.31,0.29,-0.917
627,Y,0.411,2.478,0.31,0.29,-0.662
628,K,0.411,2.478,0.31,0.29,-1.124
629,P,0.181,0,0,0,-0.89
630,V,0.438,0.842,0,0.261,-0.926
631,D,0.258,0.842,0,0.261,-1.135
632,L,0.086,0.842,0,0.261,-0.979
633,S,-0.104,0,0,0,-1.095
634,K,0.036,0.093,0,0.027,-0.623
635,V,0.017,0.093,0,0.027,-1.145
636,T,-0.154,0,0,0,-1.014
637,S,0.138,0.158,0,0.138,-1.095
638,K,-0.036,0,0,0,-1.033
639,C,-0.128,0,0,0,-1.083
640,G,0.123,0.143,0,0.123,-0.973
641,S,-0.116,0,0,0,-1.153
642,L,-0.196,0,0,0,-0.722
643,G,-0.253,0,0,0,-0.17
644,N,-0.199,0,0,0,-1.147
645,I,-0.303,0,0,0,-1.147
646,H,-0.303,0,0,0,-0.907
647,H,-0.325,0,0,0,-1.14
648,K,-0.562,0,0,0,-0.932
649,P,-0.368,0,0,0,-1.107
650,G,-0.378,0,0,0,-1.096
651,G,-0.399,0,0,0,-0.974
652,G,-0.39,0,0,0,-1.096
653,Q,-0.323,0,0,0,-0.809
654,V,-0.366,0,0,0,-1.077
655,E,-0.421,0,0,0,-0.847
656,V,-0.247,0,0,0,-1.074
657,K,-0.365,0,0,0,-0.935
658,S,-0.157,0,0,0,-1.095
659,E,-0.13,0,0,0,-0.952
660,K,-0.441,0,0,0,-1.029
661,L,-0.426,0,0,0,-0.854
662,D,-0.426,0,0,0,-0.971
663,F,-0.453,0,0,0,-1.094
664,K,-0.453,0,0,0,-1.033
665,D,-0.409,0,0,0,-0.607
666,R,-0.159,0,0,0,-1.014
667,V,-0.333,0,0,0,-1.006
668,Q,-0.193,0,0,0,-0.972
669,S,-0.227,0,0,0,-1.027
670,K,-0.309,0,0,0,-1.03
671,I,-0.261,0,0,0,-0.935
672,G,0.018,0.038,0,0.018,-0.973
673,S,-0.142,0,0,0,-1.153
674,L,-0.124,0,0,0,-0.858
675,D,0.048,0.19,0,0.075,-0.591
676,N,0.102,0.19,0,0.075,-1.076
677,I,-0.112,0,0,0,-0.928
678,T,-0.112,0,0,0,-0.701
679,H,-0.134,0,0,0,-1.14
680,V,-0.378,0,0,0,-0.7
681,P,-0.295,0,0,0,-0.775
682,G,-0.262,0,0,0,-0.966
683,G,-0.262,0,0,0,-1.096
684,G,-0.376,0,0,0,-1.096
685,N,-0.296,0,0,0,-0.406
686,K,-0.535,0,0,0,-0.525
687,K,-0.589,0,0,0,-0.932
688,I,-0.415,0,0,0,-0.931
689,E,-0.381,0,0,0,-0.741
690,T,-0.173,0,0,0,-0.817
691,H,-0.167,0,0,0,-0.912
692,K,-0.211,0,0,0,-0.927
693,L,-0.245,0,0,0,-1.096
694,T,-0.414,0,0,0,-0.634
695,F,-0.37,0,0,0,-0.957
696,R,-0.359,0,0,0,-1.132
697,E,-0.349,0,0,0,-1.035
698,N,-0.279,0,0,0,-0.695
699,A,-0.572,0,0,0,-1.074
700,K,-0.651,0,0,0,-0.927
701,A,-0.859,0,0,0,-1.072
702,K,-0.75,0,0,0,-1.034
703,T,-0.75,0,0,0,-1.01
704,D,-0.466,0,0,0,-1.048
705,H,-0.318,0,0,0,-1.062
706,G,-0.128,0,0,0,-0.965
707,A,-0.209,0,0,0,-1.072
708,E,-0.151,0,0,0,-1.03
709,I,-0.167,0,0,0,-1.144
710,V,0.145,1.375,0,0.324,-0.916
711,Y,0.384,1.375,0,0.324,-0.184
712,K,0.406,1.375,0,0.324,-0.816
713,S,0.36,1.375,0,0.324,-0.951
714,P,0.322,0,0,0,-0.721
715,V,0.142,0.162,0,0.142,-0.41
716,V,-0.03,0,0,0,-0.3
717,S,-0.166,0,0,0,-1.025
718,G,-0.194,0,0,0,-0.294
719,D,-0.261,0,0,0,-0.652
720,T,-0.105,0,0,0,-0.653
721,S,-0.277,0,0,0,-1.091
722,P,-0.54,0,0,0,-0.991
723,R,-0.368,0,0,0,-0.767
724,H,-0.347,0,0,0,-0.625
725,L,-0.206,0,0,0,-0.845
726,S,-0.206,0,0,0,-1.152
727,N,-0.228,0,0,0,-0.861
728,V,-0.225,0,0,0,-0.995
729,S,0.054,0.074,0,0.017,-1.092
730,S,-0.019,0.074,0,0.017,-1.091
731,T,-0.062,0,0,0,-0.664
732,G,0.11,0.211,0,0.085,-1.093
733,S,0.061,0.211,0,0.085,-1.091
734,I,-0.111,0,0,0,-0.912
735,D,-0.114,0,0,0,-0.565
736,M,-0.199,0,0,0,-0.585
737,V,-0.059,0,0,0,-0.357
738,D,-0.014,0.024,0,-0.008,-0.689
739,S,-0.002,0.024,0,-0.008,-0.776
740,P,-0.042,0,0,0,-0.531
741,Q,0.122,0.142,0,0.122,-1.05
742,L,-0.128,0,0,0,-1.096
743,A,-0.401,0,0,0,-0.861
744,T,-0.089,0,0,0,-1.082
745,L,-0.089,0,0,0,-1.096
746,A,-0.062,0,0,0,-1.144
747,D,0.023,0.128,0,0.023,-0.778
748,E,0.023,0.128,0,0.023,-0.94
749,V,0.023,0.128,0,0.023,-1.143
750,S,-0.047,0,0,0,-1.024
751,A,-0.285,0,0,0,-1.144
752,S,-0.33,0,0,0,-1.088
753,L,-0.038,0,0,0,-1.096
754,A,-0.008,0.06,0.012,-0.008,-1.144
755,K,-0.008,0.06,0.012,-0.008,-1.024
756,Q,-0.008,0.06,0.012,-0.008,-1.051
757,G,-0.008,0.06,0.012,-0.008,-1.092
758,L,-0.008,0.06,0.012,-0.008,-0.865