ENSP00000237596,1,-0.26,-0.3,-0.33,-0.25,-0.24,-0.36
ENSP00000237596,2,-0.32,-0.43,-0.67,-0.47,-0.34,-0.74
ENSP00000237596,3,-0.11,-0.52,-0.26,-0.23,-0.63,-0.3
ENSP00000237596,4,-0.22,-0.62,-0.52,-0.44,-0.79,-0.49
ENSP00000237596,5,-0.37,-0.66,-0.48,-0.35,-0.79,-0.54
ENSP00000237596,6,-0.93,-1.21,-1.03,-0.69,-1.16,-1.11
ENSP00000237596,7,-0.64,-0.81,-1.12,-0.94,-0.77,-1.13
ENSP00000237596,8,-0.43,-0.74,-0.52,-0.22,-0.74,-0.61
ENSP00000237596,9,-1.05,-1.36,-1.15,-1.13,-1.49,-1.23
ENSP00000237596,10,-0.89,-1.25,-0.74,-0.41,-1.23,-1.08
ENSP00000237596,11,-0.35,-0.57,-0.33,-0.14,-0.6,-0.5
ENSP00000237596,12,-0.16,-0.45,-0.17,-0.05,-0.49,-0.33
ENSP00000237596,13,0.01,-0.49,-0.45,-0.44,-0.53,0
ENSP00000237596,14,-0.07,-0.51,0,-0.09,-0.53,-0.07
ENSP00000237596,15,0,-0.31,-0.21,-0.15,-0.42,-0.29
ENSP00000237596,16,-0.01,-0.28,0.16,0.12,-0.32,0.03
ENSP00000237596,17,-0.17,-0.47,-0.36,-0.1,-0.52,-0.38
ENSP00000237596,18,-0.25,-0.47,-0.15,-0.23,-0.52,-0.35
ENSP00000237596,19,-0.37,-0.59,-0.46,-0.36,-0.68,-0.53
ENSP00000237596,20,0,-0.42,-0.38,-0.13,-0.52,-0.39
ENSP00000237596,21,-0.44,-0.82,-0.57,-0.52,-0.9,-0.7
ENSP00000237596,22,-0.18,-0.51,-0.48,-0.25,-0.56,-0.47
ENSP00000237596,23,0,-0.41,0.03,-0.02,-0.51,-0.22
ENSP00000237596,24,-0.22,-0.55,-0.38,-0.24,-0.56,-0.26
ENSP00000237596,25,0.07,-0.32,0,0.13,-0.32,0.08
ENSP00000237596,26,-0.6,-0.79,-0.52,-0.41,-0.83,-0.69
ENSP00000237596,27,-0.36,-0.56,-0.39,-0.26,-0.5,0
ENSP00000237596,28,-0.48,-0.61,-0.53,-0.34,-0.61,-0.55
ENSP00000237596,29,-0.29,-0.37,-0.42,-0.31,-0.29,-0.14
ENSP00000237596,30,-0.06,-0.21,-0.23,-0.12,-0.13,-0.26
ENSP00000237596,31,0,-0.26,-0.08,-0.03,-0.35,-0.2
ENSP00000237596,32,-0.44,-0.65,-0.49,-0.44,-0.63,0
ENSP00000237596,33,0.01,0,0.09,0.2,-0.14,-0.06
ENSP00000237596,34,0,-0.14,-0.03,0.04,-0.16,0.05
ENSP00000237596,35,0,-0.18,-0.12,-0.05,-0.21,-0.07
ENSP00000237596,36,0.23,-0.09,-0.1,0.17,-0.16,0.09
ENSP00000237596,37,-0.2,-0.52,-0.35,-0.38,-0.56,0
ENSP00000237596,38,0,-0.27,-0.31,-0.09,-0.38,-0.19
ENSP00000237596,39,-0.04,-0.29,-0.14,-0.2,-0.34,0.16
ENSP00000237596,40,0.16,-0.14,-0.11,-0.03,-0.18,-0.06
ENSP00000237596,41,0,-0.28,-0.07,-0.15,-0.32,-0.29
ENSP00000237596,42,0,-0.27,0.21,0.03,-0.2,-0.21
ENSP00000237596,43,-0.55,-0.83,-0.63,-0.39,-0.78,-0.74
ENSP00000237596,44,-0.36,-0.63,-0.31,-0.12,-0.56,0
ENSP00000237596,45,-0.27,-0.52,-0.24,-0.32,-0.56,0
ENSP00000237596,46,-0.36,-0.43,-0.52,-0.31,-0.39,-0.41
ENSP00000237596,47,0.27,0,0.43,0.28,-0.07,0.21
ENSP00000237596,48,0.01,-0.29,-0.12,0,-0.25,-0.28
ENSP00000237596,49,-0.07,-0.51,-0.27,-0.16,-0.48,-0.25
ENSP00000237596,50,-0.07,-0.57,0.27,0.42,-0.62,-0.12
ENSP00000237596,51,-0.63,-0.88,-0.59,-0.58,-0.88,0
ENSP00000237596,52,-0.26,-0.36,0.49,0.39,-0.3,-0.23
ENSP00000237596,53,-0.67,-0.87,-0.42,0,-0.78,-0.16
ENSP00000237596,54,-0.62,-0.67,-0.47,-0.62,-0.51,-0.87
ENSP00000237596,55,-1.01,-1.27,-0.62,0,-1.22,-0.9
ENSP00000237596,56,-0.76,-0.83,-0.78,-0.73,-0.74,-0.91
ENSP00000237596,57,-0.19,-0.55,0.31,0.47,-0.38,-0.29
ENSP00000237596,58,-0.57,-0.65,-0.51,-0.19,-0.99,-0.71
ENSP00000237596,59,-0.54,-0.66,-0.72,-0.61,-0.35,-0.8
ENSP00000237596,60,-0.33,-0.58,-0.08,0.3,-0.78,-0.34
ENSP00000237596,61,-0.49,-0.87,0.17,0.21,-0.77,-0.59
ENSP00000237596,62,0,-0.16,-0.13,0.23,-0.48,-0.33
ENSP00000237596,63,0,-0.37,0,0.06,-0.63,0.16
ENSP00000237596,64,0,-0.23,-0.23,-0.18,-0.24,0.16
ENSP00000237596,65,-0.37,-0.67,-0.43,-0.38,-0.71,0.14
ENSP00000237596,66,-0.24,-0.43,0,-0.15,-0.52,-0.26
ENSP00000237596,67,-0.61,-0.89,-0.39,-0.48,-1.06,-0.28
ENSP00000237596,68,-0.45,-0.51,-0.05,-0.08,-0.59,0.06
ENSP00000237596,69,0,-0.38,-0.34,-0.1,-0.53,0.4
ENSP00000237596,70,-0.61,-1.22,-0.77,-0.81,-1.25,0
ENSP00000237596,71,0,-0.32,-0.47,-0.47,-0.6,0.38
ENSP00000237596,72,0,-0.18,-0.23,-0.11,-0.36,-0.21
ENSP00000237596,73,0,-0.36,-0.3,-0.13,-0.58,0.24
ENSP00000237596,74,-0.45,-0.66,-0.59,-0.55,-0.82,-0.26
ENSP00000237596,75,-1.22,-1.59,-1.26,-1.28,-1.63,-1.28
ENSP00000237596,76,-0.48,-0.89,-0.73,-0.69,-1.09,-0.59
ENSP00000237596,77,-1.07,-1.46,-1.01,-0.98,-1.62,-1.22
ENSP00000237596,78,-1.45,-1.85,-1.52,-1.5,-1.92,-1.64
ENSP00000237596,79,-0.21,-0.57,-0.68,-0.59,-0.47,-0.71
ENSP00000237596,80,-0.41,-0.85,-0.7,-0.72,-0.93,-0.47
ENSP00000237596,81,-0.1,-0.67,-0.71,-0.63,-0.88,-0.54
ENSP00000237596,82,-0.47,0,-0.65,-0.7,-0.65,-0.56
ENSP00000237596,83,-0.7,-1.22,-0.91,-0.78,-1.31,-0.96
ENSP00000237596,84,-1.29,-1.92,-1.76,-1.27,-1.65,-1.58
ENSP00000237596,85,-0.86,-1.48,-0.94,-0.55,-1.38,-1.18
ENSP00000237596,86,0,-0.99,-1.47,-1.09,-1.39,-1.04
ENSP00000237596,87,-2.64,-2.8,-3.17,-2.84,-2.11,-2.75
ENSP00000237596,88,-0.76,-1.25,-0.86,-1.06,-1.36,-1.03
ENSP00000237596,89,-1.22,-1.98,-1.69,-0.99,-2.12,-1.79
ENSP00000237596,90,-1.32,-1.84,0,-0.75,-1.87,-1.56
ENSP00000237596,91,-1.9,-2.49,-1.12,-1.44,-2.53,-1.46
ENSP00000237596,92,-1.83,-2.49,-1.51,-1.61,-2.67,-2.31
ENSP00000237596,93,-0.79,-1.59,-1.05,-1.29,-1.61,0
ENSP00000237596,94,-1.72,-2.01,-2.3,-2.14,0,-2.3
ENSP00000237596,95,-1.18,-1.75,-0.47,0,-1.67,-1.44
ENSP00000237596,96,0,-0.77,-0.42,-0.28,-0.84,-0.35
ENSP00000237596,97,-0.83,-1.73,-0.49,0,-1.48,-0.81
ENSP00000237596,98,-1.08,-1.71,-0.3,0,-1.66,-1.29
ENSP00000237596,99,-0.86,-1.5,-0.08,0,-1.34,-0.95
ENSP00000237596,100,-0.91,-1.49,-0.07,0,-1.07,-0.82
ENSP00000237596,101,-0.6,-0.9,0.15,0,-0.38,-0.57
ENSP00000237596,102,-0.93,-1.5,0.14,0,-1.21,-0.62
ENSP00000237596,103,-0.27,-0.79,-0.31,-0.54,-0.54,-1.02
ENSP00000237596,104,-0.57,-1,0.02,0,-0.24,-0.49
ENSP00000237596,105,-0.66,-1.28,-0.87,-1.01,-0.93,0
ENSP00000237596,106,-0.45,-1.11,-0.21,0,-1.06,-0.26
ENSP00000237596,107,-0.53,-1.1,-0.21,0,-0.36,-0.4
ENSP00000237596,108,0.44,-0.39,-0.21,-0.15,-0.18,0
ENSP00000237596,109,-0.62,-1.21,-0.01,-0.59,-1.03,0
ENSP00000237596,110,-0.25,-0.74,0.12,-0.3,-0.3,-0.52
ENSP00000237596,111,-0.09,-0.74,-0.28,-0.17,-0.66,-0.62
ENSP00000237596,112,-0.21,-0.62,-0.31,-0.49,0.18,-0.6
ENSP00000237596,113,-0.95,-1.58,-0.16,0,-0.83,-1.34
ENSP00000237596,114,-0.2,-1.05,-0.38,-0.4,-0.37,-0.51
ENSP00000237596,115,-1.21,-2,0,-0.18,-1.94,-0.81
ENSP00000237596,116,0.06,-0.82,-0.34,-0.39,-0.5,-0.45
ENSP00000237596,117,-0.46,-1.42,0.15,0,-1.44,-0.7
ENSP00000237596,118,-1.27,-1.95,-0.97,-0.69,-1.56,-1.22
ENSP00000237596,119,-0.69,-1.5,-0.6,-0.38,-1.07,-0.74
ENSP00000237596,120,-1.41,-2.42,-1.49,-1.44,-2.37,-1.66
ENSP00000237596,121,0.15,-0.89,0.44,0.15,-0.75,0
ENSP00000237596,122,-0.57,-1.44,-0.81,-0.88,-1.42,-0.72
ENSP00000237596,123,-0.1,-1.55,-0.45,-0.39,-1.28,-0.24
ENSP00000237596,124,-0.31,-1.19,0.42,0.13,-0.89,0.54
ENSP00000237596,125,-0.71,-1.7,-1.41,-1.21,-2.14,-1.19
ENSP00000237596,126,0,-1.05,-0.86,-0.39,-0.69,-0.7
ENSP00000237596,127,0,-1.19,0.63,0.75,-0.83,0.15
ENSP00000237596,128,-0.6,-1.25,-0.04,-0.2,-1.56,-0.65
ENSP00000237596,129,-0.14,-1.49,-0.9,-0.54,-1.31,-0.66
ENSP00000237596,130,0,-1.25,-0.3,0.39,-0.98,-0.62
ENSP00000237596,131,0.31,-0.36,0.14,0.76,-0.36,0.34
ENSP00000237596,132,-1.05,-1.85,-0.2,-0.49,-1.77,-0.39
ENSP00000237596,133,-0.71,-1.53,-0.89,-0.65,-2.09,-0.74
ENSP00000237596,134,0.45,-0.05,0.48,0.96,-0.88,0.1
ENSP00000237596,135,-1.09,-1.81,-0.41,-0.21,-1.87,0
ENSP00000237596,136,0,-0.75,0.3,0.49,-0.68,0.54
ENSP00000237596,137,-0.57,-1.25,0.05,0.84,-1.77,-0.25
ENSP00000237596,138,0.08,-1.09,-0.62,-0.36,-1.09,-0.79
ENSP00000237596,139,0.11,-0.4,0.47,0.57,0.37,0.21
ENSP00000237596,140,-1.09,-2.38,0.09,-0.7,-1.9,0
ENSP00000237596,141,-0.42,-1.25,-0.11,0.05,-0.37,-0.81
ENSP00000237596,142,-1.59,-3.09,-1.19,-1.65,-2.68,0
ENSP00000237596,143,-0.28,-1.65,-1.29,-1.38,-1.81,0
ENSP00000237596,144,-2.48,-2.61,-2.03,-2.18,-0.86,-2.75
ENSP00000237596,145,0.16,-0.45,0.36,-0.02,-0.12,-0.35
ENSP00000237596,146,-1.26,-2.23,-0.71,-1.16,-1.46,0
ENSP00000237596,147,0,-1.25,-0.51,-0.6,-1.02,-0.88
ENSP00000237596,148,-0.72,-1.55,-0.89,-0.68,-1.16,0
ENSP00000237596,149,-0.27,-1.15,0.49,0.06,-0.96,-0.42
ENSP00000237596,150,-1.25,-1.71,-1.09,-1.6,-1.62,-1.28
ENSP00000237596,151,-0.88,-2.14,-0.1,-0.15,-1.72,-1.48
ENSP00000237596,152,0.35,-0.84,-0.08,-0.1,-0.17,0
ENSP00000237596,153,0.16,-1.11,-0.11,0,-1.2,-0.73
ENSP00000237596,154,0.05,-0.56,-0.35,-0.22,-0.1,-0.58
ENSP00000237596,155,-0.72,-1.08,-0.1,0.01,-1.63,-1.2
ENSP00000237596,156,0.02,-0.68,-0.7,-0.4,-0.47,-0.83
ENSP00000237596,157,0.79,1.03,-0.22,0,-0.22,-0.09
ENSP00000237596,158,0.06,-0.68,0.08,0,-0.22,-0.78
ENSP00000237596,159,-0.3,-0.77,0,-0.45,-0.5,-0.77
ENSP00000237596,160,-0.28,-1.09,0.15,-0.15,-0.46,-0.87
ENSP00000237596,161,-1.31,-2.32,-0.79,-1.5,-1.64,0
ENSP00000237596,162,-0.14,-1.44,-0.74,-1.03,-1.5,-0.32
ENSP00000237596,163,-0.2,-1.15,-0.54,-0.66,-0.36,-0.83
ENSP00000237596,164,0.16,0,0.07,-0.23,0.25,-0.4
ENSP00000237596,165,-1.68,-2.72,-0.78,-0.44,-2.2,-2.22
ENSP00000237596,166,-0.43,-0.93,-0.16,0.05,-1.6,-0.69
ENSP00000237596,167,-0.89,-1.62,-0.5,0.04,-1.42,-0.5
ENSP00000237596,168,0.22,-0.77,0.58,0.99,-0.64,-0.56
ENSP00000237596,169,0,-0.75,0.76,1.07,-0.4,0
ENSP00000237596,170,-0.2,-0.77,0.74,0.57,-0.75,0
ENSP00000237596,171,0.17,-0.71,0.36,0.39,-0.07,0
ENSP00000237596,172,-0.68,-0.5,0,-0.03,-1.57,-0.73
ENSP00000237596,173,-1.04,-1.77,-0.16,0.01,-1.87,-1.06
ENSP00000237596,174,-0.26,-1.13,-0.25,0.04,-0.89,-0.59
ENSP00000237596,175,-0.14,-0.8,0.75,0.57,-0.92,-0.48
ENSP00000237596,176,-0.92,-1.8,-0.17,-0.18,-1.59,-1.01
ENSP00000237596,177,-0.11,-0.98,0.5,0.51,-0.9,-0.74
ENSP00000237596,178,0.09,-0.51,0.43,0.68,-0.39,0.11
ENSP00000237596,179,-0.48,-1.21,-0.08,0.19,-1.37,-0.85
ENSP00000237596,180,0.24,-0.19,-0.4,0.19,-0.64,-0.24
ENSP00000237596,181,-1.14,-1.43,-0.65,0,-1.61,-1.45
ENSP00000237596,182,-0.32,-0.87,0.44,0.74,-1.19,0
ENSP00000237596,183,-0.88,-1.05,-0.61,0.19,-1.86,-1.72
ENSP00000237596,184,-1.13,-1.73,-0.91,-0.68,-2.03,-1.39
ENSP00000237596,185,-1.47,-0.91,-1.06,-0.74,-1.86,-1.75
ENSP00000237596,186,-0.94,-0.33,-1.12,-0.36,-1.38,-1.18
ENSP00000237596,187,0.39,0.05,0.18,0.37,-0.74,0.35
ENSP00000237596,188,0,0.96,-0.95,-0.26,-1.75,-0.39
ENSP00000237596,189,-0.58,3.16,-1.59,-1.19,-0.46,-1.54
ENSP00000237596,190,0,1.54,-1.61,-1.17,0.16,-1.18
ENSP00000237596,191,-0.56,-0.65,-0.66,0,-0.44,-0.97
ENSP00000237596,192,-1.9,-1.22,-2.13,-1.16,-1.22,-1.9
ENSP00000237596,193,-1.87,-0.42,-3.06,-2.71,-0.6,-3.29
ENSP00000237596,194,-0.1,0.82,-1.46,-0.87,0.05,-1.14
ENSP00000237596,195,-3.16,-3.22,-3.35,-1.71,-4.62,-4.06
ENSP00000237596,196,-2.81,-3.91,-3.64,-3.89,-4.45,0
ENSP00000237596,197,-2.68,-1.77,-4.64,-4.35,-1.84,-4.99
ENSP00000237596,198,-4.53,-5.46,-5.43,-3.78,-6.2,-5.23
ENSP00000237596,199,-2.51,-4.14,-3.94,-4.51,-5.07,0
ENSP00000237596,200,-4.23,-3.83,-6.78,-6.04,-3.46,-6.95
ENSP00000237596,201,-12.62,-11.71,-13.56,-12.65,-9.06,-11.78
ENSP00000237596,202,-2.69,-5.47,-4.2,-4.51,-5.8,0
ENSP00000237596,203,-4.53,-5.5,-5.37,-5.44,-6.24,-6.38
ENSP00000237596,204,-2.77,-4.5,-3.35,-2.16,-4.72,-4.12
ENSP00000237596,205,-2.83,-3.46,-4.35,-3.08,-2.73,-5.02
ENSP00000237596,206,-1.1,-1.83,-2.28,-1.87,-2.11,-2.67
ENSP00000237596,207,-4.49,-7.23,-2.4,0,-6.43,-5.13
ENSP00000237596,208,-2.96,-4.63,0.71,0,-4.46,-2.14
ENSP00000237596,209,-0.86,-2.11,-1.27,-1.44,-2.34,-1.65
ENSP00000237596,210,-0.51,-2.48,-0.98,-0.82,-2.97,-1.64
ENSP00000237596,211,-0.35,-2.45,-0.28,0.34,-2.6,-0.43
ENSP00000237596,212,-4.72,-5.81,-1.08,-2.79,-6.03,-3.56
ENSP00000237596,213,-4.55,-6.37,-5.24,-3.7,-6.43,-5.54
ENSP00000237596,214,-5.2,-7.72,-2.02,0,-6.65,-5.94
ENSP00000237596,215,-1.11,-1.79,-2.63,-1.3,-1.04,-2.89
ENSP00000237596,216,-6.7,-7,-7.37,-6.47,-3.13,-7.57
ENSP00000237596,217,-2.44,-2.93,-5.1,-4.39,-2.44,-5.16
ENSP00000237596,218,-4.63,-6.38,-4.78,-3.1,-6.18,-5.47
ENSP00000237596,219,-1.25,-2.42,-1.77,-1.94,-3.25,-2.66
ENSP00000237596,220,-1.01,-1.92,-2.31,-2.12,-2.5,-2.99
ENSP00000237596,221,-4.35,-4.35,-6.94,-6.01,-3.33,-7.04
ENSP00000237596,222,-5.32,-7.13,-6.18,-4.4,-7.1,-6.09
ENSP00000237596,223,-5.41,-8.17,-2.72,0,-7.26,-6.11
ENSP00000237596,224,-4.39,-4.4,-7.05,-6.14,-3.49,-7.04
ENSP00000237596,225,-2.35,-2.65,-4.67,-4.21,-1.54,-4.88
ENSP00000237596,226,-1.48,-2.05,-3.34,-3,-2.01,-3.77
ENSP00000237596,227,-8.17,-8.17,-9.07,-8.16,-3.63,-8.94
ENSP00000237596,228,-2.77,-2.95,-4.97,-4.59,-2.2,-5.35
ENSP00000237596,229,-1.41,-1.82,-3.87,-3.26,-1.23,-3.77
ENSP00000237596,230,-7.26,-7.26,-8.09,-8.16,0,-8.03
ENSP00000237596,231,-4.27,-4.27,-6.79,-6.09,-3.37,-6.96
ENSP00000237596,232,-2.45,-2.93,-5.06,-4.44,-3.18,-5.08
ENSP00000237596,233,-1.24,-1.96,0.19,-0.88,-1.94,-2.21
ENSP00000237596,234,-3.54,-3.6,-5.81,-5.32,-2.75,-6.07
ENSP00000237596,235,-7.38,0,-9.8,-10.76,-8.98,-9.83
ENSP00000237596,236,-3.7,-3.81,-5.7,-5.45,-3.01,-6.36
ENSP00000237596,237,-3.75,-3.9,-6.37,-5.5,-3.16,-6.2
ENSP00000237596,238,-4.07,-5.08,-5.17,-5.13,-5.74,-5.74
ENSP00000237596,239,-6.43,-6.53,-7.42,-6.87,-1.3,-7.19
ENSP00000237596,240,-5.11,-7.7,-5.93,-6.87,-7.62,0
ENSP00000237596,241,-4.79,-5.01,-6.19,-5.55,-4.22,-6.21
ENSP00000237596,242,-0.85,-1.51,-2.2,-1.97,-1.6,-2.9
ENSP00000237596,243,-2.48,-4.29,-3.34,-3.34,-5.08,-3.16
ENSP00000237596,244,-1.87,-3.66,-2.69,-2.44,-4.53,-3.02
ENSP00000237596,245,-2.05,-3.32,-1.86,-1.99,-3.62,-2.41
ENSP00000237596,246,-0.27,-1.34,-2.56,-1.8,-1.21,-2.4
ENSP00000237596,247,-7.58,-7.58,-8.44,-7.7,-2.76,-8.48
ENSP00000237596,248,-7.56,-7.6,-8.23,-7.5,-3.2,-8.48
ENSP00000237596,249,-6.72,-6.85,-7.28,-6.57,-2.49,-7.64
ENSP00000237596,250,-4.31,-5.27,-4.93,-5,-6.13,-6.06
ENSP00000237596,251,-2.97,-4.66,-2.8,-1.31,-4.66,-3.56
ENSP00000237596,252,0.09,-1.26,-2.84,-2.06,-1.6,-2.5
ENSP00000237596,253,-4.96,-4.93,-6.89,-5.99,-4.07,-6.89
ENSP00000237596,254,-2.12,-3.84,-2.48,-2.11,-4.4,-3.01
ENSP00000237596,255,-3.11,-4.89,-0.11,0.44,-4.46,-3.43
ENSP00000237596,256,-4.21,-4.26,-6.82,-5.96,-3.44,-6.86
ENSP00000237596,257,-7.19,-7.19,-8.08,-8.08,0,-8.05
ENSP00000237596,258,-3.53,-3.7,-5.76,-5.08,-3,-5.92
ENSP00000237596,259,-4.68,-5.57,0,-1.5,-5.43,-4.29
ENSP00000237596,260,-2.17,-3.42,-3.57,-3.42,-4.14,-3.65
ENSP00000237596,261,-3.37,-4.54,-3.46,-3.16,-5,-3.18
ENSP00000237596,262,-0.79,-1.15,-1.6,-1.53,-0.13,-1.54
ENSP00000237596,263,-1.19,-2.02,-0.83,-1.35,-2.13,-1.73
ENSP00000237596,264,-0.89,-1.94,1.09,0.01,-2.34,-0.86
ENSP00000237596,265,-0.42,-1.9,1.66,0.19,-2.16,1.54
ENSP00000237596,266,-1.19,-2.75,-0.35,0,-2.73,0.22
ENSP00000237596,267,-0.59,-2.27,-0.44,-0.45,-2.35,1.2
ENSP00000237596,268,-1.37,-2.36,-1.71,-1.81,-2.53,-1.26
ENSP00000237596,269,-1.83,-2.81,-1.57,-1.83,-3.1,-1.69
ENSP00000237596,270,-6.06,-6.16,-7.05,-6.88,0,-6.55
ENSP00000237596,271,-3,-4.75,-3.02,-1.33,-4.75,-3.93
ENSP00000237596,272,-0.69,-2.56,-1.6,-1.88,-3.31,-0.73
ENSP00000237596,273,-2.71,-2.94,-4.82,-4.36,-2.28,-5.09
ENSP00000237596,274,-1.59,-3.23,-2.42,-2.55,-3.94,-1.73
ENSP00000237596,275,-1.8,-2.75,-2.03,-2.16,-3.74,-2.63
ENSP00000237596,276,-4.39,-4.6,-6.42,-5.46,-3.88,-6.39
ENSP00000237596,277,-1.49,-3.55,-0.09,0,-3.67,-2.28
ENSP00000237596,278,-6.09,-7.15,0,-2.84,-6.88,-5.09
ENSP00000237596,279,-6.36,-6.32,-7.38,-7.25,0,-7.25
ENSP00000237596,280,-12.62,-11.73,-13.51,-12.62,-8.74,-11.73
ENSP00000237596,281,-2.32,-3.87,-1.58,-0.96,-3.99,-3.05
ENSP00000237596,282,-6.28,-6.32,-7.24,-6.99,0,-7.24
ENSP00000237596,283,-0.04,-2.08,-3.22,-2.69,-3.14,-2.78
ENSP00000237596,284,-3.8,-5.98,-2,0,-5.58,-4.69
ENSP00000237596,285,-4.5,-7.05,-4.56,-5.52,-7.05,0
ENSP00000237596,286,-0.27,-2.04,-0.67,-0.6,-2.91,-1.38
ENSP00000237596,287,-4.03,-4.03,-6.45,-5.62,-2.16,-6.48
ENSP00000237596,288,-3.74,-3.87,-6.27,-5.48,-3.08,-6.27
ENSP00000237596,289,-5.55,-6.64,0,-2.71,-6.64,-4.06
ENSP00000237596,290,-3.35,-5.8,-4.17,-4.77,-6.1,0
ENSP00000237596,291,-4.44,-4.44,-6.86,-6.09,-3.51,-7.06
ENSP00000237596,292,-8.18,-8.22,-8.74,-7.98,-3.68,-8.91
ENSP00000237596,293,-12.29,-11.66,-12.81,-11.75,-8.98,-11.66
ENSP00000237596,294,-0.9,-2.61,0.44,1.37,-2.26,-1.99
ENSP00000237596,295,-0.57,-1.74,-0.99,-0.19,-1.14,-1.47
ENSP00000237596,296,-1.25,-0.8,-1.76,-0.9,1.87,-0.33
ENSP00000237596,297,0.54,0.19,0.28,0.77,4.24,0.14
ENSP00000237596,298,-2.27,-3.4,0.14,-0.49,-3.03,-0.9
ENSP00000237596,299,-5.56,-7.02,-3.58,-3.1,-6.91,-4.3
ENSP00000237596,300,-2.43,-3.97,-2.09,-0.68,-3.89,-3.21
ENSP00000237596,301,-1.18,-2.41,-1.69,-1.69,-2.61,-1.96
ENSP00000237596,302,0.16,-0.45,-0.67,0,0.23,-0.34
ENSP00000237596,303,0,-2.03,-0.71,-0.15,-2.49,-0.2
ENSP00000237596,304,-1.85,-3.94,0,0.24,-3.77,-0.88
ENSP00000237596,305,-3.63,-4.69,-1.1,-1.92,-4.77,-2.33
ENSP00000237596,306,-1.23,-2.61,-0.84,-0.16,-2.4,-1.58
ENSP00000237596,307,-1.86,-3.97,-2.74,-3.01,-4.52,-1.21
ENSP00000237596,308,-5.26,-5.29,-6.08,-5.88,0,-5.32
ENSP00000237596,309,-4.61,-4.67,-6.36,-6.36,-3.84,-7.19
ENSP00000237596,310,-4.76,-4.83,-5.72,-5.03,0,-5.72
ENSP00000237596,311,-7.57,-7.65,-8.43,-7.67,-2.99,-8.44
ENSP00000237596,312,-5.67,-8.52,-2.85,0,-7.59,-6.63
ENSP00000237596,313,-7.69,-8.65,-4.81,-5.77,-8.65,-5.77
ENSP00000237596,314,-2.45,-3.12,-4.22,-2.96,-2.49,-4.52
ENSP00000237596,315,-4.67,-4.67,-7.49,-6.56,-3.71,-7.52
ENSP00000237596,316,-4.74,-4.74,-7.59,-6.66,-3.78,-7.62
ENSP00000237596,317,-5.77,-8.65,-6.73,-7.69,-8.65,0
ENSP00000237596,318,-2.53,-3.66,-5.22,-4.27,-3.72,-5.15
ENSP00000237596,319,-7.69,-9.61,-7.69,-7.69,-10.57,-8.65
ENSP00000237596,320,-5.77,-7.69,-6.73,-4.81,-7.69,-6.73
ENSP00000237596,321,-3.15,-3.19,-5.46,-4.83,-1.79,-5.72
ENSP00000237596,322,-5.77,-7.69,-6.73,-4.81,-7.69,-6.73
ENSP00000237596,323,-5.66,-7.62,-4.63,-2.68,-7.58,-6.62
ENSP00000237596,324,-4.09,-4.2,-6.84,-6.01,-3.35,-6.97
ENSP00000237596,325,-3.93,-5.85,-4.28,-2.36,-5.85,-4.89
ENSP00000237596,326,-3.74,-4.61,-6.53,-5.62,-4.51,-6.58
ENSP00000237596,327,-3.47,-5.28,-4.38,-2.78,-5.31,-4.62
ENSP00000237596,328,-6.92,-7.98,-4.37,-5.17,-8.05,-5.3
ENSP00000237596,329,-2,-3.62,1.59,0.27,-3.49,0
ENSP00000237596,330,-2.79,-4.67,-3.76,-3.76,-5.63,-3.8
ENSP00000237596,331,-8.65,0,-11.53,-12.49,-10.57,-11.53
ENSP00000237596,332,-0.49,-2.04,-1.68,-1,-2.35,-2.14
ENSP00000237596,333,-3.17,-3.99,-5.91,-5.1,-3.84,-6.06
ENSP00000237596,334,-1.76,-2.89,-1.16,-0.43,-1.45,-2.06
ENSP00000237596,335,-2.06,-4.09,-0.18,0.81,-4.03,-2.83
ENSP00000237596,336,-7.06,-7.98,0,-3.48,-7.82,-6.09
ENSP00000237596,337,-2.71,-2.71,-4.19,-3.93,3.15,-4.19
ENSP00000237596,338,-3.62,-5.54,-3.81,-1.85,-5.44,-4.65
ENSP00000237596,339,-4.69,-6.36,0,-1.05,-6.16,-4.34
ENSP00000237596,340,-3.74,-5.92,-0.72,0,-5.46,-4.2
ENSP00000237596,341,-4.34,-4.54,-6.46,-6.36,-3.74,-7.26
ENSP00000237596,342,-1.7,-2.93,-2.64,-1.57,-2.67,-3.17
ENSP00000237596,343,-1.82,-4.12,-0.33,0,-3.91,-1.28
ENSP00000237596,344,-8.65,0,-11.53,-12.49,-10.57,-11.53
ENSP00000237596,345,-7.88,-7.92,-8.78,-7.97,-2.76,-8.81
ENSP00000237596,346,-4.44,-5.98,0,-2.58,-6.3,-3.84
ENSP00000237596,347,-1.49,-2.83,-3.3,-2.7,-3.03,-3.31
ENSP00000237596,348,-8.67,-8.67,-9.63,-8.67,-3.85,-9.63
ENSP00000237596,349,-2.35,-4.27,-3,-3.01,-5.1,-3.08
ENSP00000237596,350,-0.11,-1.92,-0.03,0.73,-2.08,-1.56
ENSP00000237596,351,-1.37,-3.16,-0.37,-0.73,-3.3,-1.83
ENSP00000237596,352,-0.79,-2.16,-1.32,-0.51,-1.73,-1.82
ENSP00000237596,353,-5.65,-8.54,-2.82,0,-7.59,-6.49
ENSP00000237596,354,-6.27,-7.65,0,-2.13,-7.16,-5.83
ENSP00000237596,355,-1.52,-2.94,-1.53,-0.65,-3.12,-2.72
ENSP00000237596,356,0,-2.16,-2.25,-1.67,-2.61,-1.45
ENSP00000237596,357,-4.57,-6.43,-4.84,-4.71,-7.33,-5.64
ENSP00000237596,358,-7.24,-7.37,-8.34,-8.34,0,-8.3
ENSP00000237596,359,-5.45,-8.27,-6.44,-7.31,-8.44,0
ENSP00000237596,360,-1.36,-2.53,-2.98,-2.45,-2.4,-3.11
ENSP00000237596,361,-0.74,-1.58,-1.26,-0.54,-0.82,-1.94
ENSP00000237596,362,-7.18,-8.18,-4.12,-5.28,-8.17,-5.35
ENSP00000237596,363,-5.13,-7.69,-5.79,-6.76,-7.66,0
ENSP00000237596,364,-4.09,-4.83,-4.69,-4.96,-5.99,-5.76
ENSP00000237596,365,0,-3.6,-5.59,-4.66,-5.66,-3.76
ENSP00000237596,366,-12.88,-11.98,-13.82,-12.91,-8.83,-12.01
ENSP00000237596,367,0.41,-0.91,-0.83,-0.07,-1.05,-1.58
ENSP00000237596,368,-7.87,-7.91,-8.68,-7.76,-3.42,-8.68
ENSP00000237596,369,-0.86,-2.14,-0.94,-0.1,-1.49,-1.7
ENSP00000237596,370,-1.75,-3.25,-2.07,-2.15,-4.06,-2.95
ENSP00000237596,371,-4.73,-7.5,-2.55,0,-6.83,-5.8
ENSP00000237596,372,-2.82,-4.63,-0.4,0.01,-4.53,-3.32
ENSP00000237596,373,-3.21,-5.65,0,1.52,-5,-3.94
ENSP00000237596,374,-4.03,-4.19,-6.66,-5.91,-3.36,-6.91
ENSP00000237596,375,-2.74,-4.35,0.1,-1.13,-4.32,-0.68
ENSP00000237596,376,-4.76,-7.52,-5.69,-6.4,-7.47,0
ENSP00000237596,377,-2.08,-3.9,-2.81,-2.6,-4.18,-3.11
ENSP00000237596,378,-2.43,-4.34,-2.45,-2.82,-5.11,-2.88
ENSP00000237596,379,-7.48,-8.19,-7.06,-6.1,-5.36,-7.82
ENSP00000237596,380,-9.98,-9.54,-10.52,-9.72,-7.38,-9.46
ENSP00000237596,381,-5.12,-7.8,-6.12,-6.94,-8.06,0
ENSP00000237596,382,-0.2,-1.28,-0.7,0.21,-0.8,-1.77
ENSP00000237596,383,-2.87,-3.27,-5.19,-4.71,-2.6,-5.38
ENSP00000237596,384,0,-1.63,-1.96,-1.81,-2.25,-2.07
ENSP00000237596,385,-2.31,-3.33,-3.39,-3.15,-4.21,-3.76
ENSP00000237596,386,-8.36,-8.33,-9.3,-8.36,-3.78,-9.33
ENSP00000237596,387,-1.84,-4.08,-2.87,-3.01,-4.81,-1.26
ENSP00000237596,388,-5.35,-8.2,-6.32,-7.16,-8.23,0
ENSP00000237596,389,0,-3.15,-2.44,-2.57,-3.86,1.83
ENSP00000237596,390,-5.59,-8.4,-6.42,-7.26,-8.36,0
ENSP00000237596,391,-8,-8.06,-8.93,-8.03,-3.11,-8.93
ENSP00000237596,392,-6.56,-6.79,-7.66,-6.83,-3.07,-7.76
ENSP00000237596,393,-0.62,-1.95,-1.68,-0.37,-1.75,-2.62
ENSP00000237596,394,-6.69,-7.56,0,-3.21,-7.36,-6.02
ENSP00000237596,395,-4.68,-4.65,-7.49,-6.59,-3.47,-7.52
ENSP00000237596,396,-1.18,-3.14,-1.53,-1.37,-3.57,-0.98
ENSP00000237596,397,-1.73,-3.33,-2.54,-1.79,-3.27,-2.13
ENSP00000237596,398,-3.15,-4.31,-3.25,-3.58,-4.87,-4.4
ENSP00000237596,399,-4.1,-5.86,-4.44,-2.53,-6.07,-5.04
ENSP00000237596,400,-2.59,-4.92,-1.24,0,-4.87,-3.74
ENSP00000237596,401,-2.55,-5.16,-1.42,0,-4.92,-2.96
ENSP00000237596,402,-0.48,-2.4,-1.94,-1.85,-3.48,-1.92
ENSP00000237596,403,0,-1.93,-3.29,-2.41,-2.9,-2.58
ENSP00000237596,404,0,-2.36,-0.17,0.93,-2.58,-1.43
ENSP00000237596,405,-0.59,-2.11,-1.93,-0.88,-2.07,-2.71
ENSP00000237596,406,-2.61,-2.74,-5.01,-4.42,-1.91,-5.38
ENSP00000237596,407,0,-2,-0.62,0.67,-2.17,-1.6
ENSP00000237596,408,-0.61,-2.31,0.23,0.23,-1.98,-1.06
ENSP00000237596,409,-4.53,-4.59,-7.34,-6.41,-3.7,-7.34
ENSP00000237596,410,-3.74,-5.33,-3.93,-2.28,-4.46,-4.82
ENSP00000237596,411,-1.81,-3.81,0.87,1.43,-3.6,-2.05
ENSP00000237596,412,-4.82,-5.77,-3.03,-3.69,-5.85,-3.06
ENSP00000237596,413,-1.79,-1.77,-4.5,-3.62,-0.89,-4.45
ENSP00000237596,414,-12.89,-12,-13.85,-12.92,-9.25,-12.03
ENSP00000237596,415,-4.13,-4.23,-6.7,-5.88,-3.37,-6.9
ENSP00000237596,416,-6.29,-7.31,0,-3.22,-7.08,-5.18
ENSP00000237596,417,-5.62,-7.54,-6.51,-4.59,-7.54,-6.58
ENSP00000237596,418,-5.25,-8.1,-6.08,-7.07,-8.16,0
ENSP00000237596,419,-4.63,-5.62,-5.59,-5.59,-6.58,-6.51
ENSP00000237596,420,-5.58,-7.46,-6.4,-4.46,-7.5,-6.54
ENSP00000237596,421,0,-2.54,-4.46,-3.5,-3.59,-3.4
ENSP00000237596,422,0.02,-1.03,-2.69,-1.78,-1,-2.77
ENSP00000237596,423,-7.07,-7.14,-8.1,-8.06,0,-8.1
ENSP00000237596,424,-3.89,-4.18,-6.03,-5.61,-3.24,-6.6
ENSP00000237596,425,-7.07,-8,0,-3.5,-7.9,-6.28
ENSP00000237596,426,-7.3,-7.4,-8.26,-8.3,0,-8.03
ENSP00000237596,427,-1.84,-3.49,-2.97,-2.87,-4.45,-3.03
ENSP00000237596,428,-2.83,-4.02,-5.67,-4.91,-4.24,-5.71
ENSP00000237596,429,-8.43,-8.46,-9.25,-8.23,-3.74,-9.29
ENSP00000237596,430,-7.44,-8.43,-4.69,-5.55,-8.43,-5.62
ENSP00000237596,431,0,-3.6,-4.85,-4.09,-5.22,-2.64
ENSP00000237596,432,-7.44,-8.4,-4.66,-5.52,-8.36,-5.62
ENSP00000237596,433,-4.21,-4.37,-6.17,-5.93,-3.57,-6.78
ENSP00000237596,434,-7.4,-8.33,-4.63,-5.55,-8.33,-5.49
ENSP00000237596,435,-4.32,-4.36,-7,-6.11,-3.29,-7.03
ENSP00000237596,436,-7.09,-7.12,-8.08,-8.05,0,-8.05
ENSP00000237596,437,-8.33,0,-11.11,-12.03,-10.18,-11.07
ENSP00000237596,438,-3.44,-4.25,-6.1,-5.35,-4.11,-6.25
ENSP00000237596,439,-2.83,-3.45,-5.44,-4.72,-3.04,-5.69
ENSP00000237596,440,-4.92,-6.77,-5.61,-3.79,-6.79,-5.88
ENSP00000237596,441,-4.73,-4.73,-7.5,-6.61,-3.77,-7.54
ENSP00000237596,442,-2.23,-2.81,-4.92,-4.07,-2.5,-5.02
ENSP00000237596,443,-2.27,-3.49,-5.28,-4.45,-2.96,-5.04
ENSP00000237596,444,-5.75,-8.63,-2.88,0,-7.67,-6.71
ENSP00000237596,445,-7.14,-7.17,-8.17,-8.07,0,-8.17
ENSP00000237596,446,-7.67,-9.59,-7.67,-7.67,-10.55,-8.63
ENSP00000237596,447,0,-3.6,-5.05,-4.21,-5.4,-3.49
ENSP00000237596,448,-4.62,-5.61,-5.58,-5.58,-6.57,-6.51
ENSP00000237596,449,-5.73,-8.59,-6.69,-7.64,-8.6,0
ENSP00000237596,450,-5.75,-8.62,-6.71,-7.66,-8.62,0
ENSP00000237596,451,0.75,-0.76,-3.46,-2.67,-2.25,-2.53
ENSP00000237596,452,-4.09,-4.29,-6.27,-5.97,-3.29,-6.9
ENSP00000237596,453,-5.47,-7.15,-5.79,-5.75,-8.08,-6.71
ENSP00000237596,454,-2.64,-4.52,-3.63,-3.66,-5.38,-3.43
ENSP00000237596,455,-9.34,-8.93,-10.23,-9.39,-5.48,-8.85
ENSP00000237596,456,-4.07,-5.82,-2.78,-1.6,-5.68,-4.7
ENSP00000237596,457,-5.34,-5.34,-6.63,-6.63,0,-6.96
ENSP00000237596,458,-2.99,-4.91,-3.35,-1.51,-4.94,-3.95
ENSP00000237596,459,-0.14,-1.27,-0.98,-0.98,-2.22,-1.9
ENSP00000237596,460,-1.25,-2.14,-4.12,-3.17,-2.07,-4.13
ENSP00000237596,461,-5.34,-7.25,-5.48,-3.56,-7.26,-6.3
ENSP00000237596,462,-4.79,-4.79,-7.66,-6.7,-3.83,-7.66
ENSP00000237596,463,-4.1,-4.1,-6.34,-6.01,-3.15,-6.97
ENSP00000237596,464,-5.31,-7.16,-6.08,-4.22,-7.05,-6.21
ENSP00000237596,465,-8.3,-8.31,-9.33,-8.37,-3.66,-9.33
ENSP00000237596,466,-3.5,-4.44,-5.96,-5.02,-4.3,-6.24
ENSP00000237596,467,-2.14,-3.6,-2.34,-2.51,-4.42,-3.34
ENSP00000237596,468,-1.58,-3.12,-2.54,-2.6,-3.93,-2.33
ENSP00000237596,469,-3.87,-3.57,-4.97,-4.39,0,-3.71
ENSP00000237596,470,-7.46,-8.47,0,-3.62,-8.46,-6.57
ENSP00000237596,471,-5.68,-5.73,-6.42,-5.92,0,-6.57
ENSP00000237596,472,-7.24,-7.26,-8.23,-8.2,0,-8.23
ENSP00000237596,473,-2.69,-2.96,-5.06,-4.58,-2.2,-5.54
ENSP00000237596,474,0,-1.15,-2.83,-2.16,-0.98,-1.9
ENSP00000237596,475,0,-3.09,-3.51,-3.19,-4.06,-0.4
ENSP00000237596,476,-8.23,0,-11.07,-11.98,-10.21,-11.09
ENSP00000237596,477,-5.64,-8.5,-2.83,0,-7.57,-6.6
ENSP00000237596,478,-1.97,-2.61,-4.28,-4.08,-2.39,-3.62
ENSP00000237596,479,-2.81,-3.48,-5.25,-4.77,-3.11,-5.65
ENSP00000237596,480,-7.17,-7.24,-8.16,-8.01,0,-8.18
ENSP00000237596,481,-5.21,0,-7.94,-8.35,-6.65,-7.99
ENSP00000237596,482,-0.85,-1.31,-3.56,-2.82,0,-3.57
ENSP00000237596,483,-7.06,-7.1,-8.11,-8.01,0,-8.11
ENSP00000237596,484,-4.29,-4.4,-6.25,-6.14,-3.6,-7.08
ENSP00000237596,485,-2.65,-2.76,-4.84,-4.39,0,-4.88
ENSP00000237596,486,-8.48,-8.33,-9.42,-8.48,-3.77,-9.42
ENSP00000237596,487,-8.48,-8.43,-9.42,-8.48,-3.77,-9.42
ENSP00000237596,488,-3.14,-3.36,-5.48,-5.01,-3.37,-5.85
ENSP00000237596,489,-3.55,-4.44,-6.21,-5.49,-4.29,-6.15
ENSP00000237596,490,-5.75,-8.66,-2.88,0,-7.72,-6.73
ENSP00000237596,491,-5.79,-8.68,-2.86,0,-7.72,-6.71
ENSP00000237596,492,-2.06,-3.02,-4.75,-4.42,-2.05,-4.63
ENSP00000237596,493,-4.74,-4.74,-7.6,-6.66,-3.77,-7.64
ENSP00000237596,494,-5.74,-8.63,-2.88,0,-7.69,-6.73
ENSP00000237596,495,-4.19,-4.19,-6.4,-6.11,-2.99,-7.05
ENSP00000237596,496,-3.47,-5.06,-3.68,-2.1,-4.77,-4.23
ENSP00000237596,497,-2.18,-2.95,-3.99,-3.34,-2.46,-4.58
ENSP00000237596,498,-8.67,-9.61,-7.46,-6.75,-7.91,-8.39
ENSP00000237596,499,-3.82,-5.81,-4.4,-2.59,-5.78,-4.58
ENSP00000237596,500,-2.85,-2.5,-5.25,-4.59,-1.59,-4.91
ENSP00000237596,501,-1.22,-3.12,-2.13,-1.3,-3.06,-2.12
ENSP00000237596,502,-8.46,-8.5,-9.4,-8.43,-3.79,-9.43
ENSP00000237596,503,-6.69,-6.73,-7.93,-7.8,0,-7.93
ENSP00000237596,504,-2.08,-3.8,-2.57,-1.37,-4.12,-3.16
ENSP00000237596,505,-2.69,-4.64,-3.32,-3.5,-5.54,-3.31
ENSP00000237596,506,-1.8,-2.05,-3.94,-3.56,0,-4.31
ENSP00000237596,507,-12.8,-11.96,-13.78,-12.86,-9.22,-11.92
ENSP00000237596,508,-7.67,-8.63,-4.8,-5.75,-8.63,-5.75
ENSP00000237596,509,-3.05,0,-5.35,-5.59,-3.09,-5.79
ENSP00000237596,510,-4.6,-4.63,-7.44,-6.48,-3.71,-7.44
ENSP00000237596,511,-7.66,-8.64,0,-3.84,-8.59,-6.74
ENSP00000237596,512,-3.44,-3.79,-5.94,-5.38,-3.17,-6.34
ENSP00000237596,513,-3,-3.53,-5.59,-4.87,-3.02,-5.79
ENSP00000237596,514,-3.69,-4.27,-6.2,-5.62,-3.87,-6.58
ENSP00000237596,515,-3.86,-4.01,-5.94,-5.79,-3.06,-6.75
ENSP00000237596,516,-1.73,-2.19,-4.26,-3.57,-1.32,-3.86
ENSP00000237596,517,-4.56,-4.56,-7.32,-6.49,-3.59,-7.46
ENSP00000237596,518,-1.9,-4.16,-3.53,-3.46,-5.19,-2.79
ENSP00000237596,519,-2.76,-3.21,-5.11,-4.55,-2.29,-5.15
ENSP00000237596,520,-2.44,-3.28,-5.22,-4.48,-3.72,-4.94
ENSP00000237596,521,0,-0.83,-5.09,-4.59,-4.86,-3.63
ENSP00000237596,522,-3.65,-4.09,-5.95,-5.61,-3.06,-6.44
ENSP00000237596,523,-0.76,-3.08,-3.15,-3.27,-3.4,0
ENSP00000237596,524,-2.43,-2.43,-3.66,-3.56,3.44,-3.82
ENSP00000237596,525,-4.37,-5.5,-2.75,-3.02,-4.99,-3.7
ENSP00000237596,526,-3.59,-4.02,-5.92,-5.62,-3.39,-6.22
ENSP00000237596,527,-5.89,-5.81,-6.95,-6.44,-0.99,-7.04
ENSP00000237596,528,-5.61,-7.54,-6.5,-4.57,-7.54,-6.57
ENSP00000237596,529,-3.81,-4.8,-4.93,-4.81,-5.43,-5.67
ENSP00000237596,530,0.33,-0.58,-2.05,-1.51,-0.48,-2.12
ENSP00000237596,531,-0.41,-2.32,-0.12,1.34,-2.27,-1.69
ENSP00000237596,532,-3.29,-4.53,-5.17,-5.07,-4.56,-5.2
ENSP00000237596,533,-2.07,-3.95,0.73,0,-4.03,-0.76
ENSP00000237596,534,0.86,-0.65,1.68,2.23,-0.45,1.07
ENSP00000237596,535,-3.86,-4.17,-6.24,-5.24,-3.39,-6.03
ENSP00000237596,536,-0.99,-2.71,-1.28,-1.47,-2.39,0.55
ENSP00000237596,537,-1.28,-3.56,-0.87,0.11,-3.55,1.02
ENSP00000237596,538,-0.91,-1.52,-2.15,-1.37,0,-1.8
ENSP00000237596,539,-4.63,-4.66,-7.31,-6.39,-3.69,-7.46
ENSP00000237596,540,-2.45,-3.84,-1.68,0,-3.3,-3.84
ENSP00000237596,541,-2.74,-4.29,0,-0.09,-4.15,-2.57
ENSP00000237596,542,-1.19,-2.99,-1.09,-0.46,-3.19,-1.92
ENSP00000237596,543,-2.95,-4.35,0.03,-1.12,-4.53,-2.7
ENSP00000237596,544,-1.32,-2.53,-2.05,-1.97,-2.75,-3.26
ENSP00000237596,545,-5.19,-5.29,-5.82,-5.28,0,-6.09
ENSP00000237596,546,-0.07,-3.1,-3.5,-2.93,-4.63,-2.76
ENSP00000237596,547,-4.1,-5.14,1.49,-1.2,-5.22,-3
ENSP00000237596,548,-7.46,-7.46,-8.5,-8.46,0,-8.5
ENSP00000237596,549,-4.93,-7.62,-2.1,0,-6.86,-5.29
ENSP00000237596,550,-0.67,-1.41,-1.46,-1.17,2.29,-1.71
ENSP00000237596,551,-4.68,-4.7,-7.53,-6.57,-3.75,-7.53
ENSP00000237596,552,0,-3.46,-4.38,-3.86,-4.94,-1.84
ENSP00000237596,553,-5.15,-5.31,-5.57,-5.34,0.02,-5.84
ENSP00000237596,554,-9.65,-8.78,-11.08,-10.18,-6.65,-9.62
ENSP00000237596,555,-5.69,-7.65,-4.65,-2.69,-7.62,-6.65
ENSP00000237596,556,-0.35,-1.23,-1.42,-1.46,-1.27,-1.82
ENSP00000237596,557,-4.37,-6.01,-3.9,-2.26,-5.87,-5.45
ENSP00000237596,558,-6.32,-6.32,-7.27,-6.81,0,-7.28
ENSP00000237596,559,-7.26,-8.19,-4.36,-5.36,-8.15,-5.49
ENSP00000237596,560,-6.38,-7.34,-3.65,-4.63,-7.07,-4.9
ENSP00000237596,561,-1.6,-2.24,-4.09,-3.32,-1.75,-3.78
ENSP00000237596,562,0,-1.58,-1.53,-1.34,-1.94,-1.44
ENSP00000237596,563,0,-3.86,-5.79,-4.83,-5.79,-3.86
ENSP00000237596,564,-3.73,-4.42,-6.42,-5.66,-4.14,-6.62
ENSP00000237596,565,-1.04,-2.17,-1.57,-1.65,-2.24,-1.98
ENSP00000237596,566,-3.17,-3.75,-6.01,-5.08,-3.37,-6.04
ENSP00000237596,567,-7.72,-7.72,-8.69,-8.69,0,-8.69
ENSP00000237596,568,-6.48,-6.48,-7.8,-7.62,0,-7.8
ENSP00000237596,569,2.34,-0.36,-2.32,-1.56,-2.13,-1.02
ENSP00000237596,570,-13.51,-12.55,-14.48,-13.51,-9.65,-12.55
ENSP00000237596,571,-4.44,-4.61,-6.54,-6.36,-3.81,-7.32
ENSP00000237596,572,-5.79,-7.59,-5.76,-3.83,-7.69,-6.76
ENSP00000237596,573,-3.16,-3.31,-5.47,-4.99,-2.59,-5.92
ENSP00000237596,574,-7.54,-7.48,-8.18,-8.21,0,-8.48
ENSP00000237596,575,-5.65,-7.54,-5.65,-3.77,-7.54,-6.6
ENSP00000237596,576,-5.54,-5.54,-6.49,-5.82,0,-6.49
ENSP00000237596,577,-4.27,-4.43,-6.21,-6.26,-3.54,-7.14
ENSP00000237596,578,-2.11,-3.73,-2,-2.26,-4.41,-2.26
ENSP00000237596,579,-7.31,-7.31,-8.19,-8.29,0,-8.32
ENSP00000237596,580,-7.28,-8.25,-4.58,-5.49,-8.29,-5.49
ENSP00000237596,581,-3.33,-5.18,-3.57,-1.75,-5.21,-4.3
ENSP00000237596,582,-4.72,-5.66,-5.66,-5.66,-6.6,-6.6
ENSP00000237596,583,-5.67,-5.67,-7.56,-6.61,-4.72,-7.56
ENSP00000237596,584,-1.57,-2.73,-2.16,-2.24,-3.59,-2.88
ENSP00000237596,585,-5.67,-7.56,-4.72,-2.83,-7.56,-6.61
ENSP00000237596,586,-4.72,-4.72,-7.56,-6.61,-3.78,-7.56
ENSP00000237596,587,-2.57,-4.39,-3.38,-3.24,-5.27,-3.58
ENSP00000237596,588,-1.33,-2.99,-2.14,-2.04,-3.87,-2.54
ENSP00000237596,589,-4.72,-5.67,-5.67,-5.67,-6.61,-6.61
ENSP00000237596,590,-3.67,-3.67,-6.22,-5.28,-2.73,-6.22
ENSP00000237596,591,-0.63,-3.26,-3.08,-2.91,-4.37,-1.54
ENSP00000237596,592,-5.43,-7.29,-6.21,-4.42,-7.26,-6.28
ENSP00000237596,593,-8.13,0,-10.9,-11.81,-10.06,-10.9
ENSP00000237596,594,0,-3.51,-5.1,-4.26,-5.26,-3.46
ENSP00000237596,595,-5.47,-7.32,-5.3,-3.58,-7.26,-6.44
ENSP00000237596,596,-7.62,-8.57,0,-3.81,-8.57,-6.64
ENSP00000237596,597,-2.9,-3.14,-5.24,-4.79,-2.44,-5.74
ENSP00000237596,598,0.17,-1.08,-2.87,-2.26,0,-2
ENSP00000237596,599,-5.67,-8.5,-6.61,-7.56,-8.37,0
ENSP00000237596,600,-7.52,-7.56,-8.5,-8.5,0,-8.5
ENSP00000237596,601,0,-3.06,-4.36,-3.71,-4.55,-3.15
ENSP00000237596,602,-3.93,-4.32,-6.21,-5.82,-3.77,-6.76
ENSP00000237596,603,-5.63,-5.67,-7.56,-6.61,-4.72,-7.56
ENSP00000237596,604,-7.56,-7.56,-8.5,-8.5,0,-8.5
ENSP00000237596,605,-6.59,-6.77,-7.74,-7.7,0,-7.71
ENSP00000237596,606,-4.65,-4.72,-6.44,-6.57,-3.77,-7.55
ENSP00000237596,607,-3.68,-4.2,-5.89,-5.5,-3.78,-6.51
ENSP00000237596,608,-7.56,-7.56,-8.47,-8.5,0,-8.5
ENSP00000237596,609,-3.06,-3.06,-4.66,-4.38,1.62,-4.79
ENSP00000237596,610,0,-3.71,-5.5,-4.59,-5.37,-3.61
ENSP00000237596,611,-8.03,-8.03,-8.98,-8.17,-2.91,-8.98
ENSP00000237596,612,0,-3.64,-5.17,-4.42,-5.43,-3.71
ENSP00000237596,613,-5.37,-7.22,-4.49,-2.57,-7.16,-6.28
ENSP00000237596,614,-4.49,-4.46,-7.19,-6.28,-3.01,-7.12
ENSP00000237596,615,0,-3.11,-2.23,-2.72,-3.5,2.89
ENSP00000237596,616,-8.23,-8.23,-9.08,-8.3,-3.31,-9.18
ENSP00000237596,617,-4.62,-4.72,-7.36,-6.54,-3.74,-7.56
ENSP00000237596,618,-2.58,-3.09,-5.45,-4.54,-2.56,-5.45
ENSP00000237596,619,-7.32,-7.32,-8.33,-8.3,0,-8.2
ENSP00000237596,620,-5.67,-8.5,-6.61,-7.56,-8.4,0
ENSP00000237596,621,-4.27,-5.3,-5.23,-5.22,-6.21,-5.99
ENSP00000237596,622,-5.47,-7.42,-4.39,-2.43,-7.29,-6.34
ENSP00000237596,623,-3.71,-4.47,-6.39,-5.6,-4.08,-6.54
ENSP00000237596,624,-2.61,-4.68,0,0.74,-4.27,-2.83
ENSP00000237596,625,-4.82,-5.91,0,-2.48,-5.98,-3.66
ENSP00000237596,626,-7.56,-7.56,-8.53,-8.5,0,-8.5
ENSP00000237596,627,-2.87,-4.79,-3.58,-3.71,-5.47,-3.81
ENSP00000237596,628,-3.79,-4.93,-4.4,-4.37,-5.71,-5.08
ENSP00000237596,629,-7.19,-7.22,-8.2,-8.17,0,-8
ENSP00000237596,630,-1.08,-2.54,-1.59,-0.82,-2.46,-2.21
ENSP00000237596,631,-1.89,-3.82,-0.59,0,-3.81,-2.08
ENSP00000237596,632,-4.33,0,-6.94,-7.42,-6.88,-6.74
ENSP00000237596,633,-4.22,-4.45,-6.28,-6.14,-3.44,-6.79
ENSP00000237596,634,-7.23,-7.22,-8.18,-8.08,0,-8.18
ENSP00000237596,635,-4.58,-5.66,-5.73,-5.7,-6.64,-6.57
ENSP00000237596,636,-3.46,-4.45,-3.82,-2.26,-4.52,-5.1
ENSP00000237596,637,-7.36,-7.36,-8.47,-8.4,0,-8.47
ENSP00000237596,638,-5.86,-7.82,-6.84,-4.88,-7.82,-6.84
ENSP00000237596,639,-4.72,-4.74,-6.76,-6.68,-3.78,-7.65
ENSP00000237596,640,-4.79,-4.82,-6.79,-6.74,-3.88,-7.72
ENSP00000237596,641,-4.89,-4.89,-7.82,-6.84,-3.91,-7.82
ENSP00000237596,642,-5.87,-8.8,-6.84,-7.82,-8.8,0
ENSP00000237596,643,-7.82,-8.8,0,-3.9,-8.8,-6.84
ENSP00000237596,644,-2.16,-2.16,-3.21,-3.21,5.16,-3.28
ENSP00000237596,645,-3.84,-4.99,2.06,-0.68,-5.02,-2.84
ENSP00000237596,646,-6.84,-6.8,-7.82,-7.5,0,-7.75
ENSP00000237596,647,0,-1.39,1.52,1.24,-1,-0.02
ENSP00000237596,648,-0.87,-4,-1.7,0,-4.42,-2.98
ENSP00000237596,649,-4.11,-4.18,-6.4,-6.03,-3.27,-7.01
ENSP00000237596,650,-4.93,-7.1,-0.44,0,-6.52,-5.13
ENSP00000237596,651,-2.03,-4.33,-1.17,0,-4.32,-2.38
ENSP00000237596,652,0,-3.86,-5.78,-4.82,-5.8,-3.87
ENSP00000237596,653,-6.75,-7.86,-4.23,-5.08,-7.87,-5.21
ENSP00000237596,654,-4.51,-6.43,-5.24,-3.71,-6.6,-5.38
ENSP00000237596,655,-3.47,-4.15,-5.92,-5.29,-3.47,-6.2
ENSP00000237596,656,-4.54,-4.55,-7.3,-6.36,-3.35,-7.3
ENSP00000237596,657,-5.87,-8.8,-6.84,-7.82,-8.8,0
ENSP00000237596,658,-7.82,-9.78,-7.82,-7.82,-10.76,-8.8
ENSP00000237596,659,-3.28,-3.84,-5.87,-5.56,-3.31,-6.3
ENSP00000237596,660,-7.73,-7.72,-8.7,-7.99,-2.04,-8.7
ENSP00000237596,661,-7.82,-7.81,-8.79,-8.79,0,-8.79
ENSP00000237596,662,-1.19,-1.43,-3.33,-2.86,-1.41,-3.74
ENSP00000237596,663,-3.88,-4.96,-4.99,-4.93,-5.84,-5.77
ENSP00000237596,664,-5.82,-5.82,-6.79,-6.13,0,-6.79
ENSP00000237596,665,-3.91,-4.85,-6.8,-5.86,-4.82,-6.84
ENSP00000237596,666,-7.35,-7.35,-8.46,-8.39,0,-8.46
ENSP00000237596,667,-6.97,-7,-8.14,-8.03,0,-8.14
ENSP00000237596,668,-1.91,-2.65,-4.6,-3.69,-2.41,-4.67
ENSP00000237596,669,-7.8,-7.8,-8.78,-8.78,0,-8.78
ENSP00000237596,670,-7.66,-7.66,-8.66,-8.64,0,-8.66
ENSP00000237596,671,-3.54,-4.21,-6.17,-5.49,-3.91,-6.47
ENSP00000237596,672,-4.89,-4.88,-7.82,-6.81,-3.88,-7.79
ENSP00000237596,673,-4.52,-4.45,-6.93,-5.96,-3.55,-7.14
ENSP00000237596,674,-7.47,-8.33,-4.52,-5.6,-8.42,-5.61
ENSP00000237596,675,-5.68,-5.39,-7.57,-6.6,-4.72,-7.62
ENSP00000237596,676,-7.58,-7.54,-8.54,-8.43,0,-8.63
ENSP00000237596,677,-4.85,-4.85,-7.71,-6.76,-3.86,-7.66
ENSP00000237596,678,0,-3.93,-5.88,-4.85,-5.9,-3.94
ENSP00000237596,679,-4.92,-4.92,-6.89,-6.89,-3.93,-7.86
ENSP00000237596,680,-4.92,-4.92,-6.88,-6.88,-3.92,-7.87
ENSP00000237596,681,-7.86,-8.85,-4.92,-5.9,-8.83,-5.89
ENSP00000237596,682,-7.71,-8.76,0,-3.7,-8.7,-6.8
ENSP00000237596,683,-4.8,-5.81,-5.78,-5.77,-6.79,-6.74
ENSP00000237596,684,-8.84,-8.85,-9.84,-8.85,-3.92,-9.83
ENSP00000237596,685,-1.85,-4.04,-3.57,-3.4,-5.05,-3.32
ENSP00000237596,686,-5.63,-8.59,-2.82,0,-7.64,-6.39
ENSP00000237596,687,-3.93,-4.92,-6.89,-5.9,-4.92,-6.87
ENSP00000237596,688,-5.81,-7.78,-5.84,-3.86,-7.78,-6.78
ENSP00000237596,689,-0.7,-3.34,-1.3,-0.11,-3.77,-2.13
ENSP00000237596,690,-5.53,-7.45,0,-0.67,-6.98,-5.48
ENSP00000237596,691,-3.97,-3.97,-6.36,-5.55,-2.97,-6.61
ENSP00000237596,692,0,-3.33,-4.45,-3.68,-4.96,-3.12
ENSP00000237596,693,-2.12,-3.88,-1.86,-1.05,-4.01,-2.02
ENSP00000237596,694,-5.37,-7.22,-4.49,-2.54,-7.12,-6.27
ENSP00000237596,695,-5.07,-6.97,-4.77,-2.97,-6.87,-6.02
ENSP00000237596,696,0,-1.63,2.03,0.72,-2.21,-0.12
ENSP00000237596,697,-5.87,-8.82,-2.94,0,-7.85,-6.86
ENSP00000237596,698,-3.41,-3.41,-5.28,-4.69,0.39,-5.28
ENSP00000237596,699,-4.84,-7.39,-2.39,0,-6.77,-5.76
ENSP00000237596,700,-3.77,-3.78,-6.15,-5.58,-2.57,-6.53
ENSP00000237596,701,-1.28,-2.99,-2.6,-2.54,-3.74,-2.17
ENSP00000237596,702,-7.4,-8.5,0,-3.76,-8.56,-6.59
ENSP00000237596,703,-2.87,-2.91,-4.75,-4.05,0.24,-4.92
ENSP00000237596,704,-3.39,-3.39,-5.29,-5.02,-0.07,-5.68
ENSP00000237596,705,-3.36,-5.3,-3.5,-1.53,-5.3,-4.35
ENSP00000237596,706,-4.17,-6.08,-3.94,-2.04,-6.08,-5.12
ENSP00000237596,707,-4,-6.63,-4.89,-5.47,-6.81,0
ENSP00000237596,708,-7,-6.06,-8.16,-7.43,-3.19,-8.18
ENSP00000237596,709,-1.77,-3.05,-0.18,-0.24,-2.96,-1.53
ENSP00000237596,710,-4.55,-6.35,-4.43,-2.96,-6.22,-4.97
ENSP00000237596,711,0,-1.39,-2.57,-2.02,-1.66,-2.42
ENSP00000237596,712,-3.88,-3.95,-6.39,-5.54,-2.48,-6.4
ENSP00000237596,713,-0.88,-1.92,-1.98,-1.72,-1.76,-1.98
ENSP00000237596,714,-4.96,-6.83,-5.04,-3.27,-6.84,-5.78
ENSP00000237596,715,-4.55,-4.56,-7.27,-6.42,-3.6,-7.07
ENSP00000237596,716,-3.33,-5.2,-3.34,-2.17,-5.31,-3.51
ENSP00000237596,717,-3.59,-3.76,-5.88,-5.26,-1.73,-5.41
ENSP00000237596,718,-4.87,-6.67,-4.97,-3.2,-6.67,-5.65
ENSP00000237596,719,-4.71,-6.52,-4.52,-3.05,-6.53,-5.57
ENSP00000237596,720,-2.34,-3.96,1.37,0.96,-3.79,-2.37
ENSP00000237596,721,-0.96,-2.6,-1.45,-0.11,-2.83,-2.11
ENSP00000237596,722,-3.58,-3.94,-5.73,-5.38,-3.27,-6.3
ENSP00000237596,723,-0.88,-2.3,0,-0.47,-2.53,-1.79
ENSP00000237596,724,-6.09,-7.2,0,-3.2,-7.23,-5.66
ENSP00000237596,725,-3.71,-4.12,-5.89,-5.44,-3.37,-6.46
ENSP00000237596,726,-1.3,-3.07,-0.92,0.35,-3.09,-2.22
ENSP00000237596,727,-2.99,-4.98,-1.24,0,-4.73,-3.56
ENSP00000237596,728,1.03,-1.62,-2.49,-2.02,-2.76,-1.64
ENSP00000237596,729,-4.25,-4.27,-4.92,-5.66,-3.2,-6.87
ENSP00000237596,730,-1.96,-3.76,-2.14,-0.89,-3.83,-3.1
ENSP00000237596,731,-1.48,-3.09,-0.98,-0.78,-3.11,-1.25
ENSP00000237596,732,-1.53,-4.62,-3.52,-3.83,-5.31,0
ENSP00000237596,733,-1.42,-3.33,1.01,-0.21,-3.45,0
ENSP00000237596,734,-1.54,-3.48,-1.4,-1.57,-3.59,0
ENSP00000237596,735,-3.14,-5.03,-1.58,-0.39,-4.61,-3.86
ENSP00000237596,736,-3.86,-4.09,-5.89,-5.47,-3.3,-6.56
ENSP00000237596,737,-2.91,-4.38,0.28,-0.41,-4.34,-2.33
ENSP00000237596,738,-6.99,-6.96,-7.86,-7.59,0,-7.83
ENSP00000237596,739,-4.63,-6.53,0,-0.22,-6.13,-4.74
ENSP00000237596,740,-4.97,-7.17,-0.59,0,-6.57,-5.29
ENSP00000237596,741,-2.37,-2.19,-4.03,-3.41,1.41,-3.51
ENSP00000237596,742,-3.96,-5.63,-4.91,-3.31,-5.63,-5.16
ENSP00000237596,743,-2.64,-4.31,-2.05,-1.11,-4.37,-3.16
ENSP00000237596,744,-2.81,-4.14,0,-1.19,-4.42,-3.14
ENSP00000237596,745,-4.67,-4.67,-7.46,-6.53,-3.74,-7.38
ENSP00000237596,746,-4.62,-6.42,-4.79,-3.06,-6.4,-5.44
ENSP00000237596,747,-0.16,-2.24,-0.7,0.28,-2.51,0
ENSP00000237596,748,-2.14,-3.35,-3.02,-1.6,-2.99,-3.48
ENSP00000237596,749,-5.29,-7.92,-5.84,-6.63,-7.95,0
ENSP00000237596,750,-7.6,-8.35,-7.07,-6.3,-6.02,-7.95
ENSP00000237596,751,0.19,-2.18,-2.26,-1.86,-3.35,-1.93
ENSP00000237596,752,-6.36,-7.39,0,-2.25,-7.18,-5.86
ENSP00000237596,753,0,-2.36,-2.55,-1.62,-2.77,-1.82
ENSP00000237596,754,-5.55,-8.28,-2.6,0,-7.4,-6.44
ENSP00000237596,755,-4.53,-4.47,-6.54,-6.43,-3.55,-7.38
ENSP00000237596,756,-3,-5.17,-1.63,0,-4.99,-4.09
ENSP00000237596,757,0,-3.26,-4.07,-2.98,-4.66,-3.21
ENSP00000237596,758,-1.1,-2.38,-4.22,-3.59,-2.68,-4.11
ENSP00000237596,759,-7.52,-7.51,-8.48,-8.43,0,-8.41
ENSP00000237596,760,0.17,-2.25,-2.81,-2.42,-3.53,-2.08
ENSP00000237596,761,-4.83,-6.72,-4.83,-3.08,-6.72,-5.55
ENSP00000237596,762,-7.01,-6.94,-7.97,-7.4,-1.13,-7.97
ENSP00000237596,763,-7.48,-8.44,0,-3.7,-8.44,-6.57
ENSP00000237596,764,-2.12,-3.43,-2.83,-1.34,-3.02,-3.61
ENSP00000237596,765,-7.46,-8.43,0,-3.73,-8.44,-6.55
ENSP00000237596,766,-5.44,-8.2,-6.24,-7.17,-8.22,0
ENSP00000237596,767,-5.45,-6.4,0,-2.54,-6.4,-4.17
ENSP00000237596,768,-2.85,-4.38,-3.27,-1.55,-4.34,-3.91
ENSP00000237596,769,-0.73,-2.03,-1.24,0,-1.48,-2.84
ENSP00000237596,770,-4.64,-4.5,-7.49,-6.58,-3.73,-7.49
ENSP00000237596,771,-1.93,-2.97,2.12,0,-3.29,-1.72
ENSP00000237596,772,-3.64,-6.32,-2.29,0,-5.78,-4.84
ENSP00000237596,773,-2.19,-3.8,-0.03,0.65,-3.17,-2.67
ENSP00000237596,774,-5.51,-8.28,-2.57,0,-7.4,-6.4
ENSP00000237596,775,-2.87,-4.36,-2.21,-0.68,-4,-3.67
ENSP00000237596,776,-2.4,-4.15,-2.25,-0.7,-3.91,-3.37
ENSP00000237596,777,-2.78,-4.62,-2.73,-1,-4.55,-3.61
ENSP00000237596,778,-5.38,-5.38,-7.31,-6.38,-4.45,-7.31
ENSP00000237596,779,-3.1,-4.92,-3.85,-2.16,-4.88,-4.25
ENSP00000237596,780,-1.05,-3.08,0,-0.15,-3.55,-2.08
ENSP00000237596,781,-5.83,-6.91,0,-2.45,-6.62,-5.37
ENSP00000237596,782,-4.66,-4.67,-7.13,-6.42,-3.7,-7.28
ENSP00000237596,783,-4.82,-7.22,-2.28,0,-6.54,-5.63
ENSP00000237596,784,-1.86,-4.1,-0.91,0.37,-3.84,-1.63
ENSP00000237596,785,-3.53,-5.69,-2.2,0,-5.34,-4.43
ENSP00000237596,786,-3.83,-5.21,-4.64,-3.11,-5.21,-4.82
ENSP00000237596,787,-1.14,-2.88,-0.97,0,-2.88,-2.81
ENSP00000237596,788,-0.56,-2.48,0,-0.38,-3.12,-2.1
ENSP00000237596,789,-4.02,-4.22,-5.59,-5.1,-3.44,-6.27
ENSP00000237596,790,-2.94,-4.13,0,-0.61,-4.18,-2.74
ENSP00000237596,791,-0.16,-1.44,-0.78,-0.28,-1.5,-1.77
ENSP00000237596,792,-2.75,-4.47,0,1.37,-4.29,-3.22
ENSP00000237596,793,-0.26,-1,-0.97,-0.37,-0.07,-1.68
ENSP00000237596,794,-0.77,-2.74,-0.12,0.57,-2.76,-1.33
ENSP00000237596,795,-1.61,-3.09,-0.95,-0.5,-3.24,-1.35
ENSP00000237596,796,-2.34,-2.95,-3.1,-2.31,-2.43,-2.98
ENSP00000237596,797,-0.75,-2.5,-0.66,-0.48,-2.76,0.53
ENSP00000237596,798,-2.75,-4,-2.97,-2.08,-3.88,-3.01
ENSP00000237596,799,-2.4,-3.79,-2.38,-2.23,-4.28,-2.64
ENSP00000237596,800,-0.41,-1.11,-1.72,-1.08,-0.58,-1.27
ENSP00000237596,801,-0.95,-2.28,-1.65,-1.11,-2.61,-1.06
ENSP00000237596,802,-0.31,-1.74,-1.16,-1.19,-1.8,0.86
ENSP00000237596,803,-1.78,-3.03,-2.76,-1.63,-3.06,-2.69
ENSP00000237596,804,-1.21,-2.16,-1.83,-1.62,-2.78,-1.43
ENSP00000237596,805,-1.81,-2.18,-2.24,-1.83,0,-2.4
ENSP00000237596,806,-1.37,-2.42,-1.59,-1.3,-2.49,-0.56
ENSP00000237596,807,-1.28,-2.23,-1.52,-0.91,-2.16,-1.65
ENSP00000237596,808,-1.21,-2.12,-1.25,-1.13,-2.45,-0.98
ENSP00000237596,809,-1.62,-1.64,-1.82,-1.24,-1.31,-2.09
ENSP00000237596,810,-1.91,-3.1,0,-0.57,-3.07,-1.92
ENSP00000237596,811,-2.6,-3.44,0,-1.23,-3.05,-2.38
ENSP00000237596,812,-1.25,-2.2,-1.11,-1.04,-2.84,-1.86
ENSP00000237596,813,-2.15,-3.39,-0.56,0,-3.17,-2.3
ENSP00000237596,814,-2.28,-3.76,-0.26,0,-3.41,-2
ENSP00000237596,815,-3.2,-4.1,0,-1.61,-3.41,-2.27
ENSP00000237596,816,-2.57,-3.76,0,-0.96,-3.78,-2.69
ENSP00000237596,817,-3.41,-4.3,0,-1.57,-4.01,-3.35
ENSP00000237596,818,-2.44,-4.1,-0.35,0,-3.42,-2
ENSP00000237596,819,-2.35,-3.78,0,-0.71,-3.65,-2.7
ENSP00000237596,820,-1.56,-2.54,-1.15,-1.09,-2.47,-1.37
ENSP00000237596,821,-2.78,-4.56,-3.11,-3.16,-4.65,0
ENSP00000237596,822,-2.72,-3.73,-1.97,-2.05,-2.81,-2.59
ENSP00000237596,823,-1.17,-2.77,-1.07,-0.95,-2.86,-1.73
ENSP00000237596,824,-1.28,-2.62,-1.94,-1.41,-2.86,-1.6
ENSP00000237596,825,-1.51,-2.88,-2.03,-1.23,-2.96,-2.03
ENSP00000237596,826,-2.18,-3.68,-2.94,-1.76,-3.66,-2.54
ENSP00000237596,827,-1.24,-2.71,-2.15,-1.5,-2.38,-1.14
ENSP00000237596,828,-2.63,-4.56,-3.54,-4.2,-4.58,0
ENSP00000237596,829,-1.33,-2.63,-1.73,-1.78,-2.78,-0.42
ENSP00000237596,830,1.13,-0.07,0.82,0.84,0.33,1.43
ENSP00000237596,831,-0.82,-2.38,-1.63,-1.53,-2.63,-0.88
ENSP00000237596,832,-1.38,-2.66,-1.71,-1.96,-2.54,0.23
ENSP00000237596,833,-2.87,-4.24,-3.52,-3.64,-2.62,0
ENSP00000237596,834,-2.66,-3.64,-4.97,-4.28,-3.67,-4.57
ENSP00000237596,835,-1.97,-3.59,-2.33,-2.4,-4.16,-2.9
ENSP00000237596,836,-3.3,-4.24,-4,-3.08,-1.87,-3.44
ENSP00000237596,837,-4.78,-7.09,-1.84,0,-6.52,-5.54
ENSP00000237596,838,-5.09,-7.59,-2.08,0,-6.75,-5.83
ENSP00000237596,839,-6.97,-7,-7.88,-7.79,0,-7.96
ENSP00000237596,840,-2.55,-3.83,-2.37,-1.39,-3.42,-3.52
ENSP00000237596,841,-2.36,-3.31,-4.55,-3.75,-3.09,-4.47
ENSP00000237596,842,-4.42,-4.43,-7.06,-6.19,-3.27,-7.04
ENSP00000237596,843,-0.19,-1.66,-2.48,-1.81,-2.04,-2.32
ENSP00000237596,844,-4.75,-6.56,-5.26,-3.48,-6.4,-5.5
ENSP00000237596,845,-5.34,-7.24,-6.19,-4.31,-7.12,-6.31
ENSP00000237596,846,-3.68,-4.56,-6.42,-5.53,-4.44,-6.47
ENSP00000237596,847,-4.14,-4.91,0,-2.06,-4.68,-4.22
ENSP00000237596,848,-4.43,-6.21,-4.81,-3.04,-5.97,-5.3
ENSP00000237596,849,-4.31,-4.36,-6.51,-5.64,-3.31,-6.58
ENSP00000237596,850,-5.54,-8.34,-2.79,0,-7.41,-6.5
ENSP00000237596,851,-5.87,-6.51,-5.3,-4.65,-5.53,-6.19
ENSP00000237596,852,-2.01,-3.77,-3.17,-3.05,-4.48,-2.96
ENSP00000237596,853,-4.14,-4.24,-6.2,-5.96,-3.37,-6.9
ENSP00000237596,854,-3.49,-6.15,-4.19,-4.49,-6.21,0
ENSP00000237596,855,-1.79,-3.9,-2.74,-2.93,-4.63,-1.44
ENSP00000237596,856,-4.26,-4.39,-6.3,-6.11,-3.52,-7.04
ENSP00000237596,857,-3.12,-4.04,-5.75,-4.98,-3.95,-5.57
ENSP00000237596,858,-2.51,-4.35,-3.38,-3.18,-5.12,-3.52
ENSP00000237596,859,-4.69,-6.54,-4.54,-2.69,-6.47,-5.6
ENSP00000237596,860,-4.2,-4.3,-6.16,-6.03,-3.5,-6.97
ENSP00000237596,861,-6.46,-7.73,0,-2.77,-7.68,-5.87
ENSP00000237596,862,0,-3.15,-4.62,-3.85,-4.56,-3.23
ENSP00000237596,863,-3.36,-4.27,-6.14,-5.3,-4.23,-6.15
ENSP00000237596,864,-2.19,-2.8,-4.07,-3.66,-2.13,-3.86
ENSP00000237596,865,-1.63,-2.74,-3.52,-2.62,-2.74,-3.72
ENSP00000237596,866,-4.78,-6.69,-4.92,-3.31,-6.72,-5.22
ENSP00000237596,867,-4.24,-4.27,-6.86,-5.98,-3.39,-6.65
ENSP00000237596,868,-4.3,-6.9,-2.21,0,-6.09,-4.62
ENSP00000237596,869,1.69,-0.49,-1.38,-0.82,-1.13,-0.45
ENSP00000237596,870,-4.24,-4.44,-5.87,-4.99,-3.54,-6.02
ENSP00000237596,871,-5.01,-7.46,-2.03,0,-6.72,-5.49
ENSP00000237596,872,-3.79,-5.57,-4.29,-2.91,-5.61,-4.48
ENSP00000237596,873,0,-2.73,-3.57,-2.67,-4.02,-2.41
ENSP00000237596,874,-4.16,-6.01,-4.24,-2.74,-5.97,-4.34
ENSP00000237596,875,-2.25,-2.94,-4.18,-3.25,-2.31,-3.82
ENSP00000237596,876,-3.45,-4.89,-3.88,-2.24,-4.89,-4.28
ENSP00000237596,877,-3.31,-5.12,-3.88,-2.31,-5.23,-4.21
ENSP00000237596,878,-3.48,-4.86,-4.2,-2.67,-4.66,-4.34
ENSP00000237596,879,-3.12,-4.98,-0.39,0,-4.62,-3.58
ENSP00000237596,880,-0.81,-2.05,-2.46,-1.87,-2.38,-2.38
ENSP00000237596,881,-2.17,-2.38,-3.85,-2.96,-1.62,-3.87
ENSP00000237596,882,-2.16,-4.01,-2.75,-3.08,-4.3,0
ENSP00000237596,883,-2.91,-4.42,-3.3,-1.79,-4.08,-3.83
ENSP00000237596,884,-2.51,-2.82,-4.2,-3.62,-2.3,-4.49
ENSP00000237596,885,-2.68,-3.16,-4.87,-4.01,-2.74,-4.94
ENSP00000237596,886,-4.58,-5.79,0,-2.09,-5.87,-4.05
ENSP00000237596,887,-1.1,-2.95,-1.89,-2.07,-3.44,0
ENSP00000237596,888,-2.66,-3.11,-4.12,-4.05,-3.06,-4.68
ENSP00000237596,889,0,-0.96,-1.6,-1.34,-1.85,-1.41
ENSP00000237596,890,-3.41,-5.13,-1.61,0,-4.85,-4.02
ENSP00000237596,891,-3.65,-4.65,0,-1.43,-4.57,-3.09
ENSP00000237596,892,-2.86,-4.75,-1.24,0,-4.46,-3.22
ENSP00000237596,893,-2.69,-4.21,-2.23,-1.38,-3.83,-2.65
ENSP00000237596,894,-0.67,-1.58,-2.03,-1.63,-0.96,-0.76
ENSP00000237596,895,-2.84,-4.71,-2.94,-3.77,-4.47,0
ENSP00000237596,896,-2.51,-3.78,-2.68,-1.85,-3.95,-3.05
ENSP00000237596,897,-3.43,-4.76,0,-0.86,-4.47,-3.31
ENSP00000237596,898,-0.91,-2.33,0.03,-0.39,-2.87,-1.14
ENSP00000237596,899,-2.85,-4.28,-0.56,0,-3.93,-2.92
ENSP00000237596,900,-0.98,-1.76,-1.69,-1.6,-1.38,-2
ENSP00000237596,901,-2.96,-4.11,-2.7,-1.76,-2.94,-3.09
ENSP00000237596,902,-3.47,-4.77,-3.9,-2.45,-4.3,-4.19
ENSP00000237596,903,-3.18,-5.05,-1.19,0,-4.38,-3.89
ENSP00000237596,904,-2.76,-4.57,-2.43,-1.25,-4.66,-3.52
ENSP00000237596,905,-3.1,-3.66,-4.01,-3.45,-2.95,-4.02
ENSP00000237596,906,-3.56,-5.88,-1.5,0,-5.53,-3.91
ENSP00000237596,907,-2.46,-4.23,-3.21,-1.8,-4.4,-3.24
ENSP00000237596,908,-2.97,-3.48,-5.34,-4.56,-2.61,-5.08
ENSP00000237596,909,-2.5,-3.46,-3.73,-3.22,-3.06,-4.25
ENSP00000237596,910,-3.25,-5,-3.78,-2.17,-4.9,-4.17
ENSP00000237596,911,-3.64,-5.9,-1.74,0,-5.07,-4.01
ENSP00000237596,912,-3.48,-5.71,-1.97,0,-5.08,-4.05
ENSP00000237596,913,-2.79,-3.29,-4.57,-3.95,-2.66,-4.76
ENSP00000237596,914,-3.3,-5.4,-1.46,0,-4.87,-3.89
ENSP00000237596,915,-3.42,-4.74,-3.82,-2.84,-4.54,-3.8
ENSP00000237596,916,-8.07,-7.82,-8.58,-8.07,-5.89,-7.04
ENSP00000237596,917,-3.66,-5.28,-0.35,0,-4.87,-3.36
ENSP00000237596,918,-1.73,-3.14,-2.45,-2.63,-3.67,-2.17
ENSP00000237596,919,-3.52,-4.81,0,-0.68,-4.63,-3.55
ENSP00000237596,920,-1.1,-2.6,0,-0.98,-2.62,-1.97
ENSP00000237596,921,0,-1.34,-1.32,-1,-1.83,-1.45
ENSP00000237596,922,0,-1.43,-1.71,-1.25,-1.31,-1.61
ENSP00000237596,923,-1.27,-2.57,-1.92,-1.75,-3.07,-1.95
ENSP00000237596,924,-2.23,-3.53,-1.45,-1.11,-3.55,-2.33
ENSP00000237596,925,0.37,-0.58,-1.04,-0.84,-0.89,-0.83
ENSP00000237596,926,-1.03,-2.31,-1.42,-1.6,-2.63,-1.53
ENSP00000237596,927,-2.37,-3.25,-2.25,-1.97,-2.67,-2.54
ENSP00000237596,928,-0.28,-1.4,-0.39,-0.16,-1.48,0
ENSP00000237596,929,-0.6,-1.38,-1.46,-1.16,-1.18,-1.28
ENSP00000237596,930,-0.82,-1.96,-1.04,-1.35,-1.91,0
ENSP00000237596,931,-1.23,-2.04,-1.4,-1.57,-2.44,-2.01
ENSP00000237596,932,-2,-2.9,-1.91,-1.87,-3.45,-2.68
ENSP00000237596,933,-0.34,-1.2,-1.19,-1.15,-1.28,-1.51
ENSP00000237596,934,-1.17,-2.37,-1.51,-1.77,-2.43,0
ENSP00000237596,935,-0.58,-0.98,-1.2,-1.03,-0.98,-1.36
ENSP00000237596,936,-1.01,-1.92,-1.07,-1.04,-2.01,-0.79
ENSP00000237596,937,-1.15,-2.28,-1.97,-1.94,-2.25,0
ENSP00000237596,938,-0.96,-1.72,-0.77,-0.49,-1.86,-0.71
ENSP00000237596,939,-1.14,-2.22,-1.43,-1.31,-2.4,-1.3
ENSP00000237596,940,-1.55,-2.58,-2.24,-1.61,-2.62,-1.76
ENSP00000237596,941,-1.32,-2.37,-1.81,-1.61,-2.89,-1.57
ENSP00000237596,942,-1.72,-2.78,-2.23,-1.49,-2.98,-1.56
ENSP00000237596,943,-0.69,-1.71,-1.06,-1.12,-1.94,-0.4
ENSP00000237596,944,-0.83,-1.77,-1.44,-1.35,-2.04,-1.14
ENSP00000237596,945,-1.9,-2.93,-2.44,-1.74,-3.02,-2.33
ENSP00000237596,946,-2.75,-3.68,-2.97,-3,-4.01,-3.19
ENSP00000237596,947,-0.8,-1.77,-0.7,-0.85,-2.01,-0.87
ENSP00000237596,948,-1.26,-2.22,-1.83,-1.86,-2.76,-1.54
ENSP00000237596,949,-0.74,-1.85,-1.61,-1.59,-2.4,-1.2
ENSP00000237596,950,-0.73,-1.64,-1.35,-0.74,-1.84,-1.44
ENSP00000237596,951,-1.48,-2.24,-1.88,-1.87,-2.76,-1.83
ENSP00000237596,952,-0.75,-1.38,-1.3,-1.36,-1.61,-1.56
ENSP00000237596,953,-1.58,-2.45,-0.48,0,-2.04,-1.79
ENSP00000237596,954,-1.55,-2.67,-2.15,-2.36,-2.83,0
ENSP00000237596,955,-0.44,-0.84,-1.23,-1.12,-0.78,-1.23
ENSP00000237596,956,-1.06,-2,-0.02,0,-1.93,-1.46
ENSP00000237596,957,-0.85,-1.73,-1.12,-1.63,-1.8,0
ENSP00000237596,958,0,-0.64,-0.34,-0.56,-0.75,0.13
ENSP00000237596,959,-0.8,-1.6,-0.93,-1.04,-1.46,0
ENSP00000237596,960,-0.74,-1.68,-1.13,-1.11,-1.76,0
ENSP00000237596,961,-1.58,-2.05,-1.27,-1.38,-1.97,-1.31
ENSP00000237596,962,-1.03,-1.88,-1.57,-1.81,-1.73,0
ENSP00000237596,963,-0.63,-1.43,-1.02,-1.04,-1.66,-0.64
ENSP00000237596,964,-0.63,-1.65,-1.29,-1.34,-1.97,-0.71
ENSP00000237596,965,-1.26,-1.77,-1.06,-0.99,-1.8,-1.15
ENSP00000237596,966,-0.69,-1.15,-1.41,-1.35,-1.03,-1.22
ENSP00000237596,967,-1.34,-1.64,-0.94,-0.96,-1.39,-1.24
ENSP00000237596,968,-0.48,-0.82,-1.1,-0.91,-0.92,-0.79
