GENE_ID,TRANSCRIPT,TRANSCRIPT CHANGE,PROTEIN CHANGE,AA_POS,AA_CHANGE,MUTATION,ALLELE COUNT,ALLELE FREQUENCY,
SOD1,ENST00000270142,ENST00000270142.6:c.34G>T,ENSP00000270142.6:p.Asp12Tyr,12,D/Y,D12Y,1,8.24E-06,SOD1+D12Y
SOD1,ENST00000270142,ENST00000270142.6:c.59A>G,ENSP00000270142.6:p.Asn20Ser,20,N/S,N20S,10,8.24E-05,SOD1+N20S
SOD1,ENST00000270142,ENST00000270142.6:c.77G>C,ENSP00000270142.6:p.Ser26Thr,26,S/T,S26T,2,1.65E-05,SOD1+S26T
SOD1,ENST00000270142,ENST00000270142.6:c.77G>A,ENSP00000270142.6:p.Ser26Asn,26,S/N,S26N,2,1.65E-05,SOD1+S26N
SOD1,ENST00000270142,ENST00000270142.6:c.104G>T,ENSP00000270142.6:p.Ser35Ile,35,S/I,S35I,1,8.24E-06,SOD1+S35I
SOD1,ENST00000270142,ENST00000270142.6:c.139C>T,ENSP00000270142.6:p.His47Tyr,47,H/Y,H47Y,1,8.24E-06,SOD1+H47Y
SOD1,ENST00000270142,ENST00000270142.6:c.149A>T,ENSP00000270142.6:p.Glu50Val,50,E/V,E50V,1,8.24E-06,SOD1+E50V
SOD1,ENST00000270142,ENST00000270142.6:c.152T>G,ENSP00000270142.6:p.Phe51Cys,51,F/C,F51C,1,8.24E-06,SOD1+F51C
SOD1,ENST00000270142,ENST00000270142.6:c.206C>T,ENSP00000270142.6:p.Ser69Phe,69,S/F,S69F,2,1.65E-05,SOD1+S69F
SOD1,ENST00000270142,ENST00000270142.6:c.217G>A,ENSP00000270142.6:p.Gly73Ser,73,G/S,G73S,1,8.24E-06,SOD1+G73S
SOD1,ENST00000270142,ENST00000270142.6:c.272A>C,ENSP00000270142.6:p.Asp91Ala,91,D/A,D91A,136,0.00112,SOD1+D91A
SOD1,ENST00000270142,ENST00000270142.6:c.278A>G,ENSP00000270142.6:p.Asp93Gly,93,D/G,D93G,1,8.24E-06,SOD1+D93G
SOD1,ENST00000270142,ENST00000270142.6:c.289G>A,ENSP00000270142.6:p.Asp97Asn,97,D/N,D97N,4,3.30E-05,SOD1+D97N
SOD1,ENST00000270142,ENST00000270142.6:c.298A>G,ENSP00000270142.6:p.Ile100Val,100,I/V,I100V,1,8.24E-06,SOD1+I100V
SOD1,ENST00000270142,ENST00000270142.6:c.328G>T,ENSP00000270142.6:p.Asp110Tyr,110,D/Y,D110Y,1,8.24E-06,SOD1+D110Y
SOD1,ENST00000270142,ENST00000270142.6:c.342T>G,ENSP00000270142.6:p.Ile114Met,114,I/M,I114M,1,8.24E-06,SOD1+I114M
SOD1,ENST00000270142,ENST00000270142.6:c.404G>A,ENSP00000270142.6:p.Ser135Asn,135,S/N,S135N,1,8.24E-06,SOD1+S135N
SOD1,ENST00000270142,ENST00000270142.6:c.407C>T,ENSP00000270142.6:p.Thr136Ile,136,T/I,T136I,1,8.24E-06,SOD1+T136I
SOD1,ENST00000270142,ENST00000270142.6:c.430C>G,ENSP00000270142.6:p.Arg144Gly,144,R/G,R144G,1,8.24E-06,SOD1+R144G
SOD1,ENST00000270142,ENST00000270142.6:c.445G>A,ENSP00000270142.6:p.Val149Ile,149,V/I,V149I,3,2.47E-05,SOD1+V149I
SOD1,ENST00000270142,ENST00000270142.6:c.457G>A,ENSP00000270142.6:p.Ala153Thr,153,A/T,A153T,3,2.47E-05,SOD1+A153T